{"type":"FeatureCollection","features":[{"type":"Feature","properties":{"id":26},"geometry":{"type":"MultiPolygon","coordinates":[[[[135.0367,35.53733],[134.9959,35.53533],[134.9592,35.513],[134.9265,35.51253],[134.91431,35.5448],[134.8542,35.58813],[134.8725,35.61967],[134.8671,35.65807],[134.882,35.65893],[134.88341,35.64673],[134.9353,35.65053],[134.9659,35.66553],[134.98491,35.69233],[135.0222,35.68953],[135.0607,35.70807],[135.0817,35.72353],[135.08569,35.7398],[135.1235,35.7458],[135.13831,35.75767],[135.1441,35.75027],[135.18539,35.76593],[135.2045,35.76387],[135.22301,35.7792],[135.2531,35.75933],[135.257,35.74453],[135.2733,35.74247],[135.2742,35.73033],[135.2872,35.72593],[135.286,35.70507],[135.308,35.6944],[135.2993,35.6788],[135.3029,35.6628],[135.28799,35.66473],[135.2939,35.67366],[135.2874,35.6756],[135.26801,35.6674],[135.24431,35.62053],[135.1926,35.57113],[135.1931,35.53827],[135.2081,35.54267],[135.2041,35.55873],[135.22369,35.56753],[135.2278,35.5858],[135.2412,35.58427],[135.2547,35.59887],[135.25549,35.58867],[135.2469,35.58653],[135.2507,35.5702],[135.2739,35.56087],[135.254,35.55273],[135.2449,35.56133],[135.23689,35.5458],[135.2442,35.53587],[135.2673,35.53387],[135.28821,35.51553],[135.3098,35.5124],[135.32339,35.5256],[135.33031,35.517],[135.3297,35.4922],[135.3114,35.459],[135.3163,35.4512],[135.34669,35.47527],[135.3407,35.4798],[135.3468,35.494],[135.37801,35.4908],[135.3718,35.477],[135.39751,35.4788],[135.40041,35.5006],[135.3904,35.50787],[135.3963,35.5152],[135.3813,35.5032],[135.3445,35.50413],[135.34869,35.52047],[135.33591,35.53393],[135.3423,35.5518],[135.3486,35.54313],[135.37801,35.56133],[135.4263,35.56653],[135.4337,35.59073],[135.4619,35.60347],[135.4481,35.57907],[135.4521,35.56747],[135.4655,35.57047],[135.4657,35.56207],[135.4865,35.558],[135.4599,35.5472],[135.44901,35.52353],[135.47481,35.50487],[135.4754,35.48907],[135.45911,35.46753],[135.4968,35.43773],[135.4958,35.42507],[135.5253,35.42067],[135.5285,35.37973],[135.64191,35.3668],[135.7007,35.34373],[135.71851,35.35527],[135.7684,35.35607],[135.7637,35.34453],[135.80901,35.31614],[135.8313,35.27613],[135.85811,35.28913],[135.8291,35.22073],[135.8439,35.16987],[135.8558,35.15947],[135.8353,35.09087],[135.83549,35.059],[135.815,35.04613],[135.8334,35.02233],[135.8347,35.0128],[135.8199,35.01287],[135.8351,35.0032],[135.8268,34.99113],[135.8493,34.991],[135.85251,34.97073],[135.8782,34.94747],[135.8625,34.90294],[135.86639,34.89227],[135.89799,34.8712],[135.94051,34.8932],[135.94569,34.85173],[135.9614,34.85373],[135.9707,34.8384],[136.005,34.84274],[136.0047,34.8282],[136.02811,34.8192],[136.01041,34.80073],[136.03349,34.77887],[136.0285,34.7572],[136.05521,34.7384],[136.04269,34.73607],[136.0285,34.7062],[135.9859,34.71513],[135.9754,34.74093],[135.955,34.74767],[135.94279,34.738],[135.9254,34.74027],[135.9254,34.75753],[135.89819,34.73147],[135.89,34.70867],[135.8486,34.70593],[135.7551,34.72747],[135.7334,34.75467],[135.72839,34.77787],[135.74471,34.80433],[135.70979,34.8466],[135.6955,34.8482],[135.6749,34.89867],[135.64861,34.9094],[135.6503,34.92307],[135.63071,34.93527],[135.5999,34.928],[135.6176,34.95753],[135.6129,34.97133],[135.5733,34.97167],[135.57831,34.95573],[135.5636,34.9536],[135.55679,34.93807],[135.58,34.937],[135.5807,34.9236],[135.54179,34.91533],[135.5132,34.94387],[135.49001,34.9418],[135.481,34.94947],[135.4901,34.96767],[135.4874,34.99193],[135.4361,35.00827],[135.423,35.00227],[135.4099,35.01093],[135.3821,35.01014],[135.3688,35.0536],[135.3992,35.07613],[135.40311,35.0894],[135.3885,35.09713],[135.3894,35.1288],[135.34351,35.13573],[135.3405,35.14993],[135.2822,35.14493],[135.28979,35.16987],[135.2738,35.17707],[135.2327,35.1774],[135.2245,35.16393],[135.2067,35.16087],[135.1869,35.1718],[135.1967,35.20287],[135.15559,35.2262],[135.1662,35.2402],[135.15829,35.25993],[135.10899,35.26627],[135.0675,35.2372],[135.0565,35.264],[135.00999,35.2698],[135.00951,35.28367],[134.99879,35.29107],[134.9256,35.3112],[134.9185,35.36447],[134.93381,35.4074],[134.9586,35.40907],[134.9895,35.38627],[135.0192,35.39447],[135.0291,35.4096],[135.04829,35.4074],[135.0495,35.45107],[135.0358,35.47533],[135.0417,35.4934],[135.03281,35.49726],[135.04469,35.50853],[135.0367,35.53733]]],[[[135.4231,35.67646],[135.4214,35.67973],[135.4234,35.68373],[135.4243,35.6882],[135.42731,35.68247],[135.4231,35.67646]]],[[[135.4782,35.5932],[135.4761,35.59913],[135.4796,35.6042],[135.4782,35.5932]]],[[[135.3389,35.4936],[135.33881,35.4968],[135.34041,35.4986],[135.3474,35.49713],[135.3472,35.49593],[135.3389,35.4936]]]]}},{"type":"Feature","properties":{"id":41},"geometry":{"type":"MultiPolygon","coordinates":[[[[129.8622,33.58753],[129.8479,33.5998],[129.86119,33.61827],[129.8622,33.58753]]],[[[129.8933,33.5932],[129.8967,33.60373],[129.90179,33.59633],[129.8933,33.5932]]],[[[129.83679,33.58373],[129.8383,33.58813],[129.8452,33.58653],[129.83679,33.58373]]],[[[129.757,33.5634],[129.7412,33.57813],[129.7679,33.582],[129.7726,33.5736],[129.757,33.5634]]],[[[129.8741,33.5438],[129.8804,33.56747],[129.892,33.55613],[129.8741,33.5438]]],[[[130.0387,33.46973],[130.08749,33.46887],[130.10699,33.4776],[130.1384,33.47047],[130.15001,33.4774],[130.1748,33.46627],[130.198,33.48107],[130.2468,33.47067],[130.2766,33.47827],[130.3555,33.43347],[130.39529,33.42733],[130.4144,33.41027],[130.4102,33.395],[130.43739,33.4006],[130.444,33.41727],[130.4962,33.4448],[130.5116,33.44933],[130.53619,33.4382],[130.5352,33.3428],[130.5098,33.3438],[130.49741,33.32573],[130.479,33.33073],[130.4863,33.31227],[130.4554,33.30167],[130.4668,33.2886],[130.45261,33.28313],[130.4489,33.265],[130.43961,33.26487],[130.431,33.29247],[130.4146,33.2532],[130.40109,33.249],[130.3907,33.25993],[130.38431,33.24033],[130.37131,33.243],[130.3766,33.2204],[130.33861,33.20327],[130.3524,33.18033],[130.3549,33.1404],[130.2878,33.14687],[130.285,33.16153],[130.24541,33.20287],[130.24651,33.19233],[130.2149,33.19933],[130.23061,33.18873],[130.22169,33.16533],[130.149,33.11267],[130.1219,33.12473],[130.1277,33.10847],[130.1123,33.10113],[130.1301,33.10427],[130.13409,33.09806],[130.1255,33.09327],[130.1398,33.09433],[130.14371,33.07313],[130.1683,33.05167],[130.19031,32.99113],[130.2206,32.97513],[130.2198,32.95953],[130.08569,32.9748],[130.0752,32.98727],[130.05031,32.993],[130.0244,33.0208],[130.0087,33.019],[129.9935,33.04773],[129.9389,33.07273],[129.9325,33.088],[129.92149,33.0904],[129.9256,33.10747],[129.9545,33.1166],[129.9425,33.16433],[129.8877,33.15627],[129.81799,33.18347],[129.80659,33.21013],[129.8134,33.24207],[129.7588,33.29027],[129.7755,33.3322],[129.7899,33.34033],[129.81439,33.3226],[129.81259,33.31467],[129.8197,33.3156],[129.8129,33.30907],[129.836,33.28673],[129.8528,33.29213],[129.82739,33.3124],[129.8484,33.32867],[129.8273,33.33727],[129.8474,33.33687],[129.8465,33.36193],[129.8663,33.37373],[129.868,33.40753],[129.82269,33.4118],[129.8307,33.4218],[129.78281,33.45407],[129.8062,33.45733],[129.79359,33.47127],[129.8055,33.485],[129.8259,33.4782],[129.8261,33.468],[129.8382,33.46214],[129.83521,33.4436],[129.85789,33.4538],[129.8497,33.47507],[129.83141,33.4762],[129.8443,33.4786],[129.8273,33.5176],[129.85629,33.50547],[129.8396,33.5222],[129.8562,33.51913],[129.84509,33.55527],[129.87489,33.53707],[129.8744,33.51613],[129.88499,33.52173],[129.8821,33.53954],[129.8936,33.53767],[129.8958,33.5494],[129.91609,33.54187],[129.9278,33.55067],[129.9288,33.537],[129.95599,33.52947],[129.967,33.5086],[129.95259,33.5032],[129.9362,33.4786],[129.95461,33.46933],[129.9624,33.48354],[129.97,33.47627],[129.9585,33.46453],[129.9671,33.4552],[130.01939,33.44627],[130.04021,33.4558],[130.0387,33.46973]]],[[[129.96739,33.52713],[129.96449,33.53893],[129.97209,33.5432],[129.9772,33.53487],[129.96739,33.52713]]],[[[129.9886,33.47207],[129.9856,33.47313],[129.9928,33.47767],[129.9886,33.47207]]],[[[129.85629,33.40213],[129.8558,33.40487],[129.8567,33.40393],[129.858,33.4024],[129.8569,33.40273],[129.85629,33.40213]]],[[[129.86009,33.39947],[129.8614,33.40167],[129.8643,33.40287],[129.8656,33.40273],[129.86009,33.39947]]],[[[129.8353,33.31893],[129.8351,33.32146],[129.83521,33.32273],[129.83859,33.31913],[129.8353,33.31893]]],[[[130.2173,32.95053],[130.21269,32.9546],[130.222,32.9584],[130.2173,32.95053]]]]}},{"type":"Feature","properties":{"id":43},"geometry":{"type":"MultiPolygon","coordinates":[[[[131.1104,33.18313],[131.1597,33.14087],[131.1736,33.0834],[131.21449,33.055],[131.2271,33.01093],[131.2468,32.9952],[131.2468,32.98227],[131.2628,32.9762],[131.24519,32.9586],[131.2549,32.89186],[131.3286,32.83287],[131.26489,32.8262],[131.23441,32.78113],[131.2444,32.77133],[131.23419,32.7442],[131.1788,32.71113],[131.1747,32.67253],[131.1429,32.67607],[131.1162,32.64273],[131.11931,32.60574],[131.1073,32.58307],[131.05029,32.58653],[131.039,32.55653],[131.01711,32.54547],[131.0249,32.52087],[131.0098,32.51547],[131.0062,32.49253],[131.019,32.43947],[131.04221,32.40907],[131.0665,32.4074],[131.0782,32.37333],[131.0735,32.35747],[131.0934,32.35013],[131.1105,32.32847],[131.0779,32.28127],[131.05029,32.28627],[131.05209,32.266],[131.0415,32.2502],[131.0708,32.23673],[131.06821,32.22513],[131.0827,32.20713],[131.0997,32.2014],[131.10811,32.15993],[131.0963,32.1528],[131.0583,32.15533],[131.0127,32.1738],[130.9722,32.13367],[130.9724,32.12113],[130.9328,32.1162],[130.9044,32.13313],[130.85651,32.09953],[130.83861,32.10667],[130.82021,32.09487],[130.7581,32.09666],[130.7343,32.10873],[130.7197,32.1006],[130.70129,32.10573],[130.6541,32.13547],[130.6507,32.15107],[130.6218,32.1558],[130.604,32.18687],[130.59081,32.18587],[130.5954,32.1768],[130.58141,32.1546],[130.5414,32.14927],[130.5386,32.137],[130.476,32.13887],[130.47481,32.12213],[130.45329,32.1134],[130.4035,32.11967],[130.36,32.1678],[130.36661,32.17293],[130.35941,32.18033],[130.379,32.176],[130.3718,32.20267],[130.4016,32.23533],[130.4218,32.23793],[130.4326,32.22934],[130.43941,32.23667],[130.424,32.2504],[130.4352,32.2532],[130.4274,32.26406],[130.4487,32.27173],[130.4492,32.2884],[130.45731,32.2898],[130.4644,32.2768],[130.4642,32.29607],[130.472,32.28607],[130.489,32.29613],[130.47121,32.30114],[130.4641,32.32627],[130.48019,32.3268],[130.4823,32.34473],[130.5054,32.3538],[130.48669,32.3598],[130.489,32.3658],[130.5464,32.42207],[130.5732,32.43407],[130.564,32.45587],[130.56891,32.47527],[130.5471,32.47713],[130.5415,32.49527],[130.5661,32.5032],[130.55431,32.51127],[130.5726,32.5094],[130.5365,32.5252],[130.5388,32.5332],[130.5556,32.54287],[130.56151,32.53767],[130.60049,32.58653],[130.60831,32.5934],[130.616,32.5876],[130.63341,32.60327],[130.6163,32.61727],[130.6393,32.62347],[130.6532,32.61293],[130.6595,32.63133],[130.651,32.6424],[130.593,32.62254],[130.54269,32.62487],[130.5108,32.6116],[130.459,32.60667],[130.45039,32.62307],[130.4593,32.633],[130.53551,32.66467],[130.56641,32.6988],[130.6075,32.71293],[130.6075,32.74567],[130.5994,32.76467],[130.5901,32.7638],[130.5993,32.76493],[130.59669,32.77533],[130.61349,32.79247],[130.589,32.82587],[130.5778,32.82853],[130.5834,32.84153],[130.5229,32.85173],[130.5229,32.88127],[130.47549,32.90487],[130.46179,32.90127],[130.4601,32.91927],[130.45081,32.90893],[130.4433,32.91447],[130.429,32.9962],[130.4164,32.99373],[130.41319,33.00286],[130.50529,33.0032],[130.51511,33.01207],[130.4968,33.0522],[130.5307,33.06427],[130.54111,33.08207],[130.565,33.0872],[130.5609,33.104],[130.5797,33.11567],[130.6588,33.11007],[130.66679,33.15707],[130.6792,33.1712],[130.69051,33.15187],[130.7305,33.1546],[130.7708,33.12447],[130.8389,33.10393],[130.84489,33.09207],[130.88631,33.08653],[130.8979,33.0646],[130.91949,33.0526],[130.9491,33.05093],[130.9693,33.02373],[130.98801,33.0236],[131.0106,33.0426],[131.0166,33.06307],[131.01041,33.072],[131.0231,33.0874],[130.9776,33.14053],[130.99161,33.18327],[131.01331,33.1772],[131.0383,33.19433],[131.0578,33.19473],[131.1104,33.18313]]],[[[130.4223,32.54607],[130.40331,32.55233],[130.41521,32.58127],[130.3931,32.58653],[130.4101,32.61447],[130.4243,32.60367],[130.41901,32.61747],[130.4295,32.61333],[130.4406,32.62547],[130.45711,32.61407],[130.4406,32.5952],[130.4576,32.58807],[130.44189,32.56913],[130.45241,32.554],[130.41949,32.55207],[130.4223,32.54607]]],[[[130.487,32.57627],[130.4893,32.5922],[130.47951,32.5902],[130.4826,32.59874],[130.4726,32.6032],[130.50771,32.60674],[130.51021,32.594],[130.487,32.57627]]],[[[130.3405,32.5992],[130.33459,32.59967],[130.3297,32.605],[130.3344,32.60647],[130.34221,32.6042],[130.3405,32.5992]]],[[[130.4489,32.594],[130.4482,32.59694],[130.4494,32.59747],[130.451,32.59734],[130.4489,32.594]]],[[[130.4706,32.59293],[130.47031,32.5946],[130.4726,32.59433],[130.47101,32.59307],[130.4706,32.59293]]],[[[130.46381,32.5398],[130.46021,32.5722],[130.472,32.58767],[130.48601,32.5712],[130.46381,32.5398]]],[[[130.3822,32.57967],[130.38831,32.58653],[130.38989,32.58327],[130.3822,32.57967]]],[[[130.4543,32.56687],[130.45241,32.56754],[130.4552,32.57307],[130.4556,32.57207],[130.4543,32.56687]]],[[[130.10431,32.5498],[130.1127,32.55267],[130.1218,32.5518],[130.1218,32.5504],[130.11549,32.54987],[130.10431,32.5498]]],[[[130.3533,32.4048],[130.3492,32.42127],[130.32851,32.39847],[130.2854,32.39833],[130.2738,32.41213],[130.2608,32.4104],[130.25169,32.38754],[130.2336,32.3848],[130.2455,32.39567],[130.2444,32.40793],[130.2283,32.41987],[130.2256,32.41153],[130.2108,32.4308],[130.21629,32.42113],[130.20531,32.41987],[130.19279,32.3884],[130.2189,32.39187],[130.2238,32.36607],[130.21069,32.35747],[130.20351,32.32553],[130.172,32.31027],[130.1666,32.3246],[130.17551,32.33927],[130.16209,32.32887],[130.15781,32.33573],[130.1561,32.31207],[130.14191,32.31707],[130.1389,32.29733],[130.1653,32.29667],[130.1442,32.28127],[130.1364,32.29087],[130.1073,32.26453],[130.10629,32.25373],[130.0916,32.255],[130.101,32.23687],[130.0898,32.22733],[130.08411,32.23947],[130.09061,32.243],[130.0795,32.2428],[130.08211,32.2312],[130.0712,32.22467],[130.0853,32.2196],[130.0771,32.2124],[130.0575,32.211],[130.0442,32.199],[130.0424,32.20893],[130.02791,32.21394],[130.0312,32.19653],[130.02229,32.1886],[130.01219,32.1892],[130.01131,32.2014],[129.99991,32.19013],[129.98999,32.199],[129.9996,32.2206],[130.00391,32.21107],[130.0127,32.22033],[130.01021,32.23747],[129.98779,32.2408],[129.9985,32.2532],[129.98579,32.242],[129.96739,32.24267],[129.99179,32.28407],[130.0117,32.29867],[130.02451,32.30107],[130.0316,32.2744],[130.0278,32.2988],[130.0509,32.30273],[130.0448,32.2916],[130.0603,32.27747],[130.0663,32.2876],[130.0603,32.29587],[130.0699,32.29953],[130.04089,32.31427],[130.0307,32.30287],[130.0242,32.31593],[129.99429,32.30653],[129.9929,32.321],[129.9874,32.31673],[129.9765,32.32967],[129.9753,32.3582],[129.992,32.37447],[129.98759,32.38313],[130.0023,32.40267],[130.0058,32.4278],[130.0457,32.4886],[130.03101,32.52087],[130.0119,32.52887],[130.01939,32.5348],[130.03571,32.5362],[130.0416,32.5284],[130.03281,32.53093],[130.0331,32.5214],[130.0434,32.5124],[130.11751,32.548],[130.185,32.5476],[130.19791,32.53593],[130.19211,32.49687],[130.2072,32.4728],[130.1963,32.463],[130.19949,32.44767],[130.2578,32.47873],[130.2888,32.48387],[130.317,32.5174],[130.33279,32.5214],[130.33971,32.5142],[130.35991,32.52813],[130.37241,32.5166],[130.3828,32.52414],[130.3784,32.51313],[130.3885,32.514],[130.39191,32.49947],[130.41769,32.5242],[130.4277,32.51647],[130.4369,32.52694],[130.4536,32.521],[130.4599,32.53007],[130.4278,32.45547],[130.4079,32.43527],[130.42191,32.43247],[130.4126,32.42173],[130.4017,32.42553],[130.41,32.41433],[130.40289,32.3946],[130.3797,32.38247],[130.3647,32.389],[130.3553,32.3768],[130.3456,32.39573],[130.3533,32.4048]]],[[[130.3891,32.54293],[130.3876,32.5452],[130.39059,32.54693],[130.3947,32.54487],[130.3891,32.54293]]],[[[130.4175,32.53833],[130.4046,32.5444],[130.4277,32.54313],[130.4175,32.53833]]],[[[130.19321,32.53987],[130.1953,32.54374],[130.1972,32.54367],[130.19681,32.54067],[130.19321,32.53987]]],[[[130.4014,32.53573],[130.3936,32.53954],[130.4048,32.5432],[130.4014,32.53573]]],[[[130.43761,32.53167],[130.4351,32.53173],[130.4379,32.53814],[130.43941,32.53727],[130.43761,32.53167]]],[[[130.4334,32.52847],[130.4312,32.52887],[130.4299,32.532],[130.4313,32.5326],[130.4334,32.53114],[130.43581,32.5292],[130.4334,32.52847]]],[[[130.3732,32.52733],[130.3718,32.5282],[130.3718,32.53067],[130.3728,32.53254],[130.3732,32.52733]]],[[[130.4261,32.5208],[130.4229,32.52554],[130.43069,32.5262],[130.4261,32.5208]]],[[[130.4895,32.48367],[130.4968,32.48867],[130.5016,32.48547],[130.4895,32.48367]]],[[[130.2291,32.4036],[130.228,32.4038],[130.23,32.40714],[130.2314,32.40627],[130.2303,32.40467],[130.2291,32.4036]]],[[[130.2318,32.3992],[130.22951,32.3998],[130.23061,32.4026],[130.23131,32.40093],[130.2328,32.40113],[130.2318,32.3992]]],[[[130.41901,32.36727],[130.4072,32.39147],[130.41341,32.39907],[130.42661,32.3794],[130.43581,32.38173],[130.41901,32.36727]]],[[[130.3266,32.3858],[130.32561,32.39233],[130.3273,32.3954],[130.32851,32.3948],[130.3299,32.39487],[130.3266,32.3858]]],[[[130.4063,32.38713],[130.3976,32.38727],[130.4023,32.38907],[130.4063,32.38713]]],[[[130.3363,32.38387],[130.33971,32.3888],[130.34,32.39],[130.3434,32.39233],[130.3363,32.38387]]],[[[130.31889,32.37033],[130.3261,32.37954],[130.3239,32.37627],[130.31889,32.37033]]],[[[130.2299,32.36553],[130.2305,32.37513],[130.2347,32.37333],[130.2299,32.36553]]],[[[130.3047,32.3668],[130.3083,32.3738],[130.3089,32.3722],[130.3093,32.37114],[130.3047,32.3668]]],[[[130.3474,32.36067],[130.3409,32.36927],[130.34891,32.37307],[130.35429,32.3652],[130.3474,32.36067]]],[[[130.3091,32.33913],[130.3233,32.3482],[130.3015,32.3506],[130.3027,32.36307],[130.311,32.3586],[130.3203,32.36694],[130.3232,32.35693],[130.32671,32.3642],[130.34019,32.35573],[130.33681,32.34673],[130.3091,32.33913]]],[[[130.358,32.35107],[130.3567,32.3522],[130.358,32.35613],[130.36031,32.35407],[130.358,32.35107]]],[[[130.3017,32.30387],[130.3205,32.31687],[130.33099,32.3142],[130.3293,32.3324],[130.3459,32.34993],[130.3734,32.34827],[130.3441,32.31273],[130.3017,32.30387]]],[[[130.2874,32.33653],[130.284,32.33653],[130.28661,32.33887],[130.2876,32.34007],[130.2892,32.3408],[130.2874,32.33653]]],[[[130.21167,32.33648],[130.21047,32.33766],[130.21264,32.33766],[130.21167,32.33648]]],[[[130.2993,32.32253],[130.29379,32.33294],[130.30251,32.33587],[130.2993,32.32253]]],[[[130.1357,32.26213],[130.1367,32.2752],[130.1461,32.27493],[130.1357,32.26213]]],[[[129.9697,32.20093],[129.97189,32.20733],[129.9744,32.20713],[129.9749,32.20673],[129.9726,32.20327],[129.9697,32.20093]]],[[[130.0708,32.194],[130.0773,32.2012],[130.07809,32.19547],[130.0708,32.194]]],[[[130.3624,32.1944],[130.3602,32.19627],[130.36349,32.19973],[130.3652,32.1996],[130.3667,32.19967],[130.368,32.2],[130.3624,32.1944]]],[[[130.0461,32.15667],[130.0313,32.1748],[130.0164,32.16247],[130.01891,32.186],[130.03819,32.1836],[130.03169,32.17987],[130.0463,32.16987],[130.0461,32.15667]]],[[[129.9726,32.17727],[129.9697,32.1786],[129.9648,32.18093],[129.9632,32.1866],[129.96649,32.18567],[129.96919,32.1842],[129.9726,32.17727]]],[[[130.01289,32.18287],[130.0134,32.18627],[130.01491,32.18627],[130.01469,32.183],[130.01289,32.18287]]],[[[130.0477,32.17406],[130.0414,32.17853],[130.0453,32.1776],[130.0466,32.1758],[130.0477,32.17406]]],[[[130.05211,32.162],[130.0511,32.16947],[130.0536,32.1646],[130.0555,32.16247],[130.05211,32.162]]],[[[130.04469,32.15333],[130.0405,32.15387],[130.0414,32.15813],[130.04221,32.15447],[130.0444,32.15413],[130.04469,32.15333]]],[[[129.9738,32.14433],[129.9711,32.1446],[129.9725,32.14907],[129.9731,32.14527],[129.9738,32.14433]]]]}},{"type":"Feature","properties":{"id":37},"geometry":{"type":"MultiPolygon","coordinates":[[[[134.332,34.56313],[134.3495,34.56407],[134.3461,34.55613],[134.36481,34.56107],[134.3443,34.54567],[134.3595,34.53013],[134.3425,34.48473],[134.3528,34.4758],[134.33501,34.44814],[134.3378,34.4342],[134.31891,34.458],[134.30099,34.4572],[134.2838,34.442],[134.27769,34.4468],[134.2861,34.44747],[134.2883,34.46213],[134.3149,34.459],[134.31281,34.4768],[134.29671,34.4798],[134.26711,34.46747],[134.25031,34.425],[134.23199,34.41453],[134.2243,34.42593],[134.2364,34.43753],[134.2236,34.43727],[134.2413,34.45807],[134.22771,34.48047],[134.21561,34.47334],[134.19431,34.48433],[134.1517,34.46033],[134.1413,34.4698],[134.1568,34.49287],[134.1803,34.48733],[134.1642,34.5072],[134.15601,34.50473],[134.17149,34.52893],[134.1861,34.51593],[134.23669,34.529],[134.2618,34.552],[134.3028,34.5488],[134.332,34.56313]]],[[[134.1595,34.5276],[134.15919,34.53067],[134.16051,34.5306],[134.1595,34.5276]]],[[[134.15581,34.51747],[134.1604,34.5218],[134.1622,34.51773],[134.15581,34.51747]]],[[[134.1461,34.51633],[134.14709,34.5208],[134.1524,34.5194],[134.1461,34.51633]]],[[[133.9698,34.50393],[133.9691,34.505],[133.9693,34.51027],[133.9722,34.51247],[133.9734,34.51033],[133.9749,34.50607],[133.9698,34.50393]]],[[[134.0069,34.4982],[134.02341,34.50687],[134.02049,34.4788],[134.0069,34.4982]]],[[[133.97459,34.49927],[133.9736,34.5016],[133.9762,34.5032],[133.97791,34.50386],[133.9782,34.5032],[133.9787,34.50133],[133.97459,34.49927]]],[[[134.0795,34.4598],[134.0359,34.4826],[134.08189,34.49993],[134.10229,34.49167],[134.1028,34.47993],[134.0795,34.4598]]],[[[133.98109,34.48773],[133.9774,34.4916],[133.97839,34.4952],[133.9801,34.49207],[133.9841,34.49373],[133.98109,34.48773]]],[[[133.9888,34.47947],[133.9895,34.483],[133.9921,34.48687],[133.9937,34.48433],[133.9888,34.47947]]],[[[134.1171,34.47287],[134.1091,34.4784],[134.1274,34.48187],[134.1171,34.47287]]],[[[133.97231,34.474],[133.9716,34.48046],[133.9724,34.47847],[133.97549,34.47887],[133.976,34.47673],[133.97231,34.474]]],[[[133.9913,34.44313],[133.9736,34.45307],[133.9679,34.47847],[133.9808,34.47693],[134.0018,34.45127],[134.01201,34.4534],[133.9913,34.44313]]],[[[133.9968,34.4706],[133.9929,34.4748],[133.99139,34.47653],[133.994,34.47827],[133.9968,34.47573],[133.9993,34.47567],[133.9968,34.4706]]],[[[133.9581,34.4684],[133.9556,34.4684],[133.9545,34.46947],[133.9502,34.47346],[133.9529,34.47773],[133.95641,34.4726],[133.9581,34.4684]]],[[[134.1851,34.46773],[134.1851,34.47033],[134.18781,34.47267],[134.1899,34.47093],[134.1851,34.46773]]],[[[134.00101,34.46053],[134.0006,34.47213],[134.00841,34.47133],[134.00101,34.46053]]],[[[133.9586,34.45447],[133.9646,34.46173],[133.9671,34.45507],[133.9586,34.45447]]],[[[134.3231,34.44567],[134.3203,34.44573],[134.32111,34.4476],[134.32381,34.44733],[134.3231,34.44567]]],[[[134.00661,34.4356],[134.006,34.44153],[134.0139,34.44033],[134.00661,34.4356]]],[[[134.349,34.4372],[134.3441,34.43987],[134.345,34.44033],[134.3495,34.43787],[134.349,34.4372]]],[[[134.0545,34.41627],[134.05991,34.434],[134.0639,34.42147],[134.0545,34.41627]]],[[[133.80659,34.4128],[133.7953,34.42533],[133.8049,34.42713],[133.80659,34.4128]]],[[[134.12241,34.4162],[134.1239,34.41986],[134.1252,34.42073],[134.12759,34.41986],[134.12669,34.41693],[134.12241,34.4162]]],[[[133.9194,34.41846],[133.9247,34.41873],[133.9232,34.41647],[133.9194,34.41846]]],[[[133.7787,34.41273],[133.77451,34.41387],[133.7805,34.415],[133.783,34.41286],[133.78101,34.4132],[133.7787,34.41273]]],[[[134.1022,34.4006],[134.10431,34.41427],[134.1109,34.4054],[134.1022,34.4006]]],[[[134.1218,34.41006],[134.12019,34.41006],[134.1201,34.41247],[134.1218,34.41213],[134.1218,34.41006]]],[[[134.1347,34.4096],[134.13589,34.41213],[134.13741,34.411],[134.1371,34.40973],[134.1347,34.4096]]],[[[133.66589,34.38247],[133.6517,34.4088],[133.67419,34.40987],[133.6768,34.3956],[133.66589,34.38247]]],[[[134.039,34.37933],[134.05501,34.40793],[134.05341,34.3904],[134.039,34.37933]]],[[[133.8107,34.40427],[133.8074,34.40434],[133.80859,34.4084],[133.81259,34.40793],[133.8107,34.40427]]],[[[133.7793,34.40173],[133.7782,34.40247],[133.78281,34.40714],[133.7843,34.4068],[133.7869,34.40547],[133.78931,34.4044],[133.7793,34.40173]]],[[[133.7639,34.36907],[133.7549,34.37],[133.7522,34.39827],[133.7635,34.3904],[133.77631,34.4008],[133.7946,34.389],[133.7639,34.36907]]],[[[133.6994,34.35167],[133.6852,34.36473],[133.71159,34.40033],[133.73,34.3712],[133.6994,34.35167]]],[[[134.1348,34.15133],[134.13789,34.1324],[134.1218,34.11867],[134.08011,34.12113],[134.0602,34.1114],[134.05031,34.11794],[134.0267,34.08653],[134.00931,34.08653],[133.9968,34.0738],[133.9718,34.07307],[133.9454,34.09193],[133.93851,34.11527],[133.90331,34.10067],[133.8922,34.108],[133.8329,34.09747],[133.82179,34.0922],[133.8195,34.07393],[133.79759,34.06953],[133.7774,34.07813],[133.7283,34.0442],[133.72031,34.022],[133.679,34.0124],[133.6658,34.02627],[133.6393,34.02587],[133.5979,34.0436],[133.62689,34.05287],[133.63361,34.0716],[133.63271,34.12307],[133.6479,34.19353],[133.6051,34.23327],[133.57159,34.2438],[133.5751,34.25633],[133.5571,34.26127],[133.58949,34.26007],[133.6218,34.23547],[133.6541,34.23413],[133.6716,34.24653],[133.67351,34.2218],[133.7366,34.2632],[133.7307,34.2786],[133.7404,34.27167],[133.74609,34.28527],[133.7513,34.2786],[133.77209,34.28833],[133.76151,34.29993],[133.77769,34.28953],[133.7814,34.30153],[133.7715,34.30553],[133.7813,34.30993],[133.7923,34.2942],[133.78841,34.308],[133.8286,34.32293],[133.8186,34.35293],[133.84,34.3608],[133.8284,34.34253],[133.8559,34.35773],[133.85649,34.3456],[133.8311,34.33347],[133.834,34.3248],[133.8645,34.32707],[133.8779,34.34467],[133.88499,34.34033],[133.8954,34.38306],[133.92059,34.3778],[133.927,34.3896],[133.94099,34.37473],[133.9588,34.37747],[133.9651,34.36233],[133.97591,34.37326],[134.00079,34.35107],[134.0457,34.3552],[134.05949,34.3478],[134.0632,34.35353],[134.0545,34.3562],[134.0697,34.362],[134.0683,34.34706],[134.0769,34.3616],[134.07899,34.3476],[134.0912,34.36393],[134.09109,34.3848],[134.12221,34.3606],[134.1163,34.3772],[134.1273,34.38713],[134.12041,34.3982],[134.1348,34.39973],[134.16209,34.3842],[134.1534,34.3426],[134.16501,34.32594],[134.19,34.332],[134.1817,34.3526],[134.2027,34.34293],[134.21291,34.3502],[134.20421,34.36507],[134.2101,34.3694],[134.2332,34.33727],[134.2491,34.35147],[134.26581,34.336],[134.26511,34.31967],[134.2468,34.30767],[134.26201,34.28287],[134.2697,34.28967],[134.2877,34.27554],[134.3067,34.27753],[134.3419,34.2532],[134.3636,34.24947],[134.3774,34.2616],[134.39571,34.2386],[134.4091,34.23667],[134.4075,34.2246],[134.4397,34.20787],[134.4287,34.18307],[134.4334,34.16986],[134.4184,34.15754],[134.3493,34.18533],[134.34261,34.1724],[134.3139,34.17713],[134.29739,34.16853],[134.29111,34.17907],[134.2594,34.18333],[134.1956,34.1722],[134.1734,34.17673],[134.1348,34.15133]]],[[[134.1734,34.3906],[134.1727,34.39813],[134.1752,34.39347],[134.1757,34.39087],[134.1734,34.3906]]],[[[133.9245,34.39227],[133.9211,34.3928],[133.922,34.39647],[133.9247,34.39333],[133.9245,34.39227]]],[[[133.8217,34.383],[133.8165,34.3838],[133.8134,34.3864],[133.81329,34.3932],[133.8201,34.39513],[133.8231,34.3912],[133.8217,34.383]]],[[[133.8317,34.38733],[133.82829,34.38967],[133.8279,34.39473],[133.8311,34.39307],[133.8317,34.38733]]],[[[133.65221,34.37367],[133.6465,34.37713],[133.64861,34.38313],[133.65221,34.37367]]],[[[133.85449,34.37127],[133.8503,34.37267],[133.8511,34.37393],[133.85449,34.37193],[133.85449,34.37127]]],[[[133.7739,34.3568],[133.78101,34.3636],[133.7865,34.35847],[133.7739,34.3568]]],[[[133.6218,34.331],[133.6187,34.35453],[133.6312,34.339],[133.6218,34.331]]],[[[133.6442,34.3338],[133.63921,34.33427],[133.6384,34.33653],[133.6386,34.33693],[133.645,34.33653],[133.6459,34.33553],[133.6442,34.3338]]],[[[133.67661,34.3056],[133.66341,34.3256],[133.6792,34.31726],[133.67661,34.3056]]],[[[133.62131,34.30107],[133.6218,34.3016],[133.6218,34.30127],[133.62131,34.30107]]],[[[133.6218,34.25593],[133.623,34.2864],[133.6387,34.2722],[133.655,34.28087],[133.6544,34.27053],[133.6328,34.26867],[133.6218,34.25593]]],[[[133.6805,34.2674],[133.6694,34.27013],[133.683,34.27113],[133.6805,34.2674]]],[[[133.6295,34.196],[133.6239,34.1988],[133.62531,34.20273],[133.6295,34.196]]],[[[133.6333,34.19226],[133.63029,34.19307],[133.63229,34.19467],[133.6333,34.1934],[133.63519,34.1934],[133.6333,34.19226]]],[[[133.45551,34.15267],[133.4516,34.1538],[133.4534,34.15527],[133.4558,34.15306],[133.45551,34.15267]]],[[[133.5314,34.1246],[133.526,34.13653],[133.5415,34.13073],[133.5314,34.1246]]]]}},{"type":"Feature","properties":{"id":23},"geometry":{"type":"MultiPolygon","coordinates":[[[[136.96091,35.41453],[136.993,35.42427],[136.978,35.40413],[137.0036,35.38113],[137.04739,35.365],[137.0472,35.33653],[137.0681,35.33513],[137.0722,35.32567],[137.063,35.31853],[137.0799,35.30647],[137.0817,35.29213],[137.09599,35.29073],[137.1022,35.3016],[137.14529,35.27987],[137.16521,35.28253],[137.18581,35.2532],[137.2224,35.25573],[137.2756,35.29053],[137.3078,35.29107],[137.3452,35.2726],[137.3443,35.2578],[137.38319,35.26013],[137.38921,35.24],[137.41699,35.2402],[137.4297,35.2228],[137.5054,35.2634],[137.52069,35.27393],[137.51959,35.28313],[137.56731,35.2896],[137.57021,35.28213],[137.5459,35.2532],[137.5768,35.22033],[137.57851,35.1984],[137.644,35.209],[137.65599,35.22807],[137.68221,35.23473],[137.7597,35.22147],[137.77699,35.2034],[137.838,35.21247],[137.80299,35.1832],[137.8232,35.16987],[137.82849,35.15373],[137.8145,35.15247],[137.80409,35.1306],[137.7925,35.1344],[137.8002,35.10533],[137.7919,35.09527],[137.7782,35.09953],[137.7746,35.07713],[137.71719,35.035],[137.7009,35.0032],[137.70711,34.97227],[137.69611,34.9714],[137.6752,34.9454],[137.66139,34.94567],[137.6398,34.89213],[137.59709,34.8722],[137.58681,34.84993],[137.55099,34.85167],[137.502,34.8328],[137.4868,34.8114],[137.4928,34.78673],[137.47681,34.77353],[137.47481,34.7532],[137.491,34.70013],[137.4839,34.6738],[137.34109,34.6476],[137.1443,34.5904],[137.0175,34.57827],[137.05699,34.64907],[137.07401,34.66227],[137.0894,34.6568],[137.0843,34.6466],[137.10629,34.64253],[137.10229,34.63273],[137.1185,34.6348],[137.14,34.6452],[137.13091,34.65593],[137.15691,34.65447],[137.2054,34.6772],[137.224,34.67587],[137.24831,34.69466],[137.24559,34.7061],[137.26082,34.69576],[137.2616,34.7158],[137.2847,34.73087],[137.3008,34.7278],[137.3008,34.69373],[137.29041,34.69373],[137.28459,34.67887],[137.3069,34.6784],[137.3156,34.68833],[137.3114,34.6962],[137.325,34.7022],[137.3096,34.7006],[137.3082,34.7248],[137.3327,34.71887],[137.3515,34.7274],[137.3203,34.7326],[137.32089,34.77094],[137.33051,34.7806],[137.2979,34.81047],[137.2509,34.80553],[137.21609,34.82293],[137.2226,34.81667],[137.20979,34.8028],[137.1944,34.80927],[137.18961,34.7762],[137.1705,34.7652],[137.1772,34.7806],[137.1682,34.7876],[137.1506,34.78226],[137.1357,34.78887],[137.1328,34.78233],[137.1055,34.79113],[137.0873,34.77547],[137.0761,34.78653],[137.0273,34.77733],[136.9968,34.81613],[136.96005,34.82853],[136.95088,34.82336],[136.95992,34.8287],[136.955,34.8548],[136.9836,34.89327],[136.9771,34.89693],[136.9826,34.9592],[136.957,34.88107],[136.96249,34.87407],[136.94389,34.88073],[136.9341,34.8746],[136.9458,34.87407],[136.9395,34.86127],[136.9279,34.86553],[136.93668,34.85426],[136.9268,34.8522],[136.9295,34.82973],[136.9216,34.82833],[136.91431,34.77094],[136.9631,34.73467],[136.9693,34.72547],[136.9633,34.71767],[136.976,34.70593],[136.972,34.6956],[136.8853,34.723],[136.8398,34.76387],[136.8663,34.83653],[136.83771,34.88427],[136.8324,34.8744],[136.82108,34.88371],[136.82829,34.96107],[136.82021,34.9662],[136.8542,35.0032],[136.8456,35.00787],[136.8696,35.00827],[136.85181,35.0162],[136.8689,35.04167],[136.8676,35.0632],[136.8735,35.07187],[136.8894,35.07034],[136.8963,35.08413],[136.8882,35.094],[136.8672,35.093],[136.84579,35.034],[136.83791,35.05127],[136.84731,35.05593],[136.8494,35.07793],[136.82809,35.08273],[136.8183,35.06334],[136.8317,35.06473],[136.83839,35.03093],[136.8121,35.0256],[136.8098,35.04927],[136.8168,35.05147],[136.79671,35.05147],[136.80029,35.02967],[136.7804,35.03354],[136.7961,35.0224],[136.79379,35.01493],[136.7704,35.0214],[136.7468,35.0824],[136.6725,35.13473],[136.67191,35.1878],[136.68311,35.20033],[136.6777,35.241],[136.7252,35.29547],[136.77029,35.36867],[136.8338,35.35587],[136.8644,35.37233],[136.9211,35.37907],[136.96111,35.39933],[136.96091,35.41453]]],[[[136.8119,34.99609],[136.80045,35.00362],[136.82167,35.01764],[136.8119,34.99609]]],[[[136.82028,34.94976],[136.81094,34.95486],[136.81871,34.96447],[136.82573,34.96051],[136.82028,34.94976]]],[[[136.80861,34.8393],[136.80118,34.87744],[136.8223,34.86242],[136.82426,34.84866],[136.80861,34.8393]]],[[[137.3055,34.804],[137.3002,34.8052],[137.3002,34.8086],[137.3055,34.8064],[137.3055,34.804]]],[[[137.3063,34.78467],[137.3033,34.79287],[137.3154,34.79633],[137.3244,34.78693],[137.3063,34.78467]]],[[[137.23,34.78653],[137.22881,34.78827],[137.23351,34.78993],[137.2355,34.7884],[137.23511,34.787],[137.23,34.78653]]],[[[137.0977,34.76467],[137.0983,34.7674],[137.10049,34.76913],[137.1031,34.767],[137.0977,34.76467]]],[[[137.31866,34.73295],[137.30794,34.73478],[137.31427,34.7484],[137.31866,34.73295]]],[[[137.04924,34.71548],[137.0441,34.7264],[137.0374,34.7208],[137.0302,34.72754],[137.0385,34.73327],[137.0545,34.72647],[137.04924,34.71548]]],[[[137.342,34.72046],[137.33832,34.7247],[137.3486,34.72655],[137.342,34.72046]]],[[[137.24982,34.71066],[137.2464,34.71285],[137.25208,34.71307],[137.24982,34.71066]]],[[[136.9991,34.70053],[136.99989,34.70587],[137.0056,34.7082],[136.9991,34.70053]]],[[[137.00569,34.66687],[136.9985,34.6704],[137.0076,34.68507],[137.00569,34.66687]]],[[[137.127,34.649],[137.12579,34.6504],[137.1254,34.64987],[137.1252,34.65187],[137.12579,34.6534],[137.127,34.649]]],[[[137.0946,34.6516],[137.0921,34.65253],[137.0918,34.6532],[137.0937,34.65327],[137.0952,34.65166],[137.0946,34.6516]]]]}},{"type":"Feature","properties":{"id":9},"geometry":{"type":"MultiPolygon","coordinates":[[[[139.9614,37.15353],[140.0354,37.13973],[140.05991,37.1256],[140.0957,37.12407],[140.1378,37.1064],[140.16029,37.0802],[140.19411,37.06413],[140.20461,37.024],[140.24921,37.02607],[140.25169,37.00907],[140.2408,37.00053],[140.2525,36.9628],[140.2408,36.94993],[140.2643,36.9334],[140.2489,36.91987],[140.2525,36.85047],[140.267,36.8236],[140.25549,36.76453],[140.2926,36.71267],[140.2321,36.70007],[140.2206,36.68593],[140.241,36.64893],[140.2347,36.62387],[140.2468,36.61327],[140.2439,36.56293],[140.2603,36.5176],[140.2309,36.50286],[140.2028,36.45433],[140.20241,36.41987],[140.1853,36.39833],[140.1561,36.3984],[140.1443,36.41407],[140.1304,36.41467],[140.101,36.3942],[140.0665,36.4038],[140.0692,36.38893],[140.04489,36.37513],[140.0005,36.3766],[140.00211,36.36813],[139.98849,36.36753],[139.9733,36.37853],[139.96451,36.35093],[139.9142,36.33653],[139.90961,36.3006],[139.8802,36.3098],[139.8782,36.323],[139.84871,36.31133],[139.8354,36.29353],[139.84129,36.2754],[139.8217,36.2398],[139.7274,36.2016],[139.71919,36.21153],[139.6879,36.1998],[139.66479,36.2072],[139.6629,36.23],[139.6425,36.23573],[139.63091,36.25453],[139.64281,36.26667],[139.6218,36.27374],[139.563,36.267],[139.5536,36.2794],[139.5266,36.2846],[139.4644,36.27153],[139.4588,36.2886],[139.43581,36.29207],[139.4157,36.316],[139.4147,36.32493],[139.4267,36.32566],[139.418,36.33653],[139.36951,36.36673],[139.3611,36.3838],[139.4109,36.44933],[139.4097,36.45853],[139.4351,36.4642],[139.4381,36.475],[139.4319,36.47133],[139.41901,36.49487],[139.42191,36.50867],[139.4429,36.5318],[139.4348,36.53293],[139.43829,36.5482],[139.45981,36.55307],[139.4834,36.5824],[139.4653,36.60653],[139.42799,36.60114],[139.40401,36.60887],[139.3979,36.60227],[139.355,36.61453],[139.3279,36.6336],[139.33701,36.69207],[139.3605,36.71367],[139.3718,36.74574],[139.3548,36.7532],[139.3531,36.77374],[139.3743,36.7844],[139.37801,36.80367],[139.39349,36.80967],[139.4064,36.8296],[139.34871,36.85273],[139.3564,36.87807],[139.369,36.87793],[139.40981,36.9272],[139.4285,36.925],[139.4599,36.96973],[139.4848,36.97513],[139.49471,36.9682],[139.5356,36.98107],[139.57739,37.0032],[139.5831,37.0154],[139.6113,37.0138],[139.6268,37.0336],[139.6651,37.0406],[139.67349,37.05793],[139.7529,37.07107],[139.7758,37.09167],[139.82201,37.08547],[139.8163,37.1182],[139.86641,37.1474],[139.9614,37.15353]]]]}},{"type":"Feature","properties":{"id":19},"geometry":{"type":"MultiPolygon","coordinates":[[[[138.3703,35.97147],[138.44029,35.95227],[138.4541,35.93906],[138.4447,35.91827],[138.45441,35.90033],[138.4711,35.89673],[138.4901,35.8964],[138.50931,35.922],[138.5762,35.91153],[138.59061,35.9196],[138.61169,35.9094],[138.6105,35.8742],[138.6761,35.86987],[138.6933,35.89947],[138.72881,35.90927],[138.7782,35.90013],[138.79111,35.89133],[138.793,35.87507],[138.8136,35.86233],[138.8463,35.8672],[138.8929,35.83987],[138.9099,35.85193],[138.944,35.85467],[138.95329,35.83653],[138.9697,35.83133],[138.9837,35.76947],[139.0256,35.71933],[139.1295,35.6742],[139.1178,35.65313],[139.12711,35.6398],[139.1239,35.62387],[139.13429,35.61626],[139.1216,35.58653],[139.1291,35.56373],[139.08521,35.51207],[139.0461,35.50973],[139.0266,35.4808],[138.93719,35.44886],[138.9162,35.40053],[138.8732,35.38147],[138.8521,35.3902],[138.82179,35.37407],[138.6804,35.35767],[138.6635,35.39827],[138.6096,35.3932],[138.5979,35.4308],[138.58189,35.44573],[138.5589,35.43413],[138.5316,35.4062],[138.5349,35.3306],[138.5125,35.31406],[138.52051,35.2856],[138.5146,35.2632],[138.5329,35.20153],[138.5144,35.1966],[138.49159,35.16846],[138.4292,35.18187],[138.4189,35.19833],[138.3954,35.2062],[138.3857,35.2452],[138.36729,35.27206],[138.37241,35.2994],[138.3654,35.31166],[138.32831,35.32753],[138.2856,35.3046],[138.2562,35.3186],[138.24879,35.33153],[138.25681,35.33847],[138.2511,35.36233],[138.2328,35.3762],[138.2571,35.40673],[138.25729,35.43787],[138.24431,35.4558],[138.26801,35.51567],[138.25841,35.52967],[138.2594,35.55193],[138.2422,35.57233],[138.2318,35.639],[138.1946,35.6714],[138.194,35.69493],[138.1803,35.7128],[138.2356,35.75753],[138.1855,35.79487],[138.20511,35.8154],[138.2379,35.8822],[138.24831,35.88593],[138.28349,35.85947],[138.32491,35.9028],[138.3703,35.97147]]]]}},{"type":"Feature","properties":{"id":25},"geometry":{"type":"MultiPolygon","coordinates":[[[[136.14999,35.6978],[136.185,35.70373],[136.21271,35.6822],[136.23199,35.6826],[136.2804,35.66113],[136.2789,35.63687],[136.2887,35.62033],[136.3154,35.62326],[136.3233,35.61626],[136.31529,35.6056],[136.3231,35.58653],[136.31779,35.54693],[136.33771,35.5494],[136.3457,35.536],[136.3718,35.55973],[136.3849,35.53293],[136.40019,35.52987],[136.4053,35.51353],[136.38719,35.48787],[136.4034,35.4694],[136.41969,35.46653],[136.42551,35.44773],[136.4115,35.4186],[136.44409,35.38947],[136.41341,35.37127],[136.4095,35.3554],[136.42061,35.3466],[136.4108,35.3138],[136.39079,35.2878],[136.3965,35.2574],[136.3781,35.24267],[136.4149,35.21767],[136.40829,35.1872],[136.45219,35.16573],[136.4538,35.152],[136.436,35.13013],[136.4478,35.12354],[136.43559,35.08273],[136.44119,35.06513],[136.4182,35.0484],[136.4241,35.029],[136.41431,34.9796],[136.3952,34.95173],[136.373,34.9418],[136.3656,34.90493],[136.25031,34.8578],[136.1917,34.87247],[136.1794,34.88647],[136.1308,34.88307],[136.1106,34.90187],[136.08701,34.89047],[136.08521,34.87774],[136.1218,34.8728],[136.1266,34.8618],[136.1031,34.84047],[136.08569,34.83747],[136.0903,34.81393],[136.02631,34.79073],[136.01041,34.80073],[136.02719,34.8218],[136.0047,34.8282],[136.005,34.84274],[135.9707,34.8384],[135.9614,34.85373],[135.94569,34.85173],[135.94051,34.8932],[135.89799,34.8712],[135.86639,34.89227],[135.8625,34.90294],[135.8782,34.94747],[135.85251,34.97073],[135.8493,34.991],[135.8268,34.99113],[135.8351,35.0032],[135.8199,35.01287],[135.8347,35.0128],[135.8334,35.02233],[135.815,35.04613],[135.83549,35.059],[135.8353,35.09087],[135.8557,35.15334],[135.8291,35.22073],[135.8604,35.283],[135.85811,35.28913],[135.8313,35.27613],[135.80901,35.31614],[135.7637,35.34453],[135.7905,35.38667],[135.8071,35.38527],[135.81509,35.41313],[135.8528,35.41153],[135.8616,35.39507],[135.8904,35.4038],[135.8927,35.41986],[135.9131,35.4314],[135.9164,35.4696],[135.9398,35.5204],[135.98151,35.4868],[136.00591,35.4916],[136.02609,35.5296],[136.0491,35.5346],[136.0699,35.5266],[136.0831,35.5404],[136.1051,35.5288],[136.1133,35.58287],[136.1685,35.56547],[136.16679,35.58347],[136.1767,35.59613],[136.14771,35.66253],[136.1342,35.66987],[136.14999,35.6978]]]]}},{"type":"Feature","properties":{"id":10},"geometry":{"type":"MultiPolygon","coordinates":[[[[138.6443,36.41153],[138.59219,36.42447],[138.5556,36.41813],[138.5334,36.40227],[138.49359,36.41367],[138.48981,36.4016],[138.4603,36.4046],[138.45711,36.41987],[138.40089,36.43473],[138.3972,36.48873],[138.4124,36.54147],[138.4285,36.5556],[138.4203,36.57707],[138.4274,36.59613],[138.4534,36.61327],[138.45799,36.63333],[138.47279,36.64347],[138.52521,36.65147],[138.53439,36.6664],[138.51401,36.69033],[138.5582,36.7066],[138.5829,36.70147],[138.5955,36.71473],[138.6098,36.70647],[138.6218,36.7204],[138.7119,36.7388],[138.7263,36.7638],[138.7894,36.745],[138.80119,36.76193],[138.8261,36.77167],[138.8313,36.79373],[138.8215,36.81707],[138.8549,36.81193],[138.88181,36.8258],[138.92841,36.8326],[138.9162,36.851],[138.923,36.88347],[138.9397,36.89513],[138.979,36.89107],[138.96649,36.97887],[139.047,36.98747],[139.09019,37.0196],[139.097,37.0588],[139.1218,37.04767],[139.1319,37.02673],[139.17191,37.00027],[139.1803,36.96467],[139.2052,36.95627],[139.2283,36.96133],[139.2373,36.94713],[139.23109,36.9368],[139.2415,36.9302],[139.26649,36.94127],[139.3047,36.92593],[139.3414,36.92793],[139.3495,36.91314],[139.3718,36.91807],[139.3934,36.91093],[139.369,36.87793],[139.3564,36.87807],[139.34871,36.85273],[139.4064,36.8296],[139.39349,36.80967],[139.37801,36.80367],[139.3743,36.7844],[139.3531,36.77374],[139.3548,36.7532],[139.3718,36.74574],[139.3605,36.71367],[139.33701,36.69207],[139.3279,36.6336],[139.355,36.61453],[139.3979,36.60227],[139.40401,36.60887],[139.42799,36.60114],[139.4653,36.60653],[139.4834,36.5824],[139.45981,36.55307],[139.43829,36.5482],[139.4348,36.53293],[139.4429,36.5318],[139.42191,36.50867],[139.41901,36.49487],[139.4319,36.47133],[139.4381,36.475],[139.4351,36.4642],[139.4097,36.45853],[139.4109,36.44933],[139.3611,36.3838],[139.36951,36.36673],[139.418,36.33653],[139.4267,36.32566],[139.4147,36.32493],[139.4157,36.316],[139.43581,36.29207],[139.4588,36.2886],[139.4644,36.27153],[139.5266,36.2846],[139.5536,36.2794],[139.563,36.267],[139.6218,36.27374],[139.64281,36.26667],[139.63091,36.25453],[139.6425,36.23573],[139.6629,36.23],[139.65961,36.22087],[139.6693,36.21247],[139.65001,36.21127],[139.6503,36.19693],[139.6281,36.1946],[139.62489,36.1866],[139.58791,36.2104],[139.5258,36.19133],[139.4572,36.1906],[139.3595,36.2532],[139.34711,36.2532],[139.3235,36.22973],[139.3037,36.24553],[139.2437,36.24453],[139.16389,36.279],[139.1293,36.2834],[139.0632,36.19587],[139.0621,36.15307],[139.04311,36.14847],[139.0428,36.1296],[139.0043,36.13313],[138.98599,36.116],[138.9584,36.12427],[138.95779,36.10793],[138.9458,36.09627],[138.8661,36.07767],[138.8474,36.06713],[138.82851,36.03733],[138.7908,36.02946],[138.77541,36.0378],[138.755,36.0346],[138.7439,36.01107],[138.71269,35.98527],[138.6886,35.9918],[138.6808,36.01073],[138.63139,36.02833],[138.6438,36.05067],[138.6306,36.09127],[138.645,36.09887],[138.6452,36.1198],[138.6346,36.1336],[138.59799,36.13807],[138.5773,36.16813],[138.58971,36.17854],[138.5921,36.16767],[138.6093,36.1614],[138.63699,36.17447],[138.6228,36.197],[138.6369,36.2044],[138.6031,36.24787],[138.6004,36.27847],[138.6535,36.30307],[138.6499,36.35193],[138.6571,36.36873],[138.6443,36.41153]]]]}},{"type":"Feature","properties":{"id":4},"geometry":{"type":"MultiPolygon","coordinates":[[[[141.4839,38.97847],[141.491,38.99847],[141.5103,39.00293],[141.5242,38.99173],[141.5681,38.99573],[141.6322,38.971],[141.6434,38.9562],[141.6324,38.95853],[141.6337,38.95153],[141.6487,38.9416],[141.63541,38.93167],[141.65289,38.91986],[141.6516,38.90373],[141.6651,38.8964],[141.67461,38.86673],[141.6743,38.8572],[141.6579,38.8626],[141.6378,38.8852],[141.6377,38.90187],[141.6055,38.88026],[141.589,38.89466],[141.5871,38.9094],[141.57539,38.90586],[141.59399,38.89033],[141.58299,38.8522],[141.60339,38.8278],[141.522,38.78913],[141.51649,38.7718],[141.5461,38.7334],[141.56419,38.74053],[141.5609,38.69047],[141.5547,38.70847],[141.5372,38.7064],[141.5256,38.71673],[141.5107,38.68527],[141.4994,38.6958],[141.4906,38.69],[141.49429,38.67413],[141.4754,38.68013],[141.44479,38.6738],[141.4447,38.6432],[141.5294,38.6374],[141.5251,38.6106],[141.5094,38.59873],[141.5015,38.60353],[141.50439,38.59613],[141.4874,38.58393],[141.45999,38.57633],[141.4673,38.5614],[141.4872,38.55427],[141.48579,38.5424],[141.4968,38.5326],[141.5322,38.54913],[141.5316,38.53253],[141.5464,38.5226],[141.5351,38.51007],[141.54269,38.5032],[141.536,38.48853],[141.5244,38.48947],[141.5137,38.5132],[141.49561,38.50927],[141.4705,38.52153],[141.4648,38.51233],[141.47569,38.51733],[141.4968,38.49607],[141.4968,38.4764],[141.47659,38.46407],[141.5015,38.46107],[141.4948,38.45293],[141.50191,38.44753],[141.5126,38.4508],[141.4938,38.43753],[141.4476,38.44153],[141.4752,38.41987],[141.46671,38.39993],[141.4724,38.39413],[141.5018,38.4158],[141.5141,38.39307],[141.5388,38.4],[141.5303,38.38213],[141.5101,38.39087],[141.4825,38.37687],[141.4912,38.36773],[141.5145,38.371],[141.5338,38.34127],[141.5265,38.32454],[141.5405,38.317],[141.54111,38.3068],[141.52699,38.29613],[141.5242,38.27193],[141.5118,38.27647],[141.5083,38.2984],[141.4926,38.29374],[141.4968,38.30547],[141.4762,38.30753],[141.47079,38.32053],[141.468,38.3064],[141.4496,38.31573],[141.47479,38.3308],[141.4635,38.33653],[141.46271,38.35147],[141.4507,38.3404],[141.44701,38.3544],[141.43759,38.3426],[141.418,38.34733],[141.43021,38.365],[141.4588,38.37427],[141.4332,38.3736],[141.4386,38.38153],[141.42329,38.38553],[141.4312,38.39947],[141.416,38.392],[141.40959,38.404],[141.3741,38.38367],[141.3643,38.38987],[141.36909,38.40727],[141.3589,38.4138],[141.2744,38.41087],[141.28571,38.4196],[141.2666,38.41987],[141.26689,38.40813],[141.2074,38.392],[141.1606,38.36533],[141.1548,38.34813],[141.16249,38.34073],[141.15919,38.3504],[141.1685,38.34953],[141.1675,38.332],[141.1779,38.3204],[141.1564,38.32233],[141.1498,38.334],[141.1387,38.32213],[141.133,38.3406],[141.1483,38.33887],[141.1409,38.35493],[141.15311,38.3566],[141.13361,38.36053],[141.1333,38.37747],[141.1067,38.38627],[141.11569,38.377],[141.1059,38.36847],[141.0854,38.3814],[141.06281,38.36973],[141.06639,38.35153],[141.05161,38.35053],[141.05879,38.3484],[141.0531,38.34393],[141.0426,38.349],[141.0367,38.33987],[141.0524,38.3334],[141.0251,38.32013],[141.04489,38.31927],[141.0361,38.3072],[141.0766,38.31987],[141.0899,38.3014],[141.041,38.27207],[141.0285,38.2826],[141.02161,38.27147],[140.9991,38.27327],[141.0468,38.26507],[141.02409,38.26533],[140.9863,38.21767],[140.9281,38.08653],[140.91451,37.99367],[140.9312,37.89633],[140.92,37.89273],[140.89911,37.90387],[140.8567,37.89127],[140.862,37.86273],[140.85091,37.85133],[140.85739,37.80407],[140.8526,37.7958],[140.8318,37.79527],[140.7751,37.80647],[140.76511,37.7964],[140.8026,37.7804],[140.79291,37.7734],[140.7459,37.7884],[140.728,37.78167],[140.7135,37.79953],[140.6945,37.80347],[140.6794,37.83653],[140.69189,37.85173],[140.68311,37.87433],[140.6904,37.88833],[140.6613,37.90067],[140.62511,37.90033],[140.6122,37.9156],[140.5921,37.90633],[140.5672,37.9228],[140.56241,37.9114],[140.4882,37.89993],[140.4696,37.91986],[140.47501,37.947],[140.4321,37.9544],[140.40959,37.96387],[140.40781,37.97346],[140.38699,37.96753],[140.3855,37.95307],[140.3567,37.95833],[140.3513,37.95047],[140.27521,37.98213],[140.2896,38.00733],[140.27631,38.02873],[140.2834,38.04987],[140.27721,38.05647],[140.3726,38.05727],[140.3826,38.07133],[140.4021,38.07047],[140.4211,38.08653],[140.42419,38.1188],[140.44589,38.13007],[140.4445,38.14187],[140.46671,38.15653],[140.47951,38.18067],[140.4678,38.23253],[140.47141,38.26967],[140.4968,38.28307],[140.49271,38.302],[140.5045,38.31427],[140.5199,38.3098],[140.5293,38.3208],[140.52679,38.35807],[140.57831,38.39307],[140.5715,38.41327],[140.5807,38.4376],[140.59731,38.4372],[140.6201,38.45553],[140.6073,38.4606],[140.60451,38.48233],[140.5739,38.4958],[140.564,38.51087],[140.57181,38.52553],[140.5565,38.53013],[140.5553,38.54253],[140.5789,38.56853],[140.5699,38.59393],[140.55901,38.59793],[140.5611,38.609],[140.53799,38.63413],[140.54669,38.65007],[140.58839,38.63427],[140.60069,38.63987],[140.6243,38.6918],[140.62379,38.69973],[140.6071,38.70367],[140.60741,38.72066],[140.6463,38.7688],[140.6053,38.78333],[140.5912,38.83533],[140.54111,38.8618],[140.5473,38.88953],[140.56171,38.87413],[140.6147,38.8944],[140.6385,38.88333],[140.6701,38.89713],[140.6843,38.91647],[140.7076,38.92073],[140.7468,38.95687],[140.8262,38.96353],[140.88139,38.92907],[140.9055,38.92887],[140.9158,38.9172],[140.92731,38.92153],[140.95801,38.90853],[140.9865,38.87553],[141.0208,38.8866],[141.04401,38.87727],[141.0939,38.88813],[141.108,38.878],[141.14011,38.87787],[141.1463,38.85593],[141.1218,38.8356],[141.1051,38.83767],[141.1059,38.8232],[141.1217,38.82647],[141.1244,38.81667],[141.1407,38.81393],[141.13969,38.79],[141.1483,38.7846],[141.1694,38.7778],[141.1812,38.7848],[141.2047,38.77027],[141.217,38.74953],[141.2348,38.7484],[141.22949,38.7532],[141.25751,38.76293],[141.27361,38.79693],[141.3035,38.79327],[141.31039,38.82267],[141.3354,38.80727],[141.3531,38.8128],[141.38029,38.7964],[141.3945,38.79967],[141.41499,38.78573],[141.41071,38.76813],[141.43829,38.78333],[141.4297,38.81087],[141.45889,38.8148],[141.4502,38.83653],[141.46629,38.8572],[141.4525,38.86227],[141.4514,38.87667],[141.49159,38.91593],[141.4861,38.93513],[141.4938,38.9562],[141.4839,38.97847]]],[[[141.6252,38.83073],[141.60609,38.85967],[141.6142,38.86486],[141.6028,38.87267],[141.62399,38.88573],[141.6348,38.87487],[141.6228,38.85327],[141.63789,38.841],[141.6252,38.83073]]],[[[141.6434,38.8416],[141.6414,38.84327],[141.6411,38.8454],[141.6427,38.8444],[141.6434,38.8416]]],[[[141.5117,38.5498],[141.5121,38.5526],[141.51379,38.55593],[141.517,38.55527],[141.5117,38.5498]]],[[[141.5,38.47853],[141.4994,38.47853],[141.4994,38.47907],[141.5,38.47853]]],[[[141.5275,38.43767],[141.51599,38.4652],[141.5312,38.4542],[141.5275,38.43767]]],[[[141.5928,38.42273],[141.5927,38.4238],[141.59261,38.4242],[141.5957,38.42367],[141.5928,38.42273]]],[[[141.5938,38.3962],[141.591,38.40093],[141.5963,38.40227],[141.5938,38.3962]]],[[[141.60139,38.3856],[141.6019,38.3872],[141.60179,38.38927],[141.6059,38.39193],[141.6048,38.3874],[141.60139,38.3856]]],[[[141.42439,38.3768],[141.42149,38.37727],[141.4185,38.37707],[141.4201,38.38073],[141.4225,38.38033],[141.4268,38.38053],[141.42439,38.3768]]],[[[141.0712,38.36593],[141.06999,38.36827],[141.07069,38.3678],[141.0719,38.3686],[141.0732,38.3664],[141.0712,38.36593]]],[[[141.0865,38.36433],[141.0838,38.3644],[141.08,38.3668],[141.0826,38.3654],[141.08569,38.3654],[141.0878,38.36587],[141.0865,38.36433]]],[[[141.076,38.3632],[141.07629,38.36533],[141.0778,38.36453],[141.0787,38.3634],[141.076,38.3632]]],[[[141.1604,38.35307],[141.16229,38.35394],[141.16249,38.3542],[141.1633,38.35533],[141.1655,38.35427],[141.1604,38.35307]]],[[[141.1236,38.34887],[141.1218,38.35287],[141.1218,38.35427],[141.12219,38.35373],[141.1236,38.35427],[141.1259,38.35213],[141.1236,38.34887]]],[[[141.1145,38.34607],[141.11479,38.3528],[141.1163,38.34807],[141.1145,38.34607]]],[[[141.1218,38.348],[141.12019,38.34873],[141.1192,38.35227],[141.1218,38.34867],[141.1218,38.348]]],[[[141.1244,38.32573],[141.11659,38.33653],[141.1297,38.34753],[141.1244,38.32573]]],[[[141.1102,38.33133],[141.104,38.34286],[141.121,38.34513],[141.1102,38.33133]]],[[[141.114,38.34113],[141.11299,38.34313],[141.1147,38.34353],[141.11679,38.34307],[141.114,38.34113]]],[[[141.05431,38.33567],[141.0528,38.33567],[141.0527,38.33653],[141.0547,38.33807],[141.05499,38.33653],[141.05431,38.33567]]],[[[141.052,38.33653],[141.05139,38.33653],[141.05139,38.3378],[141.052,38.33653]]],[[[141.1067,38.32753],[141.086,38.33607],[141.0947,38.33653],[141.1067,38.32753]]],[[[141.0695,38.3244],[141.0683,38.3268],[141.0744,38.326],[141.0695,38.3244]]],[[[141.1618,38.31753],[141.1568,38.31813],[141.1554,38.321],[141.158,38.32073],[141.15981,38.31967],[141.1618,38.31753]]],[[[141.5744,38.26927],[141.548,38.30273],[141.56731,38.31393],[141.5899,38.3024],[141.5806,38.28767],[141.5864,38.27813],[141.5744,38.26927]]],[[[141.4091,38.28547],[141.41629,38.3128],[141.42999,38.29327],[141.4091,38.28547]]],[[[141.502,38.2464],[141.4801,38.2504],[141.4579,38.26827],[141.46069,38.28367],[141.48219,38.27713],[141.502,38.2464]]]]}},{"type":"Feature","properties":{"id":22},"geometry":{"type":"MultiPolygon","coordinates":[[[[138.2186,35.64447],[138.2318,35.639],[138.2422,35.57233],[138.2594,35.55193],[138.25841,35.52967],[138.26801,35.51567],[138.24431,35.4558],[138.25729,35.43787],[138.2571,35.40673],[138.2328,35.3762],[138.2511,35.36233],[138.25681,35.33847],[138.24879,35.33153],[138.2562,35.3186],[138.2856,35.3046],[138.32831,35.32753],[138.3586,35.31727],[138.37241,35.2994],[138.36729,35.27206],[138.3857,35.2452],[138.39861,35.20027],[138.4189,35.19833],[138.4404,35.17793],[138.4778,35.17733],[138.49159,35.16846],[138.5144,35.1966],[138.5329,35.20153],[138.5146,35.2632],[138.52051,35.2856],[138.5125,35.31406],[138.5349,35.3306],[138.5334,35.4106],[138.58189,35.44573],[138.5979,35.4308],[138.6096,35.3932],[138.6635,35.39827],[138.6804,35.35767],[138.82179,35.37407],[138.8521,35.3902],[138.8732,35.38147],[138.9162,35.40053],[139.00171,35.3988],[138.9994,35.3818],[139.01869,35.3298],[139.00481,35.28967],[138.9752,35.26173],[138.976,35.2356],[138.98759,35.2012],[139.02611,35.17553],[139.0287,35.1506],[139.1115,35.14133],[139.0746,35.09273],[139.0793,35.06927],[139.0687,35.0568],[139.0739,35.0468],[139.0995,35.04607],[139.0984,35.00747],[139.0835,35.0032],[139.0957,34.9756],[139.12759,34.96907],[139.13451,34.95153],[139.1452,34.9558],[139.1479,34.93613],[139.1324,34.89627],[139.1405,34.89073],[139.0825,34.85213],[139.0778,34.81907],[139.0583,34.7848],[139.04179,34.77373],[139.04781,34.76767],[139.02921,34.7678],[138.9975,34.74253],[138.9734,34.69067],[138.98019,34.6816],[138.97279,34.67593],[138.9872,34.65787],[138.95709,34.654],[138.9635,34.67253],[138.9478,34.67367],[138.94769,34.6626],[138.9364,34.66653],[138.9413,34.66227],[138.9193,34.65313],[138.9048,34.62887],[138.89,34.63353],[138.8869,34.62387],[138.8497,34.61313],[138.8436,34.60114],[138.815,34.6148],[138.81,34.62773],[138.79401,34.62253],[138.78889,34.63907],[138.778,34.63967],[138.77339,34.655],[138.79019,34.65933],[138.7883,34.6696],[138.77859,34.66713],[138.75729,34.69093],[138.7392,34.68993],[138.73911,34.7262],[138.756,34.733],[138.75529,34.747],[138.7756,34.75167],[138.75279,34.79987],[138.7653,34.80947],[138.75169,34.8192],[138.7599,34.82887],[138.7681,34.82333],[138.7605,34.84313],[138.7753,34.85627],[138.7538,34.8678],[138.7561,34.88447],[138.7897,34.908],[138.76311,34.9626],[138.7673,34.9776],[138.7766,34.97047],[138.77,34.98527],[138.77969,35.0174],[138.78929,35.0302],[138.7868,35.02393],[138.8456,35.01387],[138.87579,35.02487],[138.8896,35.01727],[138.9063,35.04787],[138.8871,35.04647],[138.8718,35.0708],[138.8278,35.107],[138.685,35.14507],[138.698,35.13453],[138.5564,35.10147],[138.533,35.05527],[138.51129,35.03533],[138.50591,35.04173],[138.50571,35.03107],[138.494,35.032],[138.5029,34.98594],[138.51151,34.99447],[138.5013,35.0014],[138.5041,35.01533],[138.5177,35.008],[138.51511,35.02066],[138.5332,35.01307],[138.5148,34.98347],[138.3573,34.91513],[138.3333,34.8688],[138.3242,34.86974],[138.32629,34.84467],[138.33051,34.849],[138.3387,34.8326],[138.2995,34.77847],[138.2892,34.78167],[138.3006,34.77094],[138.22681,34.72733],[138.1976,34.66987],[138.1942,34.6376],[138.217,34.6096],[138.23329,34.60453],[138.2267,34.5946],[138.06137,34.64659],[138.06313,34.6577],[138.05656,34.64785],[137.96989,34.6654],[137.9015,34.66707],[137.7986,34.64467],[137.74828,34.65651],[137.74445,34.66765],[137.7468,34.657],[137.58549,34.67887],[137.4839,34.6738],[137.491,34.70013],[137.47481,34.7532],[137.47681,34.77353],[137.4928,34.78673],[137.4868,34.8114],[137.502,34.8328],[137.55099,34.85167],[137.58681,34.84993],[137.59709,34.8722],[137.6398,34.89213],[137.66139,34.94567],[137.6752,34.9454],[137.69611,34.9714],[137.70711,34.97227],[137.7009,35.0032],[137.71719,35.035],[137.7746,35.07713],[137.7782,35.09953],[137.7919,35.09527],[137.8002,35.10533],[137.7925,35.1344],[137.80409,35.1306],[137.8145,35.15247],[137.82849,35.15373],[137.8232,35.16987],[137.80299,35.1832],[137.8307,35.20493],[137.8278,35.2114],[137.8481,35.22153],[137.8718,35.2188],[137.8824,35.24813],[137.8952,35.25787],[137.9191,35.2552],[137.9305,35.27567],[137.96719,35.28327],[137.9948,35.3022],[138.01871,35.30093],[138.0266,35.32073],[138.05659,35.34407],[138.0873,35.33793],[138.0983,35.35513],[138.14191,35.37067],[138.1521,35.39813],[138.1344,35.40913],[138.1387,35.4232],[138.1214,35.4286],[138.11931,35.44786],[138.1218,35.45633],[138.1552,35.45893],[138.1602,35.47],[138.16451,35.49387],[138.14,35.49967],[138.14619,35.51853],[138.13811,35.52187],[138.15941,35.54507],[138.1423,35.55547],[138.1628,35.58153],[138.1899,35.57867],[138.2058,35.609],[138.2043,35.63253],[138.2186,35.64447]]],[[[139.1687,35.03647],[139.16389,35.04253],[139.1756,35.04013],[139.1687,35.03647]]],[[[138.88719,35.0314],[138.88651,35.03593],[138.8873,35.0356],[138.8878,35.03487],[138.8903,35.03147],[138.88719,35.0314]]],[[[138.21899,34.6184],[138.21339,34.62087],[138.211,34.61947],[138.21001,34.62053],[138.21761,34.6262],[138.2209,34.62247],[138.21899,34.6184]]]]}},{"type":"Feature","properties":{"id":8},"geometry":{"type":"MultiPolygon","coordinates":[[[[140.56821,36.93753],[140.5863,36.94547],[140.61639,36.90353],[140.68111,36.8928],[140.7182,36.8724],[140.7794,36.8666],[140.7951,36.85767],[140.8062,36.83127],[140.77051,36.81993],[140.7468,36.78074],[140.7169,36.69273],[140.7164,36.6624],[140.69411,36.64413],[140.6891,36.6216],[140.6554,36.576],[140.6281,36.49513],[140.61169,36.48706],[140.62337,36.48181],[140.61205,36.47788],[140.60814,36.44032],[140.62701,36.44144],[140.62686,36.43124],[140.60818,36.43125],[140.61571,36.41105],[140.60974,36.40527],[140.6268,36.38133],[140.6218,36.36227],[140.59419,36.3374],[140.588,36.31073],[140.5659,36.30467],[140.55969,36.2558],[140.57201,36.1846],[140.61,36.08653],[140.6736,35.96886],[140.681,35.97093],[140.7011,35.93773],[140.67841,35.91986],[140.6629,35.9286],[140.6748,35.897],[140.6908,35.88293],[140.67731,35.912],[140.70711,35.925],[140.77499,35.82327],[140.8318,35.7532],[140.8519,35.74387],[140.84669,35.74],[140.8204,35.7396],[140.7468,35.7818],[140.7061,35.83653],[140.63181,35.85887],[140.59889,35.9032],[140.51131,35.95867],[140.4872,35.92813],[140.50279,35.9058],[140.4585,35.92613],[140.4205,35.9064],[140.3665,35.9002],[140.3176,35.8644],[140.2812,35.87413],[140.24359,35.8554],[140.20641,35.8614],[140.14661,35.8456],[140.1218,35.8736],[140.089,35.88407],[140.0705,35.8784],[140.017,35.9106],[139.9931,35.91033],[139.93919,35.94027],[139.9341,35.9684],[139.8842,35.98886],[139.87849,36.0072],[139.81061,36.066],[139.7868,36.10413],[139.77031,36.0812],[139.7298,36.08793],[139.72681,36.1114],[139.69119,36.1726],[139.69141,36.20613],[139.70641,36.20193],[139.70709,36.21067],[139.71919,36.21153],[139.7274,36.2016],[139.8217,36.2398],[139.84129,36.2754],[139.8354,36.29353],[139.84871,36.31133],[139.8782,36.323],[139.8802,36.3098],[139.90961,36.3006],[139.9142,36.33653],[139.96451,36.35093],[139.9733,36.37853],[139.98849,36.36753],[140.00211,36.36813],[140.0005,36.3766],[140.04489,36.37513],[140.0692,36.38893],[140.0665,36.4038],[140.101,36.3942],[140.1304,36.41467],[140.1443,36.41407],[140.1561,36.3984],[140.1916,36.40434],[140.20241,36.41987],[140.2028,36.45433],[140.2309,36.50286],[140.2603,36.5176],[140.2439,36.56293],[140.2468,36.61327],[140.2347,36.62387],[140.241,36.64893],[140.2206,36.68593],[140.2321,36.70007],[140.2926,36.71267],[140.28371,36.73333],[140.25681,36.7572],[140.25391,36.78373],[140.2652,36.78867],[140.267,36.8236],[140.2525,36.85047],[140.2524,36.92773],[140.28329,36.93527],[140.29829,36.9294],[140.3257,36.8928],[140.3678,36.88073],[140.3773,36.838],[140.43851,36.8216],[140.4637,36.7918],[140.4785,36.79767],[140.4879,36.8182],[140.5116,36.82233],[140.5394,36.8592],[140.5919,36.87307],[140.5807,36.9046],[140.565,36.91293],[140.56821,36.93753]]],[[[140.7114,35.94053],[140.71249,35.95467],[140.7117,35.94067],[140.7106,35.9268],[140.7114,35.94053]]]]}},{"type":"Feature","properties":{"id":47},"geometry":{"type":"MultiPolygon","coordinates":[[[[128.23331,27.85987],[128.21649,27.87687],[128.2206,27.88473],[128.23331,27.85987]]],[[[127.9339,26.99427],[127.9314,27.02027],[127.9493,27.0426],[127.9944,27.08827],[128.0191,27.09447],[127.9961,27.0678],[127.9905,27.04473],[127.9414,27.01627],[127.9339,26.99427]]],[[[127.92,26.98893],[127.912,26.99607],[127.9217,27.00053],[127.92,26.98893]]],[[[127.9492,26.97267],[127.9407,26.97527],[127.9583,26.97433],[127.9492,26.97267]]],[[[127.9384,26.9106],[127.9222,26.91733],[127.9197,26.93567],[127.9112,26.93567],[127.9359,26.95467],[127.9558,26.93493],[127.95271,26.9138],[127.9384,26.9106]]],[[[127.9295,26.891],[127.9199,26.9016],[127.9289,26.901],[127.9295,26.891]]],[[[128.1534,26.7166],[128.15939,26.72773],[128.1515,26.74507],[128.1788,26.74753],[128.2305,26.7966],[128.25031,26.8386],[128.2429,26.85767],[128.2486,26.8704],[128.2641,26.87207],[128.2605,26.86687],[128.29021,26.841],[128.3036,26.84453],[128.31889,26.81353],[128.3185,26.756],[128.32581,26.74933],[128.2928,26.71727],[128.2968,26.70987],[128.28059,26.6964],[128.27809,26.6772],[128.2377,26.63287],[128.1842,26.6236],[128.1487,26.62913],[128.15019,26.59773],[128.12289,26.60253],[128.1497,26.56787],[128.13809,26.56633],[128.1373,26.55287],[128.1096,26.55033],[128.0939,26.534],[128.0638,26.55127],[128.0441,26.54747],[128.0416,26.5588],[128.0321,26.55273],[128.0519,26.52007],[127.9962,26.509],[127.9905,26.5032],[128.0011,26.485],[127.9739,26.46953],[127.9502,26.47207],[127.9479,26.43753],[127.8686,26.45687],[127.8515,26.45013],[127.8391,26.42633],[127.8302,26.43113],[127.8257,26.4232],[127.8398,26.40513],[127.8768,26.3786],[127.8718,26.36113],[127.8851,26.342],[127.9015,26.32907],[127.91736,26.32932],[127.91106,26.32377],[127.9202,26.2954],[127.88972,26.31207],[127.86494,26.34386],[127.83803,26.33151],[127.8328,26.3212],[127.8466,26.316],[127.8098,26.29753],[127.81622,26.27743],[127.7994,26.26813],[127.7874,26.2266],[127.76875,26.21404],[127.77021,26.20135],[127.75636,26.20497],[127.77828,26.1869],[127.7765,26.17213],[127.7889,26.16987],[127.7975,26.1862],[127.82061,26.19147],[127.83032,26.16833],[127.7885,26.13313],[127.7468,26.1184],[127.7245,26.09114],[127.6764,26.07393],[127.6584,26.08047],[127.6676,26.133],[127.6516,26.13073],[127.6469,26.1444],[127.6681,26.15127],[127.64669,26.15132],[127.65359,26.16149],[127.6479,26.17313],[127.6545,26.17247],[127.6387,26.17627],[127.6354,26.19773],[127.6506,26.21707],[127.6727,26.2068],[127.6615,26.21533],[127.6825,26.2246],[127.6676,26.24553],[127.6763,26.24993],[127.6838,26.2422],[127.6844,26.2558],[127.7069,26.273],[127.7241,26.27013],[127.74,26.28073],[127.7588,26.3086],[127.7539,26.3234],[127.7458,26.32167],[127.7386,26.362],[127.7167,26.39953],[127.7107,26.4404],[127.7224,26.4398],[127.7354,26.4216],[127.7696,26.44493],[127.7968,26.43613],[127.8115,26.4624],[127.8443,26.4804],[127.8427,26.5032],[127.8567,26.4998],[127.8658,26.51233],[127.8872,26.5032],[127.9066,26.51907],[127.9177,26.51707],[127.9307,26.54187],[127.9387,26.53527],[127.9563,26.54587],[127.9622,26.54047],[127.9807,26.5724],[127.9789,26.58793],[127.9449,26.60133],[127.894,26.6056],[127.8775,26.64033],[127.878,26.653],[127.8931,26.65927],[127.8725,26.68687],[127.8784,26.70853],[127.9024,26.69833],[127.9524,26.7074],[127.9688,26.70227],[127.9709,26.69253],[128.00211,26.68793],[128.0071,26.68373],[127.9816,26.6488],[128.02341,26.62647],[128.07649,26.64347],[128.10989,26.66753],[128.11029,26.65873],[128.1259,26.65747],[128.10001,26.67793],[128.117,26.70233],[128.1534,26.7166]]],[[[128.33389,26.74473],[128.32899,26.747],[128.3322,26.7468],[128.33369,26.74567],[128.33389,26.74473]]],[[[127.8061,26.7054],[127.7544,26.70913],[127.7511,26.7322],[127.8066,26.73847],[127.8296,26.7198],[127.8274,26.7096],[127.8061,26.7054]]],[[[128.0197,26.69433],[128.007,26.70727],[128.0116,26.71327],[128.02541,26.71027],[128.0197,26.69433]]],[[[128.0314,26.6448],[128.0141,26.6566],[128.0089,26.65013],[127.9968,26.65567],[127.9936,26.6702],[128.0188,26.6788],[128.0314,26.6448]]],[[[128.10249,26.664],[128.09669,26.666],[128.0965,26.66733],[128.0993,26.66887],[128.1049,26.66607],[128.1039,26.66607],[128.10249,26.664]]],[[[127.8612,26.62893],[127.8539,26.64853],[127.8664,26.65313],[127.8718,26.64673],[127.8612,26.62893]]],[[[127.8173,26.64373],[127.813,26.64793],[127.8159,26.64927],[127.8173,26.64373]]],[[[128.0303,26.63493],[128.0302,26.64167],[128.03419,26.63933],[128.0325,26.636],[128.0303,26.63493]]],[[[127.2077,26.57427],[127.2293,26.60127],[127.2465,26.58653],[127.2401,26.576],[127.2077,26.57427]]],[[[127.9964,26.38153],[127.9877,26.39133],[127.9986,26.39947],[127.9964,26.38153]]],[[[126.7255,26.34613],[126.7132,26.36773],[126.7075,26.36013],[126.7095,26.36947],[126.778,26.3904],[126.8232,26.34473],[126.8043,26.3252],[126.8102,26.2908],[126.7774,26.30567],[126.7588,26.34087],[126.7255,26.34613]]],[[[127.099,26.38133],[127.0988,26.38707],[127.1027,26.38707],[127.1037,26.38453],[127.1037,26.38433],[127.099,26.38133]]],[[[127.9321,26.33113],[127.9469,26.3448],[127.9428,26.35667],[127.9659,26.3614],[127.9862,26.38347],[127.9936,26.36073],[127.9321,26.33113]]],[[[127.1451,26.3478],[127.1362,26.364],[127.1445,26.38113],[127.148,26.36373],[127.1592,26.36327],[127.1451,26.3478]]],[[[126.8859,26.34413],[126.8701,26.345],[126.8964,26.35007],[126.8859,26.34413]]],[[[127.84309,26.3343],[127.86176,26.3436],[127.8698,26.33002],[127.85844,26.33465],[127.85351,26.32464],[127.84058,26.3261],[127.84309,26.3343]]],[[[126.8414,26.33653],[126.8411,26.33653],[126.8372,26.33653],[126.8353,26.33653],[126.8365,26.34287],[126.8397,26.34233],[126.8414,26.33653]]],[[[126.825,26.33513],[126.8187,26.33653],[126.8266,26.34207],[126.8335,26.33573],[126.825,26.33513]]],[[[126.8616,26.3388],[126.8583,26.3388],[126.8626,26.3402],[126.864,26.34],[126.8616,26.3388]]],[[[126.8514,26.33653],[126.85011,26.33653],[126.854,26.33847],[126.8514,26.33653]]],[[[127.9587,26.3084],[127.9504,26.32713],[127.9666,26.322],[127.9587,26.3084]]],[[[127.9291,26.31247],[127.9241,26.31567],[127.9188,26.31667],[127.9167,26.32],[127.9179,26.32213],[127.9239,26.3216],[127.9291,26.31247]]],[[[127.9902,26.29767],[127.9878,26.29907],[127.9882,26.30213],[127.9909,26.303],[127.9934,26.30173],[127.9945,26.3006],[127.9902,26.29767]]],[[[127.5416,26.2632],[127.5393,26.26487],[127.542,26.266],[127.5474,26.266],[127.5532,26.2638],[127.5458,26.2644],[127.5416,26.2632]]],[[[127.5766,26.2582],[127.5754,26.25827],[127.5732,26.25893],[127.5772,26.26427],[127.5766,26.2582]]],[[[127.5787,26.26013],[127.578,26.26093],[127.581,26.26253],[127.5835,26.26253],[127.5787,26.26013]]],[[[127.9417,26.24107],[127.9327,26.24587],[127.9361,26.2618],[127.9462,26.2582],[127.9417,26.24107]]],[[[127.406,26.24727],[127.4007,26.2532],[127.4025,26.2548],[127.406,26.24727]]],[[[127.3037,26.21853],[127.2811,26.2326],[127.3028,26.23793],[127.3083,26.2508],[127.3307,26.23967],[127.3318,26.22787],[127.3104,26.23753],[127.3143,26.2256],[127.3037,26.21853]]],[[[127.4543,26.23693],[127.4556,26.24127],[127.4576,26.23967],[127.4577,26.23893],[127.4543,26.23693]]],[[[127.3659,26.22327],[127.3655,26.23067],[127.3681,26.22473],[127.3659,26.22327]]],[[[127.4507,26.22627],[127.4477,26.23067],[127.4496,26.23367],[127.451,26.22907],[127.4507,26.22627]]],[[[127.3476,26.14513],[127.3384,26.18067],[127.355,26.2254],[127.3674,26.21947],[127.3718,26.20153],[127.3578,26.1814],[127.3619,26.15627],[127.3476,26.14513]]],[[[127.4391,26.19967],[127.4501,26.22447],[127.4544,26.21913],[127.4391,26.19967]]],[[[127.2419,26.20767],[127.2387,26.21887],[127.2468,26.22247],[127.2419,26.20767]]],[[[127.2866,26.216],[127.2822,26.21813],[127.2837,26.21953],[127.2867,26.2174],[127.2866,26.216]]],[[[127.3121,26.19753],[127.3096,26.19813],[127.3073,26.21567],[127.3091,26.2124],[127.3096,26.20927],[127.3158,26.20373],[127.3121,26.19753]]],[[[127.2751,26.18593],[127.264,26.19653],[127.2791,26.21233],[127.2913,26.1946],[127.2751,26.18593]]],[[[127.3767,26.19607],[127.3745,26.1988],[127.378,26.1986],[127.3778,26.1964],[127.3767,26.19607]]],[[[127.2857,26.17527],[127.2818,26.1816],[127.2906,26.18567],[127.2944,26.17673],[127.2857,26.17527]]],[[[127.2401,26.162],[127.2312,26.16333],[127.235,26.1812],[127.2401,26.162]]],[[[127.2911,26.16007],[127.2874,26.1692],[127.2949,26.16987],[127.2911,26.16007]]],[[[127.8835,26.15127],[127.8844,26.15854],[127.9059,26.16987],[127.8835,26.15127]]],[[[127.3369,26.15854],[127.336,26.15993],[127.3367,26.16147],[127.3365,26.16233],[127.3387,26.16387],[127.3386,26.16307],[127.3369,26.15854]]],[[[127.2719,26.155],[127.2707,26.15553],[127.2725,26.15687],[127.273,26.15613],[127.2729,26.1554],[127.2719,26.155]]],[[[127.289,26.15547],[127.2879,26.1556],[127.2887,26.1568],[127.2897,26.15573],[127.289,26.15547]]],[[[127.3409,26.13853],[127.3413,26.1436],[127.3443,26.14247],[127.3409,26.13853]]],[[[127.7729,26.12707],[127.7685,26.12747],[127.77,26.131],[127.7743,26.131],[127.7729,26.12707]]],[[[131.30576,25.92833],[131.29396,25.9342],[131.28547,25.96046],[131.33226,25.95193],[131.32387,25.9328],[131.30576,25.92833]]],[[[123.68344,25.91919],[123.67624,25.92399],[123.68375,25.92823],[123.68344,25.91919]]],[[[131.2306,25.81281],[131.2145,25.82208],[131.21999,25.86421],[131.2353,25.87235],[131.26279,25.86881],[131.27309,25.85521],[131.26389,25.82408],[131.2306,25.81281]]],[[[123.46045,25.73526],[123.46176,25.74535],[123.47639,25.75171],[123.49325,25.74468],[123.46045,25.73526]]],[[[123.54239,25.72532],[123.53779,25.73181],[123.54418,25.7293],[123.54239,25.72532]]],[[[123.55557,25.72083],[123.54496,25.72253],[123.55247,25.72446],[123.55557,25.72083]]],[[[125.24651,24.91987],[125.2294,24.934],[125.2468,24.9346],[125.2539,24.92453],[125.24651,24.91987]]],[[[125.3058,24.91253],[125.304,24.91507],[125.3041,24.91893],[125.3079,24.91633],[125.3065,24.91313],[125.3058,24.91253]]],[[[125.306,24.71147],[125.2604,24.73447],[125.2507,24.7554],[125.2604,24.76787],[125.264,24.75113],[125.2813,24.75093],[125.2552,24.79487],[125.2791,24.8114],[125.2752,24.83653],[125.28391,24.8434],[125.293,24.83593],[125.2943,24.8454],[125.2529,24.9098],[125.2624,24.90207],[125.2681,24.9076],[125.2842,24.88087],[125.2963,24.87767],[125.3111,24.83653],[125.3332,24.8218],[125.3324,24.79913],[125.3751,24.78913],[125.4002,24.766],[125.4296,24.7608],[125.4673,24.71887],[125.44991,24.73007],[125.3689,24.72893],[125.306,24.71147]]],[[[125.1812,24.81127],[125.15433,24.83611],[125.1614,24.865],[125.2078,24.84593],[125.2175,24.82727],[125.2149,24.80687],[125.1992,24.8028],[125.1812,24.81127]]],[[[125.1812,24.81127],[125.1615,24.80213],[125.1438,24.80687],[125.1328,24.82393],[125.1377,24.8418],[125.1812,24.81127]]],[[[124.6997,24.74647],[124.6758,24.7592],[124.6863,24.7632],[124.6997,24.74647]]],[[[125.2468,24.71267],[125.2367,24.71893],[125.2391,24.73107],[125.2551,24.72107],[125.2468,24.71267]]],[[[124.6906,24.63967],[124.6683,24.64647],[124.6697,24.66987],[124.6886,24.6784],[124.7202,24.6684],[124.7162,24.64507],[124.6906,24.63967]]],[[[124.173,24.32793],[124.1445,24.3352],[124.14111,24.3484],[124.1082,24.3632],[124.1378,24.3904],[124.1399,24.41113],[124.113,24.43227],[124.0818,24.41393],[124.0664,24.43013],[124.0738,24.4512],[124.1161,24.4446],[124.1132,24.46053],[124.1218,24.46847],[124.1126,24.48],[124.1404,24.46173],[124.131,24.44593],[124.1365,24.44007],[124.1496,24.45187],[124.2181,24.45267],[124.2252,24.49713],[124.2348,24.49627],[124.253,24.51753],[124.27541,24.50453],[124.2908,24.53873],[124.2789,24.5576],[124.3056,24.58653],[124.3081,24.60687],[124.33552,24.60271],[124.3333,24.57473],[124.3004,24.54313],[124.3033,24.52587],[124.2786,24.5032],[124.2777,24.48573],[124.2489,24.46513],[124.2543,24.4114],[124.2465,24.357],[124.2345,24.3434],[124.1958,24.35133],[124.1883,24.33207],[124.173,24.32793]]],[[[123.8229,24.4672],[123.8167,24.4676],[123.8124,24.4722],[123.8136,24.47613],[123.8193,24.47587],[123.8243,24.47153],[123.8229,24.4672]]],[[[123.0116,24.43718],[122.96633,24.43744],[122.93349,24.44816],[122.96251,24.47285],[123.01091,24.47378],[123.04211,24.46405],[123.0116,24.43718]]],[[[131.18688,24.46169],[131.18068,24.47208],[131.19498,24.46942],[131.18688,24.46169]]],[[[124.1463,24.45053],[124.1436,24.45487],[124.1443,24.45953],[124.1471,24.45747],[124.1486,24.45567],[124.1489,24.45487],[124.1463,24.45053]]],[[[123.8718,24.2544],[123.8324,24.27087],[123.7545,24.27873],[123.7204,24.2986],[123.7172,24.27747],[123.6797,24.28193],[123.6602,24.30707],[123.6851,24.30947],[123.6832,24.33133],[123.707,24.31267],[123.7017,24.3484],[123.713,24.3278],[123.7268,24.34147],[123.7277,24.3284],[123.7499,24.31173],[123.7435,24.34107],[123.7575,24.34713],[123.7413,24.36733],[123.7512,24.37427],[123.7416,24.39293],[123.75,24.3908],[123.7494,24.4018],[123.772,24.41987],[123.7626,24.4304],[123.7807,24.43647],[123.8105,24.40947],[123.8148,24.39087],[123.8315,24.4064],[123.8596,24.3942],[123.8718,24.40287],[123.8855,24.383],[123.9056,24.3836],[123.9206,24.36593],[123.9378,24.36427],[123.926,24.3434],[123.9257,24.31447],[123.91019,24.32427],[123.8981,24.3014],[123.9028,24.2746],[123.8811,24.2798],[123.8789,24.25547],[123.8718,24.2544]]],[[[123.7171,24.3644],[123.7109,24.37587],[123.7269,24.3766],[123.7171,24.3644]]],[[[124.0007,24.35993],[123.9968,24.3604],[123.9945,24.3624],[123.9968,24.36567],[124.002,24.3618],[124.0007,24.35993]]],[[[123.7394,24.34493],[123.7225,24.36373],[123.7413,24.3538],[123.7394,24.34493]]],[[[123.9888,24.32293],[123.9519,24.33533],[123.9672,24.3376],[123.9621,24.34893],[123.9774,24.35267],[124.002,24.32713],[123.9888,24.32293]]],[[[123.9294,24.34087],[123.9318,24.34307],[123.9332,24.34573],[123.9338,24.34233],[123.9328,24.34133],[123.9294,24.34087]]],[[[124.0805,24.30967],[124.07301,24.32327],[124.0814,24.33813],[124.0979,24.31813],[124.0805,24.30967]]],[[[124.1434,24.32833],[124.1399,24.33053],[124.1487,24.33193],[124.1492,24.32933],[124.1434,24.32833]]],[[[124.0107,24.21987],[123.9914,24.2368],[123.9968,24.25293],[124.0272,24.24373],[124.0271,24.23193],[124.0107,24.21987]]],[[[123.9352,24.22407],[123.9375,24.23367],[123.9415,24.23687],[123.9486,24.2418],[123.953,24.23767],[123.9406,24.2254],[123.9352,24.22407]]],[[[123.927,24.20873],[123.9197,24.2158],[123.932,24.2206],[123.927,24.20873]]],[[[123.55379,24.1914],[123.5627,24.19567],[123.5677,24.19433],[123.55379,24.1914]]],[[[123.7908,24.04473],[123.7597,24.0474],[123.7525,24.05993],[123.7853,24.0706],[123.8084,24.06233],[123.8037,24.049],[123.7908,24.04473]]],[[[123.54373,25.78218],[123.54345,25.7803],[123.5436,25.78128],[123.54373,25.78218]]],[[[123.5395,25.77952],[123.5404,25.77922],[123.53945,25.77909],[123.5395,25.77952]]],[[[123.54103,25.77927],[123.54184,25.77921],[123.54089,25.77885],[123.54103,25.77927]]],[[[123.56624,25.75526],[123.56706,25.75527],[123.56739,25.75492],[123.56624,25.75526]]],[[[123.50587,25.7359],[123.50625,25.73559],[123.5058,25.73573],[123.50587,25.7359]]],[[[126.83273,26.59565],[126.83063,26.59379],[126.83003,26.59511],[126.83273,26.59565]]],[[[123.50652,25.73554],[123.5066,25.73551],[123.50671,25.73544],[123.50672,25.7353],[123.5066,25.73535],[123.50646,25.73544],[123.50652,25.73554]]],[[[124.55639,25.92178],[124.5563,25.92163],[124.55608,25.92169],[124.55639,25.92178]]],[[[124.55642,25.92229],[124.55639,25.92194],[124.55596,25.92201],[124.55642,25.92229]]],[[[124.5588,25.92334],[124.55996,25.92192],[124.55655,25.92191],[124.5588,25.92334]]],[[[124.55979,25.92354],[124.55976,25.92333],[124.55925,25.92346],[124.55979,25.92354]]],[[[124.55913,25.92381],[124.5592,25.92356],[124.55871,25.92359],[124.55913,25.92381]]],[[[124.56015,25.92406],[124.55983,25.92388],[124.55947,25.924],[124.56015,25.92406]]],[[[124.5592,25.92435],[124.55909,25.92414],[124.55884,25.92406],[124.5592,25.92435]]]]}},{"type":"Feature","properties":{"id":6},"geometry":{"type":"MultiPolygon","coordinates":[[[[139.5441,39.18193],[139.53931,39.1958],[139.5498,39.20853],[139.5641,39.19753],[139.5441,39.18193]]],[[[139.8698,39.1186],[139.9483,39.1176],[139.99471,39.10593],[140.0079,39.1234],[140.06261,39.13393],[140.0627,39.09327],[140.11501,39.07773],[140.15089,39.04953],[140.1963,39.06147],[140.2019,39.03533],[140.2283,39.02753],[140.2608,39.0356],[140.3071,39.0148],[140.32941,39.0352],[140.3625,39.026],[140.3765,38.9948],[140.43221,38.99233],[140.4463,38.98027],[140.4623,38.91986],[140.4827,38.91687],[140.5024,38.8952],[140.5368,38.90093],[140.5477,38.88993],[140.54111,38.8618],[140.5912,38.83533],[140.6053,38.78333],[140.6463,38.7688],[140.60741,38.72066],[140.6071,38.70367],[140.62379,38.69973],[140.6243,38.6918],[140.60069,38.63987],[140.58839,38.63427],[140.54669,38.65007],[140.53799,38.63413],[140.5611,38.609],[140.55901,38.59793],[140.5699,38.59393],[140.5789,38.56853],[140.5553,38.54253],[140.5565,38.53013],[140.57181,38.52553],[140.564,38.51087],[140.5739,38.4958],[140.60451,38.48233],[140.6073,38.4606],[140.6201,38.45553],[140.59731,38.4372],[140.5807,38.4376],[140.5715,38.41327],[140.57831,38.39307],[140.52679,38.35807],[140.5293,38.3208],[140.5199,38.3098],[140.5045,38.31427],[140.49271,38.302],[140.4968,38.28307],[140.47141,38.26967],[140.4678,38.23253],[140.47951,38.18067],[140.46671,38.15653],[140.4445,38.14187],[140.44589,38.13007],[140.42419,38.1188],[140.4156,38.0792],[140.3826,38.07133],[140.3726,38.05727],[140.27721,38.05647],[140.2834,38.04987],[140.27631,38.02873],[140.2896,38.00733],[140.2724,37.96887],[140.2811,37.9418],[140.26601,37.91307],[140.2701,37.8672],[140.2627,37.83553],[140.2988,37.809],[140.2373,37.74673],[140.16699,37.75733],[140.11751,37.7346],[140.0999,37.74053],[140.0869,37.7582],[140.0692,37.75813],[140.04939,37.77927],[140.0354,37.7676],[139.99271,37.75893],[139.9782,37.76646],[139.9585,37.81413],[139.93739,37.82847],[139.92841,37.82787],[139.9256,37.81393],[139.88589,37.80986],[139.85851,37.827],[139.8102,37.80347],[139.7836,37.83187],[139.7422,37.82073],[139.7164,37.8538],[139.68111,37.8472],[139.62939,37.894],[139.62489,37.91867],[139.6425,37.94633],[139.6396,37.98453],[139.6537,37.99647],[139.6555,38.03433],[139.69279,38.0572],[139.69141,38.0746],[139.6723,38.07707],[139.6933,38.11547],[139.6826,38.16987],[139.6992,38.20267],[139.7867,38.19287],[139.8605,38.23167],[139.8765,38.26107],[139.9001,38.27607],[139.8988,38.29247],[139.84891,38.343],[139.817,38.35587],[139.7912,38.3492],[139.7531,38.35973],[139.7326,38.37187],[139.7225,38.39427],[139.7061,38.39187],[139.7179,38.4246],[139.71249,38.47967],[139.7245,38.4848],[139.72189,38.4966],[139.63789,38.51187],[139.6218,38.52567],[139.5988,38.5234],[139.5403,38.5584],[139.6149,38.67473],[139.6982,38.7302],[139.7617,38.80053],[139.8175,38.94253],[139.81171,38.94513],[139.8354,38.95647],[139.83479,38.96387],[139.819,38.96087],[139.84041,38.98547],[139.8718,39.06873],[139.879,39.0978],[139.8698,39.1186]]]]}},{"type":"Feature","properties":{"id":30},"geometry":{"type":"MultiPolygon","coordinates":[[[[135.5287,34.35133],[135.5795,34.3764],[135.6507,34.3832],[135.673,34.28067],[135.6824,34.27],[135.6925,34.2778],[135.7083,34.27127],[135.729,34.2338],[135.72569,34.22047],[135.70731,34.2082],[135.67551,34.22327],[135.64751,34.21867],[135.63429,34.20373],[135.6445,34.1884],[135.6218,34.1596],[135.5905,34.149],[135.5766,34.115],[135.5459,34.0978],[135.5396,34.075],[135.58,34.05693],[135.59891,34.03153],[135.5955,34.01153],[135.6218,34.0094],[135.6356,33.9908],[135.6362,33.95033],[135.61729,33.95427],[135.6093,33.91253],[135.59961,33.90807],[135.6218,33.89807],[135.6183,33.87187],[135.64751,33.8768],[135.66119,33.8978],[135.6866,33.90387],[135.728,33.90113],[135.75571,33.88507],[135.8013,33.89573],[135.8082,33.90647],[135.8479,33.8956],[135.8576,33.87287],[135.85631,33.818],[135.89,33.80187],[135.9071,33.76673],[135.937,33.75753],[135.94121,33.73513],[135.9762,33.72334],[135.97121,33.73227],[135.98351,33.736],[136.01131,33.72353],[135.98849,33.6848],[135.974,33.67853],[135.97411,33.6618],[135.9886,33.66053],[135.9791,33.64887],[135.97501,33.6572],[135.93581,33.6402],[135.952,33.63253],[135.95171,33.6192],[135.9445,33.6278],[135.9447,33.61713],[135.9258,33.6046],[135.9335,33.59313],[135.9435,33.60407],[135.9451,33.59067],[135.96091,33.595],[135.9576,33.5806],[135.9227,33.57593],[135.89,33.55587],[135.9238,33.55933],[135.8779,33.52833],[135.8718,33.53307],[135.7982,33.49894],[135.782,33.4698],[135.79781,33.44507],[135.7907,33.4482],[135.78731,33.4378],[135.7699,33.44674],[135.7623,33.43327],[135.7524,33.43767],[135.7509,33.45093],[135.77589,33.46513],[135.7744,33.477],[135.7663,33.47293],[135.7594,33.48413],[135.73911,33.4766],[135.7366,33.48567],[135.7244,33.4778],[135.71471,33.485],[135.70799,33.47807],[135.7005,33.4934],[135.6637,33.49047],[135.6302,33.5086],[135.59109,33.50727],[135.59241,33.498],[135.57069,33.5166],[135.511,33.5252],[135.48759,33.55027],[135.4463,33.54907],[135.4472,33.56413],[135.4202,33.57013],[135.4169,33.5806],[135.4099,33.5756],[135.3918,33.59067],[135.39301,33.63927],[135.33,33.67014],[135.3437,33.6822],[135.3351,33.69453],[135.35471,33.69507],[135.3596,33.677],[135.36591,33.6858],[135.3773,33.68327],[135.37219,33.6896],[135.38271,33.69133],[135.38319,33.70293],[135.38541,33.6936],[135.39551,33.70313],[135.3998,33.72027],[135.3829,33.71713],[135.3718,33.7314],[135.3539,33.7262],[135.354,33.744],[135.32809,33.74147],[135.311,33.76927],[135.2968,33.76434],[135.2719,33.7818],[135.23441,33.78133],[135.235,33.79827],[135.2166,33.81407],[135.20779,33.80867],[135.186,33.81907],[135.1438,33.8834],[135.1133,33.89327],[135.05721,33.87967],[135.06441,33.89453],[135.058,33.90253],[135.08321,33.91113],[135.06799,33.93087],[135.11459,33.95967],[135.10069,33.96634],[135.0806,33.956],[135.07401,33.95887],[135.08521,33.96853],[135.0675,33.97614],[135.08659,33.9792],[135.0923,33.99267],[135.11101,33.98973],[135.14999,34.00653],[135.13881,34.0188],[135.1734,34.03187],[135.15891,34.04673],[135.1463,34.045],[135.1358,34.06433],[135.0789,34.0734],[135.09039,34.0736],[135.09731,34.094],[135.11121,34.09793],[135.1153,34.11987],[135.1445,34.1112],[135.1243,34.13587],[135.16859,34.1334],[135.20889,34.1518],[135.18381,34.14827],[135.1926,34.15813],[135.1825,34.15867],[135.1795,34.18653],[135.1718,34.18526],[135.1769,34.1754],[135.1667,34.18693],[135.14171,34.18713],[135.1366,34.201],[135.1496,34.20007],[135.138,34.22527],[135.10001,34.23567],[135.1322,34.22973],[135.1203,34.24307],[135.088,34.26073],[135.0611,34.26353],[135.073,34.27693],[135.0735,34.30407],[135.1031,34.3104],[135.0965,34.29587],[135.11121,34.272],[135.14799,34.28354],[135.15311,34.2742],[135.2048,34.2888],[135.2076,34.30807],[135.2251,34.30087],[135.2822,34.3178],[135.29311,34.29933],[135.3035,34.31267],[135.33,34.31667],[135.3382,34.33513],[135.39709,34.33053],[135.4088,34.34187],[135.46609,34.34787],[135.485,34.36274],[135.50301,34.33653],[135.5287,34.35133]]],[[[135.0446,34.2922],[135.0336,34.29533],[135.0594,34.29794],[135.0446,34.2922]]],[[[135.008,34.27627],[134.9987,34.2796],[135.0265,34.29373],[135.008,34.27627]]],[[[135.1826,34.1506],[135.17599,34.15187],[135.17509,34.15854],[135.1826,34.1506]]],[[[135.10181,34.1088],[135.0984,34.10887],[135.0974,34.11507],[135.1017,34.1176],[135.1017,34.1134],[135.1044,34.11047],[135.10181,34.1088]]],[[[135.0793,34.10987],[135.0755,34.11247],[135.07581,34.11467],[135.0788,34.1144],[135.0804,34.1148],[135.08301,34.1132],[135.0793,34.10987]]],[[[135.1218,34.0154],[135.12061,34.01947],[135.1259,34.01733],[135.1218,34.0154]]],[[[135.9153,33.97247],[135.97549,33.98667],[136.00661,34.00706],[135.9951,34.0002],[136.011,33.9662],[135.9991,33.9556],[135.97659,33.9664],[135.9686,33.929],[135.9278,33.94093],[135.9306,33.93313],[135.91769,33.9222],[135.9323,33.91673],[135.901,33.92433],[135.8934,33.94807],[135.9153,33.97247]]],[[[135.09621,34.00273],[135.0912,34.00407],[135.10181,34.0048],[135.09621,34.00273]]],[[[135.0914,34.00153],[135.0887,34.0032],[135.0899,34.00333],[135.09131,34.0032],[135.0918,34.00307],[135.0914,34.00153]]],[[[135.0885,33.9876],[135.0869,33.9876],[135.0815,33.98887],[135.0862,33.99154],[135.0885,33.9876]]],[[[135.0739,33.9474],[135.0719,33.94994],[135.07291,33.9506],[135.0755,33.9486],[135.0739,33.9474]]],[[[135.8804,33.90913],[135.8838,33.8864],[135.8918,33.88133],[135.8923,33.8936],[135.90131,33.88353],[135.89551,33.8688],[135.8812,33.87227],[135.8744,33.86147],[135.88229,33.87873],[135.8607,33.887],[135.8591,33.89813],[135.8661,33.92113],[135.8804,33.917],[135.8804,33.90913]]],[[[135.14709,33.8568],[135.1443,33.8614],[135.1459,33.8604],[135.1548,33.86193],[135.1545,33.85807],[135.14709,33.8568]]],[[[135.3152,33.74987],[135.3131,33.75247],[135.31349,33.75247],[135.31531,33.74994],[135.3152,33.74987]]],[[[135.3636,33.69473],[135.3624,33.69714],[135.3645,33.69714],[135.3638,33.69553],[135.3636,33.69473]]],[[[135.3662,33.6862],[135.36371,33.68727],[135.366,33.68807],[135.36729,33.68734],[135.3662,33.6862]]],[[[135.948,33.61873],[135.94521,33.6206],[135.94569,33.622],[135.9476,33.6202],[135.948,33.61873]]],[[[135.4883,33.5426],[135.48601,33.54373],[135.4861,33.54407],[135.48871,33.544],[135.4883,33.5426]]],[[[135.5601,33.51113],[135.5587,33.51173],[135.5574,33.5126],[135.5602,33.51193],[135.5601,33.51113]]],[[[135.8318,33.44907],[135.82159,33.4612],[135.79829,33.4626],[135.80161,33.4732],[135.8109,33.48107],[135.8625,33.47247],[135.85341,33.46013],[135.8295,33.45627],[135.8318,33.44907]]],[[[135.817,33.44587],[135.813,33.4508],[135.8195,33.45234],[135.817,33.44587]]]]}},{"type":"Feature","properties":{"id":42},"geometry":{"type":"MultiPolygon","coordinates":[[[[129.43291,34.70373],[129.4351,34.70713],[129.4404,34.70647],[129.43291,34.70373]]],[[[129.3831,34.42433],[129.3699,34.43913],[129.3638,34.43407],[129.3654,34.41773],[129.3737,34.426],[129.3786,34.4122],[129.351,34.38667],[129.3855,34.397],[129.3968,34.4118],[129.39059,34.38346],[129.3736,34.38947],[129.3821,34.37207],[129.3718,34.36967],[129.39301,34.3618],[129.38741,34.35073],[129.3644,34.34493],[129.3866,34.34647],[129.394,34.33513],[129.38921,34.329],[129.36459,34.33867],[129.3777,34.31187],[129.36211,34.32],[129.3698,34.31107],[129.3517,34.2958],[129.355,34.30853],[129.3439,34.2998],[129.33279,34.31827],[129.3522,34.31933],[129.34261,34.32693],[129.3495,34.33653],[129.3423,34.33653],[129.35789,34.338],[129.34019,34.35627],[129.3542,34.37433],[129.3331,34.3634],[129.3369,34.38066],[129.3282,34.36453],[129.3219,34.36946],[129.3246,34.35187],[129.32001,34.3568],[129.30771,34.33687],[129.3103,34.3458],[129.3024,34.3412],[129.2998,34.35093],[129.3112,34.3604],[129.3055,34.35467],[129.2981,34.3702],[129.3101,34.3886],[129.29311,34.3754],[129.2868,34.38733],[129.2822,34.38313],[129.2917,34.3728],[129.2785,34.36307],[129.2971,34.35413],[129.2877,34.3556],[129.28709,34.33927],[129.2795,34.3544],[129.2827,34.3444],[129.27119,34.35727],[129.2532,34.35],[129.22681,34.36173],[129.2424,34.3692],[129.2495,34.355],[129.2524,34.36647],[129.27541,34.3728],[129.26801,34.38533],[129.27119,34.41566],[129.28371,34.4156],[129.27071,34.4244],[129.27991,34.42727],[129.27361,34.4404],[129.28419,34.44366],[129.2928,34.43327],[129.29131,34.445],[129.3013,34.4552],[129.3102,34.44993],[129.3127,34.46547],[129.2818,34.44813],[129.27341,34.46767],[129.2912,34.48573],[129.30679,34.52627],[129.31329,34.51493],[129.3192,34.53747],[129.326,34.52827],[129.3436,34.53333],[129.3286,34.5328],[129.3257,34.5512],[129.3138,34.549],[129.3049,34.56793],[129.29539,34.5568],[129.28571,34.56],[129.304,34.58873],[129.3203,34.64873],[129.332,34.64947],[129.33191,34.63693],[129.35139,34.6496],[129.3631,34.63853],[129.37289,34.64673],[129.39571,34.63906],[129.38251,34.64893],[129.39349,34.6514],[129.40579,34.67673],[129.4328,34.67267],[129.4287,34.68087],[129.4169,34.67913],[129.4149,34.69213],[129.43871,34.69347],[129.448,34.7066],[129.4565,34.69247],[129.4626,34.70093],[129.47079,34.68953],[129.4801,34.69327],[129.47,34.68433],[129.47411,34.67293],[129.4926,34.68347],[129.48331,34.6682],[129.49631,34.66727],[129.48019,34.65267],[129.46449,34.654],[129.4801,34.64093],[129.49001,34.64527],[129.48311,34.63053],[129.4705,34.628],[129.4783,34.61767],[129.4606,34.614],[129.4464,34.6312],[129.44141,34.62533],[129.4552,34.61246],[129.4369,34.62387],[129.4324,34.61767],[129.43159,34.6084],[129.4473,34.61433],[129.45329,34.6028],[129.4691,34.60787],[129.4776,34.59493],[129.4725,34.5562],[129.4565,34.5544],[129.4603,34.53993],[129.44389,34.5296],[129.4501,34.524],[129.4362,34.5078],[129.3969,34.481],[129.3777,34.45167],[129.36839,34.453],[129.38271,34.4392],[129.3831,34.42433]]],[[[129.4789,34.67994],[129.47729,34.68307],[129.47951,34.68233],[129.481,34.68313],[129.4789,34.67994]]],[[[129.2639,34.42693],[129.2653,34.43024],[129.26656,34.42787],[129.2639,34.42693]]],[[[129.26544,34.42222],[129.26462,34.42251],[129.26494,34.42347],[129.26628,34.42344],[129.2662,34.42241],[129.26544,34.42222]]],[[[129.2682,34.41747],[129.26633,34.42045],[129.26871,34.42054],[129.2682,34.41747]]],[[[129.4063,34.35053],[129.40269,34.3604],[129.4109,34.363],[129.4063,34.35053]]],[[[129.39661,34.33427],[129.3884,34.34106],[129.3958,34.35987],[129.4057,34.34973],[129.39841,34.34213],[129.40579,34.33653],[129.39661,34.33427]]],[[[129.3389,34.3514],[129.3383,34.353],[129.339,34.3538],[129.3425,34.35487],[129.3389,34.3514]]],[[[129.34171,34.34526],[129.33949,34.34833],[129.34669,34.3512],[129.3447,34.3478],[129.34399,34.34733],[129.34261,34.3486],[129.34171,34.34526]]],[[[129.3331,34.33993],[129.33231,34.34067],[129.3327,34.34253],[129.3335,34.34433],[129.3331,34.33993]]],[[[129.3405,34.33567],[129.3387,34.33653],[129.3387,34.33753],[129.3401,34.33653],[129.3405,34.33567]]],[[[129.33279,34.30427],[129.3197,34.30607],[129.3277,34.3126],[129.31931,34.30813],[129.3252,34.31773],[129.3158,34.31293],[129.3145,34.32433],[129.30051,34.32187],[129.29941,34.33007],[129.2906,34.32293],[129.2966,34.33653],[129.3174,34.32594],[129.325,34.33607],[129.33279,34.30427]]],[[[129.21339,34.08387],[129.21201,34.1132],[129.2028,34.10387],[129.1819,34.11807],[129.16631,34.1032],[129.20351,34.331],[129.2267,34.3224],[129.2216,34.29353],[129.25551,34.31133],[129.2509,34.29867],[129.25909,34.30027],[129.26021,34.29067],[129.2663,34.30507],[129.27921,34.30593],[129.2897,34.27687],[129.28799,34.30453],[129.2738,34.3098],[129.26601,34.32787],[129.28641,34.31347],[129.2937,34.31973],[129.2963,34.30067],[129.3087,34.30767],[129.2998,34.2966],[129.3046,34.2772],[129.308,34.28873],[129.31689,34.27687],[129.31619,34.29713],[129.3327,34.2976],[129.3334,34.28987],[129.3472,34.2972],[129.35201,34.27747],[129.32851,34.27593],[129.3252,34.2622],[129.31599,34.26227],[129.32291,34.25867],[129.3172,34.23147],[129.3248,34.226],[129.30521,34.21587],[129.298,34.22273],[129.2982,34.19413],[129.28729,34.19987],[129.2831,34.1876],[129.2961,34.18667],[129.2879,34.17567],[129.29559,34.1738],[129.29449,34.16073],[129.2816,34.1642],[129.2841,34.14533],[129.2735,34.14594],[129.28101,34.13033],[129.2532,34.12613],[129.2598,34.11486],[129.2383,34.10207],[129.23289,34.114],[129.2289,34.09573],[129.21851,34.09633],[129.21339,34.08387]]],[[[129.3956,34.31173],[129.38699,34.3204],[129.41119,34.3194],[129.3956,34.31173]]],[[[129.321,34.29953],[129.32539,34.3046],[129.3264,34.304],[129.321,34.29953]]],[[[129.35921,34.2712],[129.3474,34.28467],[129.3504,34.2942],[129.3924,34.30013],[129.35921,34.2712]]],[[[129.242,34.09633],[129.23849,34.0978],[129.23869,34.1002],[129.243,34.099],[129.242,34.09633]]],[[[129.68851,33.86133],[129.68181,33.8704],[129.6888,33.8704],[129.68851,33.86133]]],[[[129.67709,33.86253],[129.6725,33.86867],[129.6805,33.8702],[129.67709,33.86253]]],[[[129.6983,33.86487],[129.6935,33.86587],[129.7011,33.869],[129.6983,33.86487]]],[[[129.7159,33.7044],[129.6908,33.71327],[129.6947,33.7268],[129.6768,33.72787],[129.69,33.74533],[129.68291,33.74307],[129.6729,33.75933],[129.65649,33.73847],[129.64639,33.75187],[129.6539,33.76147],[129.6427,33.76753],[129.6489,33.77374],[129.685,33.7596],[129.6754,33.77813],[129.6557,33.7798],[129.66,33.78807],[129.6505,33.80007],[129.66631,33.7998],[129.6494,33.80653],[129.6599,33.81334],[129.6749,33.79693],[129.6765,33.805],[129.689,33.80494],[129.6721,33.8192],[129.6711,33.8374],[129.688,33.85727],[129.7039,33.8548],[129.6956,33.8574],[129.7021,33.8628],[129.7242,33.85014],[129.7717,33.8428],[129.76311,33.8114],[129.7438,33.80827],[129.79829,33.7884],[129.7951,33.77947],[129.7695,33.78513],[129.7572,33.7758],[129.7971,33.76247],[129.7876,33.74153],[129.7316,33.73747],[129.7159,33.7044]]],[[[129.6611,33.82867],[129.6591,33.82947],[129.65781,33.8338],[129.65981,33.83307],[129.65959,33.8314],[129.6611,33.82867]]],[[[129.6441,33.7532],[129.6432,33.7532],[129.64369,33.754],[129.6441,33.7532]]],[[[129.63049,33.73227],[129.6284,33.74393],[129.6423,33.74233],[129.63049,33.73227]]],[[[129.8644,33.74073],[129.8689,33.7428],[129.8685,33.74213],[129.8676,33.74167],[129.8644,33.74073]]],[[[129.75749,33.72993],[129.7538,33.7316],[129.75661,33.73653],[129.7603,33.73573],[129.76019,33.7334],[129.75749,33.72993]]],[[[129.6275,33.72273],[129.6266,33.7296],[129.6357,33.72727],[129.6275,33.72273]]],[[[129.647,33.71813],[129.6431,33.723],[129.6517,33.72613],[129.647,33.71813]]],[[[129.62399,33.69867],[129.6236,33.70053],[129.62509,33.69987],[129.6256,33.6988],[129.62399,33.69867]]],[[[129.5526,33.604],[129.5515,33.60673],[129.5575,33.6094],[129.5526,33.604]]],[[[129.5528,33.46933],[129.528,33.48627],[129.51221,33.48067],[129.5206,33.47167],[129.4968,33.47267],[129.53171,33.5032],[129.5545,33.50993],[129.5517,33.49053],[129.5657,33.4914],[129.56349,33.501],[129.58231,33.49607],[129.5528,33.46933]]],[[[129.73221,33.40567],[129.7187,33.41987],[129.74319,33.42887],[129.7386,33.43653],[129.7583,33.45567],[129.7502,33.4594],[129.7556,33.46914],[129.77319,33.45293],[129.7662,33.44073],[129.79199,33.4304],[129.763,33.43333],[129.75729,33.41527],[129.7468,33.4214],[129.7493,33.41187],[129.73221,33.40567]]],[[[129.72659,33.4514],[129.7128,33.4604],[129.7238,33.46073],[129.72659,33.4514]]],[[[129.50861,33.4242],[129.50571,33.4346],[129.5294,33.45433],[129.5432,33.442],[129.50861,33.4242]]],[[[129.4156,33.351],[129.3967,33.3604],[129.4213,33.4124],[129.4205,33.4324],[129.4328,33.4422],[129.4342,33.35487],[129.4156,33.351]]],[[[129.5336,33.42127],[129.53259,33.424],[129.5314,33.42587],[129.5334,33.42487],[129.5336,33.42127]]],[[[129.71111,33.41987],[129.7093,33.41987],[129.7065,33.42434],[129.7099,33.42367],[129.71111,33.41987]]],[[[129.68401,33.40587],[129.6819,33.41913],[129.6853,33.41927],[129.68401,33.40587]]],[[[129.81219,33.34853],[129.80319,33.36593],[129.8125,33.36654],[129.8129,33.40307],[129.7959,33.4138],[129.8291,33.4068],[129.83591,33.3818],[129.8414,33.38733],[129.8586,33.3786],[129.84689,33.36787],[129.8367,33.37114],[129.83611,33.36293],[129.81841,33.36567],[129.81219,33.34853]]],[[[129.3748,33.169],[129.3476,33.18213],[129.35789,33.19187],[129.3548,33.207],[129.36571,33.18693],[129.399,33.17987],[129.40601,33.19713],[129.381,33.20667],[129.3815,33.2264],[129.407,33.2396],[129.4239,33.2246],[129.4193,33.2392],[129.43471,33.2372],[129.4104,33.2484],[129.4026,33.26527],[129.40579,33.27806],[129.4257,33.28013],[129.423,33.29027],[129.44591,33.29127],[129.43179,33.314],[129.4422,33.33027],[129.43629,33.34707],[129.4987,33.3558],[129.50999,33.38133],[129.52119,33.37567],[129.51289,33.35667],[129.5239,33.35487],[129.53059,33.36713],[129.52361,33.37987],[129.53979,33.37293],[129.5506,33.38047],[129.5415,33.39047],[129.5222,33.38707],[129.51711,33.39073],[129.526,33.39553],[129.5174,33.39947],[129.5529,33.40933],[129.56151,33.38227],[129.5522,33.36887],[129.56889,33.359],[129.54491,33.34867],[129.54379,33.331],[129.5135,33.3308],[129.5311,33.31227],[129.52609,33.3036],[129.50031,33.30027],[129.51151,33.29007],[129.50481,33.28593],[129.4848,33.2846],[129.50369,33.27127],[129.5007,33.25967],[129.4333,33.19093],[129.3748,33.169]]],[[[129.77969,33.393],[129.7746,33.40087],[129.7843,33.39713],[129.77969,33.393]]],[[[129.6322,33.36227],[129.63049,33.37053],[129.65739,33.36853],[129.67149,33.39953],[129.6844,33.385],[129.67439,33.38507],[129.6675,33.36273],[129.6776,33.353],[129.69611,33.36127],[129.69299,33.35107],[129.7146,33.34773],[129.7444,33.36707],[129.7699,33.35453],[129.7747,33.37107],[129.78999,33.36934],[129.7899,33.34033],[129.7755,33.3322],[129.7588,33.29027],[129.8134,33.24207],[129.80659,33.21013],[129.81799,33.18347],[129.8877,33.15627],[129.9425,33.16433],[129.9545,33.1166],[129.9256,33.10747],[129.92149,33.0904],[129.9325,33.088],[129.9389,33.07273],[129.9825,33.0564],[130.00099,33.0254],[130.02811,33.01847],[130.061,32.986],[130.0752,32.98727],[130.08569,32.9748],[130.202,32.9582],[130.20041,32.92973],[130.1834,32.9142],[130.1651,32.91413],[130.15269,32.90013],[130.10941,32.886],[130.09149,32.86044],[130.11901,32.87394],[130.13845,32.85355],[130.12773,32.84126],[130.1425,32.8504],[130.18561,32.84027],[130.24141,32.87493],[130.2916,32.8788],[130.3385,32.85607],[130.3773,32.7782],[130.36819,32.76434],[130.37399,32.73893],[130.3447,32.70853],[130.3564,32.69533],[130.3492,32.67714],[130.30099,32.65154],[130.2589,32.65253],[130.26511,32.6482],[130.2585,32.63453],[130.2399,32.628],[130.2318,32.6122],[130.2072,32.60434],[130.18761,32.6112],[130.19701,32.60193],[130.1678,32.5908],[130.174,32.60707],[130.1665,32.62133],[130.13,32.6392],[130.12601,32.68913],[130.1412,32.67807],[130.15871,32.6936],[130.1707,32.6928],[130.1702,32.70147],[130.20081,32.7206],[130.2068,32.7532],[130.18401,32.76273],[130.19279,32.78167],[130.17931,32.79387],[130.14301,32.79607],[130.12401,32.78793],[130.0835,32.79447],[130.0224,32.75853],[129.94859,32.7604],[129.95509,32.74147],[129.93311,32.7174],[129.9297,32.72313],[129.9239,32.70767],[129.9129,32.71227],[129.9138,32.69473],[129.8925,32.66034],[129.8712,32.64467],[129.836,32.63934],[129.8315,32.61587],[129.7789,32.5828],[129.78101,32.57193],[129.765,32.5828],[129.7388,32.5692],[129.735,32.58],[129.7486,32.59187],[129.75121,32.58154],[129.7534,32.5924],[129.77769,32.60294],[129.80341,32.64853],[129.81619,32.6552],[129.8188,32.68447],[129.8027,32.6776],[129.7926,32.69407],[129.8031,32.6908],[129.8279,32.707],[129.8194,32.69553],[129.836,32.68847],[129.8331,32.69773],[129.84441,32.6978],[129.8699,32.75053],[129.84509,32.7206],[129.83971,32.72827],[129.8186,32.71993],[129.8286,32.7436],[129.80479,32.7438],[129.8129,32.75873],[129.7916,32.7652],[129.80099,32.77627],[129.76559,32.79973],[129.774,32.81833],[129.7459,32.8224],[129.73689,32.8054],[129.7153,32.83393],[129.7019,32.83093],[129.65109,32.93107],[129.642,32.93227],[129.6387,32.91853],[129.6338,32.9254],[129.6333,32.93647],[129.63989,32.93454],[129.63741,32.94713],[129.6241,32.95233],[129.63319,32.95087],[129.62669,32.97893],[129.64169,32.99446],[129.651,32.9866],[129.6503,32.99887],[129.661,33.0004],[129.64619,33.03573],[129.6575,33.03947],[129.6649,33.06353],[129.6785,33.06233],[129.65891,33.0698],[129.6777,33.07873],[129.661,33.07593],[129.6781,33.08653],[129.6758,33.0982],[129.6989,33.09113],[129.70529,33.0792],[129.7086,33.088],[129.72079,33.0782],[129.7133,33.07153],[129.7281,33.07527],[129.735,33.06133],[129.7261,33.0466],[129.7487,33.06007],[129.76089,33.04933],[129.73221,33.01686],[129.7375,32.98887],[129.7655,32.99887],[129.7511,33.0032],[129.76289,33.02113],[129.785,33.00553],[129.80009,33.0076],[129.8141,32.99513],[129.81059,32.98427],[129.8203,32.98407],[129.82269,32.97173],[129.80589,32.96187],[129.81709,32.9454],[129.80811,32.91673],[129.7971,32.92247],[129.80009,32.93867],[129.7942,32.93233],[129.7977,32.95393],[129.7849,32.948],[129.78459,32.9188],[129.7926,32.91433],[129.783,32.9086],[129.7883,32.8996],[129.80569,32.90887],[129.80949,32.89507],[129.7999,32.87993],[129.78979,32.88513],[129.7877,32.8668],[129.79379,32.87293],[129.7988,32.86407],[129.81531,32.86327],[129.8466,32.83087],[129.8515,32.86047],[129.8676,32.84407],[129.87981,32.88213],[129.89169,32.868],[129.896,32.87987],[129.9325,32.8576],[129.94969,32.863],[129.95709,32.84653],[129.9736,32.84967],[129.97791,32.83613],[130.00351,32.83813],[130.00771,32.84633],[129.9657,32.87247],[129.9702,32.88887],[129.9492,32.89473],[129.9547,32.9048],[129.9301,32.92333],[129.9272,32.96867],[129.9493,32.9854],[129.94479,33.014],[129.92101,33.0338],[129.8718,33.0648],[129.85359,33.06227],[129.84261,33.04753],[129.8376,33.0552],[129.83141,33.03953],[129.8197,33.0378],[129.8213,33.05573],[129.8362,33.05973],[129.79849,33.06607],[129.8065,33.07673],[129.79401,33.0834],[129.7646,33.07793],[129.7684,33.10113],[129.757,33.08193],[129.7804,33.06127],[129.76331,33.05727],[129.7639,33.0504],[129.75569,33.06567],[129.7422,33.06167],[129.73871,33.071],[129.7489,33.07593],[129.7437,33.08353],[129.73871,33.07833],[129.72881,33.09913],[129.7524,33.1002],[129.74269,33.12147],[129.7597,33.1136],[129.75729,33.1278],[129.7729,33.12633],[129.75841,33.1318],[129.76511,33.143],[129.7847,33.14273],[129.7541,33.14727],[129.7411,33.13213],[129.7308,33.13653],[129.731,33.12427],[129.72009,33.13687],[129.72639,33.16167],[129.7007,33.16313],[129.7094,33.12487],[129.69901,33.12493],[129.7095,33.1154],[129.67,33.11827],[129.66479,33.10147],[129.6577,33.13233],[129.6797,33.12593],[129.6974,33.14233],[129.68159,33.1456],[129.6725,33.16733],[129.6669,33.16207],[129.6478,33.1734],[129.6358,33.16707],[129.65691,33.1858],[129.6451,33.19506],[129.6488,33.20766],[129.63631,33.22507],[129.63811,33.199],[129.62579,33.18853],[129.6178,33.19786],[129.6207,33.21647],[129.6132,33.203],[129.60049,33.20547],[129.6138,33.22407],[129.59509,33.20887],[129.59619,33.2176],[129.5845,33.21053],[129.58549,33.21753],[129.56551,33.22173],[129.5544,33.2158],[129.55971,33.22573],[129.5531,33.23107],[129.5676,33.22947],[129.5654,33.24507],[129.5558,33.2454],[129.5746,33.2636],[129.5692,33.27073],[129.57961,33.27973],[129.5782,33.26627],[129.59019,33.2764],[129.5822,33.28953],[129.6059,33.31187],[129.62151,33.3102],[129.6073,33.3148],[129.5842,33.3058],[129.56129,33.3244],[129.5619,33.33267],[129.57491,33.33207],[129.5766,33.3622],[129.5679,33.37713],[129.597,33.3808],[129.59219,33.36934],[129.6165,33.376],[129.6322,33.36227]]],[[[129.77859,33.3898],[129.77361,33.39174],[129.7751,33.392],[129.7787,33.39067],[129.77859,33.3898]]],[[[129.6037,33.3804],[129.59351,33.3842],[129.59779,33.38413],[129.5997,33.38227],[129.6008,33.382],[129.6037,33.3804]]],[[[129.5788,33.30347],[129.5784,33.30527],[129.5784,33.3058],[129.5815,33.30547],[129.5788,33.30347]]],[[[129.1179,33.2456],[129.0965,33.24826],[129.08279,33.26467],[129.0726,33.25913],[129.0697,33.2702],[129.09109,33.28747],[129.12061,33.2886],[129.123,33.30127],[129.1347,33.3022],[129.1394,33.2792],[129.155,33.27227],[129.1265,33.2602],[129.13181,33.2532],[129.1179,33.2456]]],[[[129.57249,33.2876],[129.57381,33.2906],[129.5769,33.29053],[129.5748,33.2894],[129.57291,33.28767],[129.57249,33.2876]]],[[[129.5625,33.28693],[129.56219,33.28753],[129.5649,33.29053],[129.5667,33.288],[129.5649,33.28786],[129.5625,33.28693]]],[[[129.5715,33.27666],[129.5717,33.279],[129.5722,33.27953],[129.5732,33.27753],[129.5715,33.27666]]],[[[129.5641,33.27093],[129.5658,33.2746],[129.56979,33.27553],[129.5641,33.27093]]],[[[129.56461,33.26153],[129.55811,33.2646],[129.5616,33.2688],[129.56461,33.26153]]],[[[129.5509,33.26187],[129.55161,33.2636],[129.5524,33.264],[129.5554,33.26533],[129.5544,33.26307],[129.5509,33.26187]]],[[[129.5583,33.2592],[129.5578,33.2612],[129.56129,33.2626],[129.5583,33.2592]]],[[[129.0701,33.24447],[129.0589,33.25006],[129.0652,33.26247],[129.0701,33.24447]]],[[[129.5593,33.2532],[129.5584,33.2532],[129.55971,33.25547],[129.5593,33.2532]]],[[[129.5618,33.2504],[129.55859,33.2512],[129.5601,33.25113],[129.5609,33.2532],[129.561,33.25447],[129.5639,33.2532],[129.5618,33.2504]]],[[[129.55521,33.25307],[129.5542,33.2532],[129.5553,33.25427],[129.5567,33.2532],[129.5556,33.2532],[129.5551,33.2532],[129.55521,33.25307]]],[[[129.0649,33.25233],[129.06441,33.2532],[129.06511,33.2532],[129.0652,33.25273],[129.0649,33.25233]]],[[[129.3374,33.24833],[129.3344,33.24927],[129.3387,33.25227],[129.3403,33.25227],[129.3374,33.24833]]],[[[129.55389,33.22633],[129.5513,33.22873],[129.5513,33.2292],[129.5547,33.22793],[129.5571,33.22653],[129.55389,33.22633]]],[[[129.1312,33.2202],[129.13091,33.221],[129.129,33.2254],[129.1338,33.2278],[129.1396,33.22373],[129.13701,33.2204],[129.1312,33.2202]]],[[[129.06779,33.21767],[129.0619,33.22707],[129.0732,33.2236],[129.06779,33.21767]]],[[[129.04961,33.1834],[129.04581,33.19573],[129.0275,33.19947],[129.03799,33.21113],[129.041,33.2048],[129.0448,33.21907],[129.0665,33.20673],[129.0957,33.21573],[129.0936,33.20673],[129.0799,33.2086],[129.0822,33.1956],[129.0936,33.1916],[129.0881,33.18593],[129.06621,33.19487],[129.04961,33.1834]]],[[[129.56841,33.2124],[129.5647,33.21313],[129.56419,33.21733],[129.56731,33.2146],[129.56841,33.2124]]],[[[129.1315,33.1592],[129.119,33.1776],[129.1142,33.20853],[129.12201,33.21367],[129.1413,33.19427],[129.1304,33.18533],[129.1315,33.1592]]],[[[129.0215,33.19973],[129.0125,33.2006],[129.0132,33.21253],[129.02361,33.213],[129.0215,33.19973]]],[[[129.5759,33.20753],[129.57629,33.213],[129.5788,33.21107],[129.5787,33.2094],[129.5759,33.20753]]],[[[129.3506,33.20807],[129.3476,33.2092],[129.34869,33.21193],[129.35181,33.2126],[129.35069,33.21073],[129.3506,33.20807]]],[[[129.59019,33.20207],[129.5806,33.20613],[129.59309,33.20433],[129.59019,33.20207]]],[[[129.5965,33.20147],[129.59619,33.20493],[129.60181,33.20227],[129.5965,33.20147]]],[[[129.59779,33.19073],[129.5988,33.19953],[129.599,33.1936],[129.59779,33.19073]]],[[[129.6102,33.18953],[129.6089,33.1922],[129.61031,33.1974],[129.6102,33.18953]]],[[[129.5784,33.1954],[129.57649,33.19593],[129.57649,33.19633],[129.57851,33.19627],[129.5784,33.1954]]],[[[129.3423,33.193],[129.33949,33.19467],[129.34109,33.19587],[129.3425,33.1958],[129.3423,33.193]]],[[[128.929,33.1904],[128.92509,33.19133],[128.92551,33.19447],[128.9267,33.1946],[128.92911,33.19407],[128.929,33.1904]]],[[[128.979,33.18467],[128.98441,33.19333],[128.9894,33.1878],[128.979,33.18467]]],[[[129.5813,33.16107],[129.58949,33.16986],[129.5782,33.1894],[129.5912,33.19247],[129.59061,33.1636],[129.5813,33.16107]]],[[[129.3345,33.1824],[129.33769,33.18993],[129.3383,33.18613],[129.3345,33.1824]]],[[[129.6123,33.18427],[129.6093,33.1864],[129.6104,33.18833],[129.6134,33.18787],[129.6123,33.18427]]],[[[129.3466,33.17773],[129.3445,33.18007],[129.34081,33.1834],[129.343,33.1852],[129.3436,33.18367],[129.3468,33.18213],[129.3466,33.17773]]],[[[129.0224,33.17947],[129.0159,33.1842],[129.0209,33.18467],[129.0224,33.17947]]],[[[129.0528,33.17707],[129.0551,33.18333],[129.0589,33.17953],[129.0528,33.17707]]],[[[129.0114,33.1784],[129.0092,33.1794],[129.0098,33.18007],[129.0114,33.1784]]],[[[129.02251,33.1648],[129.0173,33.1712],[129.0258,33.16986],[129.02251,33.1648]]],[[[128.9034,33.16647],[128.89391,33.16707],[128.9014,33.174],[128.9034,33.16647]]],[[[129.0332,33.1716],[129.03239,33.174],[129.035,33.1738],[129.03911,33.17313],[129.03819,33.1718],[129.0361,33.1728],[129.0332,33.1716]]],[[[129.52361,33.1672],[129.51981,33.16986],[129.5186,33.17347],[129.5209,33.1732],[129.5237,33.16986],[129.52361,33.1672]]],[[[129.67371,33.15747],[129.67079,33.15993],[129.66969,33.16393],[129.67371,33.15747]]],[[[129.0585,32.81693],[129.0419,32.82473],[129.05031,32.8274],[129.03951,32.87433],[129.0399,32.88067],[129.05141,32.87733],[129.04269,32.885],[129.05589,32.87867],[129.0585,32.8882],[129.0433,32.89253],[129.0376,32.90773],[129.0528,32.8996],[129.0569,32.90607],[129.06151,32.8948],[129.0667,32.90446],[129.05299,32.90907],[129.05051,32.92087],[129.02499,32.91986],[129.0314,32.9326],[129.03911,32.92993],[129.0338,32.948],[129.0217,32.932],[129.0125,32.94867],[129.0024,32.93987],[128.9922,32.94573],[129.0029,32.94527],[128.9955,32.9652],[129.0112,32.9764],[129.02901,32.96046],[129.03149,32.97153],[129.0464,32.9762],[129.04739,32.95667],[129.05209,32.97813],[129.06531,32.98087],[129.0446,32.98513],[129.04269,33.02887],[129.04919,33.04093],[129.0652,33.04353],[129.06841,33.0202],[129.08749,33.02553],[129.0742,33.05587],[129.0842,33.07447],[129.1059,33.08693],[129.1084,33.10127],[129.09711,33.1052],[129.10271,33.1148],[129.09351,33.12086],[129.11391,33.16393],[129.10201,33.12433],[129.1194,33.1076],[129.11301,33.06267],[129.0912,33.03927],[129.095,33.0024],[129.082,32.98627],[129.10989,32.98167],[129.1299,32.99047],[129.13361,33.0022],[129.1552,33.0002],[129.164,33.00847],[129.1824,33.00207],[129.1739,32.99053],[129.18159,32.97407],[129.14771,32.95527],[129.1385,32.93707],[129.1301,32.9448],[129.11681,32.9388],[129.1008,32.96133],[129.1067,32.92513],[129.0838,32.9264],[129.0941,32.91913],[129.0943,32.90307],[129.0811,32.89647],[129.0914,32.89053],[129.08141,32.8814],[129.0938,32.8816],[129.0981,32.85987],[129.0663,32.86327],[129.0564,32.84887],[129.0677,32.82813],[129.0585,32.81693]]],[[[129.63811,33.15833],[129.636,33.16273],[129.638,33.16067],[129.6387,33.15887],[129.63811,33.15833]]],[[[129.6709,33.14973],[129.6683,33.15434],[129.67351,33.1536],[129.6709,33.14973]]],[[[128.8979,33.14987],[128.89529,33.15333],[128.899,33.15493],[128.9001,33.15527],[128.903,33.154],[128.8983,33.15306],[128.8979,33.14987]]],[[[129.6615,33.1504],[129.6644,33.1524],[129.66609,33.15233],[129.6665,33.15133],[129.6615,33.1504]]],[[[129.5358,33.1316],[129.50301,33.14087],[129.5433,33.1518],[129.5493,33.13653],[129.5358,33.1316]]],[[[129.6792,33.1354],[129.67709,33.13773],[129.674,33.14347],[129.6792,33.1354]]],[[[129.65441,33.13834],[129.65354,33.14001],[129.65591,33.14053],[129.65441,33.13834]]],[[[129.13249,33.13153],[129.13181,33.13193],[129.1331,33.13727],[129.13451,33.13507],[129.13249,33.13153]]],[[[129.66341,33.13187],[129.6608,33.13293],[129.664,33.1352],[129.6655,33.1354],[129.66521,33.1344],[129.66431,33.13247],[129.66341,33.13187]]],[[[129.75279,33.13153],[129.7502,33.1332],[129.75099,33.1344],[129.754,33.13407],[129.75279,33.13153]]],[[[129.7841,33.06586],[129.78,33.07087],[129.7778,33.0708],[129.7793,33.077],[129.7827,33.0754],[129.7851,33.0708],[129.7841,33.06586]]],[[[129.6087,33.02273],[129.5878,33.02687],[129.591,33.04553],[129.6087,33.0534],[129.60719,33.0652],[129.6351,33.06227],[129.6199,33.0508],[129.63071,33.05527],[129.6268,33.03687],[129.6133,33.0342],[129.6087,33.02273]]],[[[129.56889,33.06327],[129.5656,33.06467],[129.56841,33.06453],[129.5699,33.0646],[129.56889,33.06327]]],[[[129.8163,33.04873],[129.8161,33.0524],[129.8172,33.05347],[129.8183,33.05173],[129.8163,33.04873]]],[[[129.6326,33.02667],[129.6308,33.03573],[129.6353,33.04453],[129.6326,33.02667]]],[[[129.5616,33.00073],[129.5558,33.00827],[129.5748,33.02367],[129.5643,33.0178],[129.5605,33.02993],[129.5891,33.02293],[129.5616,33.00073]]],[[[129.2339,32.98893],[129.2386,32.99973],[129.22101,32.99947],[129.2468,33.02293],[129.2475,33.01393],[129.25951,33.02093],[129.2542,33.0004],[129.2339,32.98893]]],[[[129.1783,33.01987],[129.17731,33.0206],[129.1819,33.02267],[129.18491,33.02053],[129.18289,33.0204],[129.1783,33.01987]]],[[[129.4369,33.0162],[129.4335,33.01707],[129.43111,33.0188],[129.4299,33.01973],[129.4315,33.02133],[129.43671,33.01893],[129.4369,33.0162]]],[[[129.3452,32.99753],[129.34171,33.01487],[129.3535,33.0206],[129.36101,33.0032],[129.3452,32.99753]]],[[[129.1908,33.0068],[129.1732,33.01366],[129.19391,33.01807],[129.1908,33.0068]]],[[[129.00861,33.00187],[129.0148,33.01366],[129.03101,33.0136],[129.00861,33.00187]]],[[[129.5374,33.0076],[129.53551,33.008],[129.5359,33.0098],[129.5378,33.0098],[129.5414,33.0088],[129.5374,33.0076]]],[[[129.647,32.98846],[129.6492,33.00947],[129.6487,33.00133],[129.647,32.98846]]],[[[129.5533,33.00113],[129.5493,33.00453],[129.5428,33.0082],[129.5533,33.00113]]],[[[129.745,32.99653],[129.7448,33.00393],[129.7468,32.99927],[129.745,32.99653]]],[[[129.36211,33.00267],[129.3613,33.0032],[129.36189,33.0032],[129.36211,33.00267]]],[[[129.74139,32.9944],[129.739,32.99713],[129.7428,32.9988],[129.74139,32.9944]]],[[[129.0242,32.9754],[129.02251,32.99266],[129.0242,32.98773],[129.0242,32.9754]]],[[[129.1133,32.9862],[129.1096,32.98647],[129.1104,32.987],[129.112,32.98693],[129.1132,32.98647],[129.1133,32.9862]]],[[[128.9826,32.94433],[128.9767,32.9584],[128.9946,32.9628],[128.9826,32.94433]]],[[[129.81371,32.9584],[129.8105,32.96247],[129.8125,32.9632],[129.8143,32.96213],[129.81371,32.9584]]],[[[129.6308,32.94613],[129.62601,32.9468],[129.62801,32.94727],[129.62981,32.94727],[129.6308,32.94613]]],[[[129.6109,32.9162],[129.59241,32.93393],[129.5976,32.9468],[129.6236,32.93513],[129.6109,32.9162]]],[[[129.02591,32.84433],[129.0119,32.85273],[129.02121,32.85473],[129.011,32.85673],[129.0209,32.8614],[129.0126,32.86813],[129.00661,32.86],[128.9957,32.8694],[128.9767,32.8592],[128.98019,32.8714],[128.9657,32.87153],[128.97389,32.87753],[128.9603,32.90327],[128.9817,32.895],[128.98531,32.88],[128.9915,32.8938],[129.0022,32.87673],[129.0006,32.90213],[128.9884,32.898],[128.97929,32.9066],[128.9865,32.90714],[128.9782,32.91986],[128.98959,32.9252],[128.9826,32.9308],[128.99991,32.9198],[129.01291,32.9248],[129.03169,32.89553],[129.0215,32.889],[129.0309,32.88693],[129.0201,32.87293],[129.0273,32.8706],[129.02591,32.84433]]],[[[128.96159,32.9048],[128.9364,32.91],[128.92979,32.91986],[128.94501,32.9248],[128.95551,32.91613],[128.95641,32.9272],[128.96719,32.92993],[128.9653,32.91893],[128.9529,32.91593],[128.9566,32.90827],[128.9693,32.9104],[128.96159,32.9048]]],[[[129.918,32.90313],[129.901,32.92933],[129.92509,32.91286],[129.918,32.90313]]],[[[129.18719,32.91727],[129.18449,32.92067],[129.1953,32.92207],[129.18719,32.91727]]],[[[129.047,32.9158],[129.0432,32.91593],[129.0419,32.91587],[129.04539,32.91807],[129.047,32.9158]]],[[[129.80659,32.91353],[129.798,32.91493],[129.8038,32.91627],[129.80659,32.91353]]],[[[129.9408,32.90027],[129.939,32.902],[129.94099,32.90393],[129.94189,32.9018],[129.9408,32.90027]]],[[[128.9462,32.89593],[128.9417,32.8972],[128.94209,32.90013],[128.94611,32.8966],[128.9462,32.89593]]],[[[128.9097,32.88553],[128.9045,32.88927],[128.91541,32.8964],[128.9097,32.88553]]],[[[129.03751,32.8868],[129.0363,32.88847],[129.0376,32.88933],[129.03841,32.89273],[129.04041,32.88873],[129.04201,32.88733],[129.03751,32.8868]]],[[[129.8364,32.88933],[129.83659,32.89107],[129.8383,32.89047],[129.8383,32.89033],[129.8364,32.88933]]],[[[129.59869,32.88007],[129.5892,32.88127],[129.6049,32.88973],[129.59869,32.88007]]],[[[128.9402,32.79967],[128.9346,32.82727],[128.9312,32.81747],[128.91431,32.82053],[128.9283,32.82693],[128.9182,32.84327],[128.9118,32.83966],[128.8913,32.8636],[128.88989,32.85233],[128.8718,32.8616],[128.8884,32.866],[128.8875,32.8772],[128.91389,32.8702],[128.931,32.8354],[128.9353,32.85007],[128.92439,32.87313],[128.93851,32.84873],[128.9474,32.8722],[128.9399,32.884],[128.955,32.8722],[128.9592,32.83227],[128.94,32.82547],[128.9509,32.817],[128.9402,32.79967]]],[[[129.0347,32.86807],[129.02969,32.8706],[129.0343,32.88113],[129.0347,32.86807]]],[[[129.8004,32.8764],[129.7966,32.8784],[129.79601,32.87987],[129.802,32.8786],[129.8004,32.8764]]],[[[128.9062,32.8758],[128.9045,32.87627],[128.9054,32.87907],[128.9068,32.8784],[128.9062,32.8758]]],[[[129.54939,32.8748],[129.5428,32.87773],[129.5461,32.8776],[129.5484,32.8766],[129.54939,32.8748]]],[[[129.92999,32.8686],[129.924,32.8722],[129.9267,32.87353],[129.92841,32.87053],[129.9326,32.86953],[129.92999,32.8686]]],[[[129.8076,32.866],[129.8038,32.86993],[129.8084,32.86987],[129.8076,32.866]]],[[[129.045,32.86353],[129.0415,32.86473],[129.03931,32.86946],[129.0412,32.86974],[129.04491,32.86447],[129.045,32.86353]]],[[[129.5582,32.86627],[129.5524,32.86807],[129.5538,32.86974],[129.563,32.86833],[129.5582,32.86627]]],[[[129.03261,32.8602],[129.0312,32.86873],[129.03191,32.86807],[129.03419,32.86607],[129.03461,32.86307],[129.03261,32.8602]]],[[[129.821,32.865],[129.8232,32.86853],[129.82629,32.8676],[129.827,32.86633],[129.82471,32.86693],[129.821,32.865]]],[[[129.0433,32.8616],[129.0417,32.8636],[129.0421,32.86347],[129.0446,32.86233],[129.0446,32.86167],[129.0433,32.8616]]],[[[129.0015,32.8544],[129.0002,32.85966],[129.0045,32.85686],[129.0015,32.8544]]],[[[129.0378,32.8436],[129.0359,32.85187],[129.0396,32.8496],[129.0378,32.8436]]],[[[128.86549,32.76353],[128.839,32.78447],[128.8371,32.77813],[128.8317,32.79727],[128.8389,32.80633],[128.8365,32.838],[128.84669,32.82973],[128.8609,32.83333],[128.87,32.80693],[128.8616,32.80167],[128.8764,32.80047],[128.86259,32.844],[128.8992,32.82167],[128.9095,32.79727],[128.882,32.76527],[128.86549,32.76353]]],[[[128.6781,32.80233],[128.67191,32.80753],[128.6787,32.81013],[128.6781,32.80233]]],[[[128.9498,32.8092],[128.9473,32.80987],[128.9491,32.8098],[128.9505,32.80993],[128.9498,32.8092]]],[[[128.93269,32.79793],[128.93179,32.8012],[128.9312,32.80746],[128.93269,32.79793]]],[[[128.772,32.57447],[128.7523,32.57827],[128.7377,32.60567],[128.6665,32.6082],[128.6516,32.59087],[128.5977,32.61414],[128.6102,32.64647],[128.6214,32.63467],[128.6104,32.62653],[128.61411,32.6178],[128.6176,32.63007],[128.6254,32.62727],[128.62421,32.61807],[128.646,32.61094],[128.6445,32.6032],[128.65399,32.61207],[128.64999,32.61913],[128.666,32.6288],[128.6413,32.6188],[128.6353,32.6336],[128.653,32.64173],[128.64279,32.65393],[128.66701,32.64607],[128.6494,32.65687],[128.6707,32.6514],[128.66229,32.66687],[128.6754,32.67193],[128.6487,32.6804],[128.6468,32.69713],[128.6617,32.7006],[128.6451,32.721],[128.651,32.7456],[128.6403,32.7608],[128.6631,32.78407],[128.69611,32.76653],[128.6909,32.739],[128.73511,32.75693],[128.72391,32.74707],[128.7402,32.7508],[128.7377,32.73847],[128.7563,32.7686],[128.7722,32.73426],[128.7729,32.7506],[128.7962,32.7562],[128.7924,32.76487],[128.7644,32.76013],[128.77499,32.77813],[128.7932,32.77807],[128.7896,32.78887],[128.8073,32.7978],[128.8049,32.77373],[128.825,32.76073],[128.8035,32.75247],[128.81171,32.7476],[128.8327,32.76067],[128.8253,32.74027],[128.8309,32.75146],[128.8544,32.7448],[128.84109,32.74],[128.83839,32.7134],[128.84821,32.689],[128.8959,32.65273],[128.89169,32.6414],[128.8206,32.63614],[128.8082,32.65493],[128.76759,32.643],[128.76089,32.61993],[128.78999,32.60913],[128.7921,32.59307],[128.772,32.57447]]],[[[129.755,32.7898],[129.76089,32.79293],[129.7603,32.79007],[129.75909,32.7902],[129.755,32.7898]]],[[[128.98601,32.7422],[128.9623,32.74907],[128.98779,32.7582],[128.99091,32.79087],[129.0067,32.77153],[129.0056,32.7544],[128.9877,32.75493],[128.98601,32.7422]]],[[[128.9649,32.76173],[128.9563,32.7624],[128.9523,32.77253],[128.9558,32.77653],[128.9588,32.77473],[128.96671,32.76747],[128.9649,32.76173]]],[[[129.9836,32.7462],[129.9697,32.74853],[129.9633,32.7618],[129.97971,32.75987],[129.9799,32.75013],[129.98869,32.75113],[129.9836,32.7462]]],[[[130.3718,32.76093],[130.3718,32.7616],[130.3727,32.76113],[130.3718,32.76093]]],[[[130.0063,32.752],[130.0041,32.7532],[130.00171,32.7552],[130.0061,32.7532],[130.0063,32.752]]],[[[129.9968,32.75274],[129.9959,32.7532],[129.9968,32.7542],[129.99879,32.7532],[129.9968,32.75274]]],[[[129.00591,32.7532],[129.00529,32.7532],[129.0051,32.7534],[129.0052,32.75353],[129.00591,32.7532]]],[[[128.84129,32.75267],[128.84039,32.7532],[128.8405,32.7534],[128.8416,32.7532],[128.84129,32.75267]]],[[[128.8726,32.739],[128.8689,32.74553],[128.87981,32.7504],[128.8726,32.739]]],[[[128.7728,32.73693],[128.7718,32.73713],[128.7708,32.7406],[128.77339,32.74413],[128.7728,32.73693]]],[[[128.5985,32.71127],[128.58929,32.71494],[128.58949,32.72707],[128.6066,32.7398],[128.5985,32.71127]]],[[[128.862,32.72007],[128.85831,32.7284],[128.86569,32.7262],[128.862,32.72007]]],[[[128.8544,32.71907],[128.849,32.72173],[128.8499,32.72147],[128.8517,32.72353],[128.8531,32.7234],[128.8544,32.71907]]],[[[129.8154,32.71767],[129.8147,32.71773],[129.81461,32.71853],[129.81689,32.71807],[129.8154,32.71767]]],[[[129.7789,32.69],[129.759,32.71527],[129.7791,32.70507],[129.7789,32.69]]],[[[128.89661,32.694],[128.8961,32.7116],[128.90401,32.70333],[128.89661,32.694]]],[[[128.6218,32.63747],[128.6151,32.65687],[128.63271,32.67947],[128.6395,32.66387],[128.62781,32.66393],[128.63361,32.64507],[128.6218,32.63747]]],[[[129.75369,32.649],[129.7498,32.66613],[129.7581,32.6636],[129.75369,32.649]]],[[[129.7365,32.6258],[129.73779,32.62947],[129.7394,32.62927],[129.7381,32.62713],[129.7365,32.6258]]],[[[128.7775,32.61933],[128.77609,32.62074],[128.7776,32.6208],[128.7794,32.62087],[128.7775,32.61933]]],[[[128.77789,32.6148],[128.77699,32.61554],[128.7795,32.617],[128.7814,32.61627],[128.7804,32.61554],[128.77789,32.6148]]],[[[128.8398,32.5958],[128.82559,32.5988],[128.8385,32.60507],[128.8398,32.5958]]],[[[128.91989,32.59174],[128.91431,32.5944],[128.92459,32.59853],[128.91989,32.59174]]],[[[128.90331,32.58587],[128.89799,32.58653],[128.9017,32.5902],[128.90331,32.58587]]],[[[128.707,32.57887],[128.7141,32.58194],[128.72079,32.57967],[128.707,32.57887]]],[[[128.90179,32.56067],[128.8923,32.56967],[128.9039,32.57173],[128.90179,32.56067]]],[[[129.7748,32.54893],[129.77409,32.56293],[129.7872,32.56887],[129.79041,32.557],[129.7748,32.54893]]],[[[128.4046,32.03713],[128.3793,32.0404],[128.3896,32.0428],[128.39149,32.05433],[128.4142,32.05127],[128.4046,32.03713]]],[[[128.37801,32.03067],[128.3763,32.03453],[128.3777,32.03453],[128.3793,32.0318],[128.3799,32.03113],[128.37801,32.03067]]],[[[128.3685,32.0234],[128.3676,32.02373],[128.3696,32.02787],[128.3718,32.02993],[128.3737,32.02887],[128.3718,32.025],[128.3685,32.0234]]],[[[128.36119,32.00873],[128.3591,32.01027],[128.36031,32.01293],[128.36299,32.0142],[128.3642,32.0142],[128.36119,32.00873]]],[[[128.3486,31.98907],[128.34399,32.00566],[128.3549,32.00787],[128.3486,31.98907]]],[[[129.44315,34.7245],[129.44539,34.72455],[129.44469,34.7235],[129.44305,34.72345],[129.44315,34.7245]]],[[[129.42873,34.71943],[129.4305,34.71973],[129.43071,34.7181],[129.42919,34.7181],[129.42873,34.71943]]],[[[128.80408,33.19107],[128.80468,33.19096],[128.80444,33.19031],[128.80331,33.19046],[128.80408,33.19107]]],[[[128.80342,33.18362],[128.80418,33.18296],[128.80278,33.18315],[128.80342,33.18362]]],[[[128.10748,32.2487],[128.10776,32.24872],[128.10756,32.24845],[128.10748,32.2487]]],[[[128.10467,32.24473],[128.10486,32.24428],[128.10461,32.24426],[128.10467,32.24473]]],[[[128.10463,32.2439],[128.10492,32.24337],[128.10457,32.24365],[128.10463,32.2439]]],[[[128.39397,32.05934],[128.39432,32.05909],[128.39409,32.05845],[128.39386,32.0584],[128.39373,32.05877],[128.39397,32.05934]]],[[[128.34758,31.98891],[128.3501,31.98648],[128.34845,31.98642],[128.34758,31.98891]]],[[[128.80294,33.18472],[128.80301,33.18468],[128.803,33.18455],[128.80294,33.18452],[128.80289,33.18467],[128.80294,33.18472]]],[[[128.80301,33.18278],[128.8038,33.18231],[128.80313,33.18227],[128.80301,33.18278]]],[[[129.6813,33.87247],[129.68276,33.87268],[129.68276,33.87194],[129.68146,33.87191],[129.6813,33.87247]]]]}},{"type":"Feature","properties":{"id":5},"geometry":{"type":"MultiPolygon","coordinates":[[[[140.8797,40.51147],[140.86129,40.44054],[140.8925,40.42373],[140.9854,40.42753],[140.9791,40.4162],[140.995,40.35373],[140.98221,40.3446],[140.9624,40.34767],[140.9687,40.3376],[140.9563,40.30387],[140.94431,40.2968],[140.957,40.28467],[140.94679,40.2578],[140.95529,40.2482],[140.9442,40.24607],[140.94209,40.2282],[140.9053,40.2222],[140.89261,40.19267],[140.8605,40.1738],[140.8696,40.15993],[140.88319,40.15894],[140.8674,40.13127],[140.8718,40.11627],[140.8813,40.11427],[140.8718,40.0912],[140.8447,40.07367],[140.85561,40.02213],[140.8465,39.97447],[140.8577,39.95307],[140.855,39.92373],[140.8665,39.91473],[140.8781,39.87473],[140.85269,39.86647],[140.8261,39.88667],[140.79939,39.88206],[140.783,39.86573],[140.787,39.8238],[140.8213,39.816],[140.84779,39.79607],[140.8054,39.7568],[140.8046,39.7458],[140.7749,39.73487],[140.82291,39.6882],[140.8219,39.6498],[140.7957,39.60333],[140.7827,39.6044],[140.78,39.59047],[140.7641,39.58773],[140.7542,39.5708],[140.7307,39.56613],[140.74091,39.5348],[140.714,39.4984],[140.7243,39.48067],[140.68311,39.45753],[140.677,39.4472],[140.686,39.4366],[140.6834,39.4222],[140.6586,39.41566],[140.6633,39.40487],[140.6541,39.39093],[140.6756,39.38613],[140.6769,39.3678],[140.6931,39.35847],[140.69031,39.34673],[140.70419,39.343],[140.70959,39.33033],[140.6991,39.32807],[140.6933,39.30247],[140.7179,39.29653],[140.7182,39.27293],[140.75169,39.26313],[140.7888,39.238],[140.7868,39.2268],[140.7632,39.21267],[140.7657,39.19773],[140.8085,39.18033],[140.77409,39.1678],[140.7496,39.13967],[140.7702,39.1244],[140.7561,39.11847],[140.76311,39.1086],[140.7529,39.08653],[140.8024,39.0778],[140.8,39.06087],[140.8103,39.0574],[140.7645,39.00013],[140.7739,38.95847],[140.7359,38.9508],[140.7076,38.92073],[140.6843,38.91647],[140.6543,38.88933],[140.6385,38.88333],[140.6147,38.8944],[140.56171,38.87413],[140.5368,38.90093],[140.5024,38.8952],[140.4827,38.91687],[140.4623,38.91986],[140.44971,38.94593],[140.45129,38.97173],[140.43221,38.99233],[140.3765,38.9948],[140.3625,39.026],[140.32941,39.0352],[140.3114,39.0144],[140.2608,39.0356],[140.2283,39.02753],[140.2019,39.03533],[140.1963,39.06147],[140.15089,39.04953],[140.11501,39.07773],[140.0627,39.09327],[140.06261,39.13393],[140.0079,39.1234],[139.99471,39.10593],[139.9483,39.1176],[139.8698,39.1186],[139.9015,39.16986],[139.9044,39.1996],[139.8931,39.2034],[139.8942,39.2148],[139.91479,39.24893],[139.91681,39.27633],[139.92821,39.28833],[139.96761,39.29653],[139.9805,39.31347],[140.0256,39.41987],[140.0609,39.60847],[140.0571,39.731],[140.04221,39.75853],[140.05051,39.76067],[140.04961,39.7738],[140.0383,39.7652],[140.03419,39.80494],[139.9968,39.857],[139.9209,39.90107],[139.8589,39.8962],[139.853,39.88726],[139.8595,39.88567],[139.84779,39.88153],[139.8611,39.86733],[139.8502,39.86347],[139.8308,39.8694],[139.8118,39.85793],[139.7905,39.86773],[139.75529,39.85714],[139.7413,39.87173],[139.7352,39.9044],[139.7179,39.90947],[139.7063,39.92847],[139.7034,39.9438],[139.72141,39.9526],[139.70261,39.9608],[139.6931,39.996],[139.7007,40.0074],[139.7236,39.9822],[139.81329,39.9592],[139.88831,40.00293],[139.953,40.08653],[139.99341,40.18127],[139.98441,40.184],[139.9865,40.20167],[140.0146,40.21853],[140.00011,40.22027],[140.02589,40.33947],[140.01089,40.3752],[139.9803,40.3884],[139.98041,40.39647],[139.9364,40.42867],[139.9959,40.4352],[140.0197,40.42047],[140.02049,40.44833],[140.0368,40.46207],[140.0685,40.46933],[140.09979,40.45353],[140.10789,40.4364],[140.18581,40.4436],[140.2216,40.4318],[140.299,40.44674],[140.30991,40.437],[140.3354,40.43987],[140.34821,40.468],[140.3884,40.4876],[140.40401,40.4756],[140.4373,40.47927],[140.4406,40.45047],[140.4657,40.45593],[140.5106,40.42913],[140.5282,40.43173],[140.5249,40.41073],[140.5415,40.4032],[140.56779,40.39953],[140.55499,40.42207],[140.5899,40.43667],[140.62621,40.4242],[140.63341,40.4038],[140.64709,40.40387],[140.6998,40.42967],[140.7341,40.4166],[140.73621,40.4404],[140.7885,40.4576],[140.8042,40.4498],[140.8118,40.48867],[140.8223,40.49693],[140.8797,40.51147]]],[[[139.6989,40.01327],[139.6987,40.014],[139.6976,40.0166],[139.7007,40.0142],[139.6994,40.01407],[139.69991,40.0134],[139.6989,40.01327]]],[[[140.0387,39.7586],[140.0155,39.7724],[140.03799,39.7608],[140.0387,39.7586]]],[[[139.5222,39.18761],[139.52547,39.17877],[139.52126,39.18345],[139.5222,39.18761]]]]}},{"type":"Feature","properties":{"id":33},"geometry":{"type":"MultiPolygon","coordinates":[[[[134.01421,35.3504],[134.0145,35.33367],[134,35.314],[134.0101,35.3076],[134.0696,35.2972],[134.0972,35.30587],[134.1149,35.28387],[134.1387,35.279],[134.1499,35.25853],[134.1367,35.239],[134.16251,35.22927],[134.1534,35.19487],[134.1718,35.16987],[134.1897,35.1762],[134.1937,35.18947],[134.21609,35.1896],[134.2605,35.2104],[134.2807,35.1966],[134.3208,35.2018],[134.338,35.2204],[134.3718,35.23493],[134.3732,35.24593],[134.3997,35.2474],[134.38,35.20807],[134.3824,35.19447],[134.41141,35.18613],[134.4082,35.14787],[134.3663,35.1454],[134.3486,35.09033],[134.3185,35.08287],[134.3161,35.04327],[134.2829,35.038],[134.26711,35.02153],[134.26581,35.00507],[134.2861,34.99593],[134.2702,34.98253],[134.27541,34.96287],[134.2536,34.94606],[134.2944,34.90754],[134.26289,34.88493],[134.2662,34.8748],[134.2531,34.85127],[134.2623,34.84526],[134.2632,34.82667],[134.2874,34.82773],[134.3165,34.8016],[134.3154,34.7808],[134.3338,34.7682],[134.31979,34.75913],[134.314,34.74047],[134.3213,34.7218],[134.3109,34.7338],[134.27499,34.73447],[134.2682,34.71967],[134.2431,34.71527],[134.22481,34.71967],[134.229,34.7304],[134.2034,34.7304],[134.1853,34.74233],[134.17889,34.73314],[134.2039,34.72707],[134.19411,34.71693],[134.21381,34.7162],[134.19861,34.7088],[134.23531,34.71473],[134.2446,34.70147],[134.2121,34.68387],[134.22211,34.68167],[134.20399,34.67434],[134.20981,34.66673],[134.1909,34.66407],[134.1973,34.65993],[134.18941,34.6518],[134.16949,34.65173],[134.1738,34.63113],[134.1868,34.63173],[134.1696,34.61353],[134.1472,34.61693],[134.12,34.58913],[134.08591,34.58047],[134.0592,34.58507],[134.05321,34.596],[134.06331,34.6078],[134.047,34.59767],[134.0423,34.60767],[133.99541,34.61346],[133.9805,34.60013],[133.9455,34.59893],[133.9594,34.58373],[133.9722,34.5942],[134.0329,34.59727],[134.0464,34.57667],[134.03239,34.57314],[134.03,34.55087],[134.0013,34.5454],[133.9948,34.52573],[134.00301,34.51233],[133.9763,34.53393],[133.9594,34.52427],[133.96339,34.49533],[133.938,34.48133],[133.94279,34.45587],[133.9333,34.45133],[133.8795,34.4566],[133.8342,34.4744],[133.8076,34.45907],[133.82179,34.42973],[133.78731,34.4356],[133.7661,34.4724],[133.7585,34.46853],[133.75909,34.486],[133.7478,34.4894],[133.7383,34.525],[133.7345,34.49847],[133.71851,34.5032],[133.7184,34.49627],[133.7365,34.49047],[133.7428,34.47047],[133.7034,34.47793],[133.7032,34.54013],[133.6908,34.54027],[133.69031,34.5228],[133.67821,34.523],[133.6902,34.51967],[133.6834,34.50693],[133.6702,34.50767],[133.67641,34.51833],[133.659,34.52047],[133.6474,34.50467],[133.5937,34.491],[133.5889,34.48326],[133.6012,34.47373],[133.5939,34.46947],[133.54041,34.46153],[133.4854,34.51393],[133.5273,34.46887],[133.5269,34.45473],[133.4738,34.4414],[133.4733,34.45007],[133.4897,34.45887],[133.4838,34.46593],[133.4558,34.4598],[133.4548,34.47733],[133.4463,34.4802],[133.455,34.5032],[133.4455,34.50573],[133.453,34.52987],[133.4453,34.55513],[133.4214,34.5868],[133.3965,34.5954],[133.3829,34.62153],[133.4028,34.67193],[133.3826,34.67994],[133.3692,34.7228],[133.3576,34.73333],[133.3698,34.7466],[133.3613,34.7556],[133.37781,34.80513],[133.33681,34.8346],[133.33011,34.85593],[133.2972,34.88953],[133.3089,34.93707],[133.29669,34.9554],[133.3203,34.98673],[133.3212,35.00613],[133.26671,35.05187],[133.29041,35.07173],[133.28801,35.096],[133.2989,35.10353],[133.3261,35.0944],[133.3383,35.10667],[133.3546,35.10093],[133.3718,35.1128],[133.40289,35.11433],[133.4108,35.13533],[133.39259,35.16846],[133.40781,35.1856],[133.4464,35.1722],[133.50101,35.19273],[133.5256,35.18293],[133.50529,35.2286],[133.5173,35.2406],[133.5592,35.2464],[133.5773,35.3154],[133.5957,35.34513],[133.64999,35.33587],[133.67821,35.3188],[133.6971,35.32653],[133.7451,35.31933],[133.7973,35.29413],[133.8176,35.25267],[133.8308,35.24893],[133.8441,35.24967],[133.8651,35.27313],[133.8627,35.293],[133.9249,35.30753],[133.93159,35.3338],[134.01421,35.3504]]],[[[134.32091,34.70307],[134.3058,34.71466],[134.28101,34.70694],[134.2856,34.713],[134.2795,34.7094],[134.276,34.7214],[134.3103,34.72726],[134.3223,34.714],[134.3322,34.723],[134.3466,34.70913],[134.3421,34.70333],[134.32561,34.7122],[134.32091,34.70307]]],[[[134.20911,34.7196],[134.211,34.7258],[134.2126,34.7258],[134.2188,34.7218],[134.21561,34.72054],[134.2122,34.72167],[134.20911,34.7196]]],[[[134.2617,34.70827],[134.2478,34.70974],[134.24901,34.71147],[134.26401,34.71394],[134.26851,34.709],[134.2637,34.70893],[134.2617,34.70827]]],[[[134.25751,34.69027],[134.2498,34.7058],[134.271,34.69653],[134.25751,34.69027]]],[[[134.2883,34.6968],[134.2789,34.70293],[134.2888,34.70373],[134.2883,34.6968]]],[[[134.2617,34.67493],[134.2429,34.6798],[134.25439,34.68767],[134.27299,34.68207],[134.2617,34.67493]]],[[[134.29601,34.68007],[134.2903,34.68707],[134.30029,34.68667],[134.29601,34.68007]]],[[[134.22459,34.6678],[134.2182,34.67507],[134.24409,34.6788],[134.22459,34.6678]]],[[[134.1678,34.6026],[134.1732,34.61207],[134.20081,34.61633],[134.1678,34.6026]]],[[[134.2007,34.6074],[134.2072,34.61227],[134.2101,34.61213],[134.2076,34.6108],[134.20599,34.6096],[134.2007,34.6074]]],[[[133.9852,34.60453],[133.9837,34.60673],[133.9866,34.6084],[133.9875,34.607],[133.9852,34.60453]]],[[[134.1935,34.59567],[134.1898,34.60153],[134.1996,34.60107],[134.1935,34.59567]]],[[[134.15739,34.597],[134.1588,34.6],[134.1618,34.6],[134.16051,34.59827],[134.15739,34.597]]],[[[134.09731,34.55987],[134.0986,34.5662],[134.1051,34.56653],[134.09731,34.55987]]],[[[134.1086,34.56087],[134.10741,34.5638],[134.11,34.56173],[134.1102,34.5614],[134.1086,34.56087]]],[[[134.02341,34.50687],[134.0135,34.4962],[134.01311,34.5032],[134.02341,34.50687]]],[[[133.7113,34.46093],[133.707,34.464],[133.70869,34.46393],[133.71111,34.46553],[133.7164,34.462],[133.71291,34.46193],[133.7113,34.46093]]],[[[133.7468,34.454],[133.74521,34.45473],[133.7468,34.45453],[133.7468,34.454]]],[[[133.8531,34.44573],[133.8512,34.44693],[133.85159,34.44987],[133.8533,34.44933],[133.8531,34.44573]]],[[[133.4984,34.431],[133.4968,34.43113],[133.49631,34.43107],[133.4968,34.43233],[133.49831,34.437],[133.4994,34.43587],[133.4984,34.431]]],[[[133.4995,34.42367],[133.5054,34.433],[133.5162,34.4348],[133.4995,34.42367]]],[[[133.7701,34.41927],[133.7606,34.43153],[133.7737,34.42693],[133.7701,34.41927]]],[[[133.81419,34.42493],[133.81551,34.4258],[133.8181,34.4258],[133.8183,34.42533],[133.81419,34.42493]]],[[[133.832,34.4174],[133.8288,34.41986],[133.82761,34.42407],[133.82899,34.424],[133.8356,34.42493],[133.83231,34.41986],[133.832,34.4174]]],[[[133.9194,34.41846],[133.9196,34.41986],[133.9223,34.4214],[133.92439,34.41986],[133.9247,34.41873],[133.9194,34.41846]]],[[[133.5128,34.38967],[133.50529,34.40647],[133.5258,34.41613],[133.5253,34.39987],[133.5128,34.38967]]],[[[133.5452,34.3666],[133.51559,34.38413],[133.537,34.40133],[133.55721,34.39373],[133.5442,34.38],[133.5587,34.37673],[133.55811,34.36766],[133.5452,34.3666]]],[[[133.4968,34.38193],[133.49471,34.38427],[133.4968,34.38427],[133.5,34.38293],[133.4968,34.38193]]],[[[133.5856,34.37747],[133.5826,34.37813],[133.58211,34.38073],[133.5858,34.381],[133.5871,34.38113],[133.5856,34.37747]]],[[[133.5733,34.34787],[133.56641,34.3522],[133.57201,34.3588],[133.58881,34.36293],[133.5733,34.34787]]],[[[133.5222,34.34313],[133.5197,34.34347],[133.5181,34.34706],[133.5159,34.35187],[133.5209,34.3488],[133.5222,34.34313]]],[[[133.5078,34.33507],[133.4968,34.34027],[133.49831,34.35053],[133.5078,34.33507]]],[[[133.5336,34.2984],[133.5264,34.3076],[133.5396,34.30827],[133.5336,34.2984]]]]}},{"type":"Feature","properties":{"id":40},"geometry":{"type":"MultiPolygon","coordinates":[[[[130.1044,34.2394],[130.1024,34.24933],[130.1124,34.24833],[130.1044,34.2394]]],[[[130.72771,34.00847],[130.7213,34.0176],[130.7307,34.01613],[130.72771,34.00847]]],[[[130.7169,34.0012],[130.70911,34.0032],[130.70731,34.00387],[130.7101,34.005],[130.71361,34.0032],[130.7169,34.0012]]],[[[130.8089,34.00293],[130.8084,34.0032],[130.8089,34.00333],[130.8094,34.0032],[130.8089,34.00293]]],[[[130.821,33.9856],[130.8129,33.9962],[130.8163,33.99813],[130.821,33.9856]]],[[[130.8558,33.96567],[130.8474,33.9692],[130.85651,33.96793],[130.8558,33.96567]]],[[[130.67239,33.91867],[130.6812,33.93673],[130.6981,33.93867],[130.73711,33.92633],[130.74631,33.9318],[130.7473,33.92327],[130.75272,33.94551],[130.76903,33.94718],[130.76015,33.93383],[130.76909,33.92902],[130.7507,33.9228],[130.7767,33.9342],[130.8062,33.93053],[130.8177,33.92294],[130.8053,33.91273],[130.81601,33.9142],[130.81441,33.90334],[130.75261,33.87814],[130.7433,33.8882],[130.7404,33.87493],[130.7715,33.8748],[130.8017,33.89127],[130.7988,33.87387],[130.82159,33.90387],[130.8233,33.91987],[130.8562,33.92893],[130.8497,33.91487],[130.8685,33.91813],[130.8474,33.9054],[130.8718,33.91533],[130.88319,33.90527],[130.86301,33.89553],[130.8868,33.90207],[130.8924,33.89613],[130.87691,33.89007],[130.89101,33.88773],[130.9297,33.90693],[130.9449,33.9378],[130.963,33.9462],[130.9621,33.962],[130.98952,33.95905],[131.00011,33.9696],[131.0191,33.96293],[131.0211,33.94287],[131.0011,33.925],[131.01469,33.91987],[131.0054,33.90513],[130.98711,33.9002],[130.9881,33.89267],[131.00391,33.89153],[130.99879,33.87354],[130.9903,33.88567],[130.98129,33.86707],[130.9978,33.86694],[130.9926,33.85093],[130.98621,33.85487],[130.97571,33.8346],[130.95959,33.839],[130.9567,33.83014],[130.96581,33.8094],[130.9995,33.81553],[131.004,33.8064],[130.99631,33.81013],[130.9993,33.80047],[130.9817,33.7844],[130.9968,33.79627],[131.00279,33.78327],[130.9913,33.7734],[131.0106,33.77753],[131.01691,33.76807],[130.99969,33.7572],[131.0032,33.7498],[131.0074,33.74387],[131.01491,33.75093],[131.0144,33.73187],[131.03931,33.691],[131.0553,33.69],[131.04941,33.68593],[131.093,33.62353],[131.1123,33.61767],[131.1142,33.63033],[131.1311,33.62313],[131.1281,33.6312],[131.18451,33.6162],[131.17191,33.58653],[131.1891,33.56194],[131.18719,33.5462],[131.1657,33.5284],[131.1765,33.508],[131.1218,33.502],[131.0294,33.5184],[130.97371,33.50547],[130.9254,33.47787],[130.9254,33.45747],[130.8945,33.4462],[130.8855,33.3798],[130.8638,33.37727],[130.8609,33.3628],[130.8345,33.34347],[130.85631,33.327],[130.8654,33.29293],[130.8517,33.2782],[130.867,33.26747],[130.82921,33.2576],[130.8253,33.2374],[130.8577,33.2298],[130.83571,33.2114],[130.88651,33.18673],[130.8735,33.16907],[130.8786,33.15273],[130.85249,33.10933],[130.8195,33.10646],[130.8167,33.114],[130.7708,33.12447],[130.7305,33.1546],[130.69051,33.15187],[130.6792,33.1712],[130.66679,33.15707],[130.6588,33.11007],[130.5797,33.11567],[130.5609,33.104],[130.565,33.0872],[130.54111,33.08207],[130.5307,33.06427],[130.4968,33.0522],[130.51511,33.01207],[130.50529,33.0032],[130.39571,33.00047],[130.4214,33.012],[130.4068,33.01587],[130.42751,33.03547],[130.41859,33.0356],[130.42419,33.05267],[130.4088,33.08787],[130.3871,33.09513],[130.3961,33.108],[130.3718,33.12073],[130.3737,33.1394],[130.3549,33.1404],[130.3524,33.18033],[130.33861,33.20327],[130.3766,33.2204],[130.37131,33.243],[130.38431,33.24033],[130.3907,33.25993],[130.40109,33.249],[130.4146,33.2532],[130.431,33.29247],[130.43961,33.26487],[130.4489,33.265],[130.45261,33.28313],[130.4668,33.2886],[130.4554,33.30167],[130.4863,33.31227],[130.479,33.33073],[130.49741,33.32573],[130.5098,33.3438],[130.5352,33.3428],[130.53619,33.4382],[130.5116,33.44933],[130.4962,33.4448],[130.444,33.41727],[130.43739,33.4006],[130.4102,33.395],[130.4144,33.41027],[130.39529,33.42733],[130.3555,33.43347],[130.2766,33.47827],[130.2468,33.47067],[130.198,33.48107],[130.1748,33.46627],[130.15001,33.4774],[130.04491,33.46767],[130.0387,33.46973],[130.0444,33.4962],[130.0871,33.50487],[130.09961,33.51573],[130.1218,33.5088],[130.13271,33.52147],[130.1236,33.52514],[130.1521,33.53693],[130.1635,33.56067],[130.14149,33.54873],[130.1257,33.55687],[130.11571,33.54687],[130.133,33.56793],[130.1188,33.57447],[130.09781,33.56433],[130.0885,33.5836],[130.10829,33.58653],[130.10629,33.59653],[130.1218,33.59],[130.1459,33.59527],[130.1595,33.608],[130.1561,33.62833],[130.1989,33.64087],[130.2086,33.66707],[130.23509,33.6496],[130.22389,33.635],[130.231,33.61654],[130.27249,33.61153],[130.26469,33.5922],[130.27267,33.58244],[130.30101,33.58309],[130.31126,33.59818],[130.35159,33.595],[130.37289,33.605],[130.38516,33.59401],[130.3924,33.59714],[130.3837,33.59994],[130.38919,33.6096],[130.39873,33.60052],[130.3952,33.61007],[130.4072,33.61074],[130.40042,33.61844],[130.41385,33.61805],[130.40244,33.62343],[130.40649,33.64227],[130.41429,33.63822],[130.41049,33.64367],[130.4211,33.64667],[130.40402,33.65209],[130.43414,33.66259],[130.42442,33.67505],[130.42856,33.68733],[130.3687,33.66534],[130.3559,33.6434],[130.2953,33.66307],[130.2892,33.6864],[130.30299,33.6874],[130.32159,33.66027],[130.3954,33.685],[130.4202,33.71853],[130.4463,33.725],[130.46631,33.7532],[130.4671,33.78327],[130.4576,33.79113],[130.4496,33.78487],[130.44341,33.8146],[130.4628,33.81067],[130.47231,33.81827],[130.4765,33.8578],[130.4968,33.85213],[130.5164,33.86007],[130.52611,33.87047],[130.52361,33.88953],[130.56371,33.89067],[130.5687,33.88],[130.5863,33.87787],[130.6348,33.8854],[130.6662,33.8972],[130.65651,33.90927],[130.67239,33.91867]]],[[[130.82159,33.93034],[130.78172,33.93505],[130.77805,33.94584],[130.8316,33.9498],[130.8446,33.93927],[130.82159,33.93034]]],[[[130.42619,33.88713],[130.4055,33.89733],[130.4071,33.91107],[130.44521,33.91467],[130.42619,33.88713]]],[[[130.50101,33.89527],[130.4882,33.91307],[130.5076,33.89647],[130.50101,33.89527]]],[[[130.0356,33.86193],[130.0325,33.86487],[130.0345,33.87427],[130.0363,33.8712],[130.03709,33.86313],[130.0356,33.86193]]],[[[130.4688,33.85953],[130.4678,33.8642],[130.4695,33.86413],[130.47141,33.8642],[130.4727,33.8596],[130.4688,33.85953]]],[[[131.03207,33.81965],[131.02458,33.85633],[131.03427,33.85771],[131.04152,33.82103],[131.03207,33.81965]]],[[[130.97659,33.82807],[130.972,33.82914],[130.9752,33.83014],[130.9767,33.82893],[130.97659,33.82807]]],[[[131.00717,33.82757],[131.00713,33.82828],[131.00885,33.82824],[131.00717,33.82757]]],[[[131.00943,33.78991],[131.00856,33.79277],[131.01305,33.79265],[131.00943,33.78991]]],[[[130.3634,33.75493],[130.36121,33.76667],[130.3801,33.7588],[130.3634,33.75493]]],[[[130.2337,33.6826],[130.22569,33.6944],[130.23489,33.69247],[130.2337,33.6826]]],[[[130.40511,33.65783],[130.4039,33.66842],[130.4252,33.67153],[130.42671,33.66217],[130.40511,33.65783]]],[[[130.3018,33.607],[130.2941,33.61547],[130.30029,33.6382],[130.3129,33.61613],[130.3018,33.607]]],[[[130.05031,33.56474],[130.0461,33.5758],[130.0536,33.57333],[130.05031,33.56474]]]]}},{"type":"Feature","properties":{"id":21},"geometry":{"type":"MultiPolygon","coordinates":[[[[137.0582,36.37213],[137.0946,36.38407],[137.0919,36.39687],[137.16071,36.45673],[137.1915,36.45533],[137.2065,36.42793],[137.2468,36.4618],[137.2567,36.45166],[137.2789,36.46513],[137.3085,36.46387],[137.317,36.4596],[137.30499,36.4356],[137.31349,36.42507],[137.3515,36.43386],[137.36259,36.45027],[137.3902,36.45967],[137.40579,36.42633],[137.461,36.41247],[137.47481,36.4254],[137.5116,36.42333],[137.53979,36.3926],[137.5873,36.38987],[137.5883,36.37153],[137.61819,36.36507],[137.64549,36.3414],[137.6528,36.30453],[137.6467,36.28886],[137.57381,36.22007],[137.5808,36.19533],[137.59489,36.191],[137.5947,36.17187],[137.5546,36.14027],[137.56,36.1294],[137.55099,36.1098],[137.5742,36.08727],[137.61369,36.0762],[137.5946,36.0134],[137.54311,35.98253],[137.524,35.9436],[137.5009,35.93607],[137.4761,35.894],[137.4581,35.88947],[137.4321,35.90513],[137.3802,35.89193],[137.36459,35.8782],[137.3623,35.84893],[137.3354,35.84393],[137.3255,35.81567],[137.3376,35.79813],[137.38091,35.80133],[137.394,35.79707],[137.39101,35.78007],[137.39839,35.7758],[137.4341,35.7706],[137.4402,35.75853],[137.45889,35.76133],[137.4982,35.68727],[137.545,35.64993],[137.5145,35.60713],[137.53751,35.5844],[137.571,35.58347],[137.5648,35.56586],[137.57449,35.5444],[137.60789,35.5332],[137.6317,35.50907],[137.6243,35.4998],[137.63139,35.46993],[137.59331,35.44667],[137.63181,35.4104],[137.6335,35.39907],[137.6127,35.39173],[137.575,35.4],[137.5983,35.37807],[137.60359,35.33453],[137.5569,35.31007],[137.56149,35.28387],[137.51959,35.28313],[137.52069,35.27393],[137.5054,35.2634],[137.4297,35.2228],[137.41699,35.2402],[137.38921,35.24],[137.38319,35.26013],[137.3443,35.2578],[137.3452,35.2726],[137.3078,35.29107],[137.2756,35.29053],[137.2224,35.25573],[137.18581,35.2532],[137.16521,35.28253],[137.14529,35.27987],[137.1022,35.3016],[137.09599,35.29073],[137.0817,35.29213],[137.0799,35.30647],[137.063,35.31853],[137.0722,35.32567],[137.0681,35.33513],[137.0472,35.33653],[137.04739,35.365],[137.0036,35.38113],[136.978,35.40413],[136.9911,35.42467],[136.963,35.41986],[136.96111,35.39933],[136.9211,35.37907],[136.8644,35.37233],[136.8338,35.35587],[136.77029,35.36867],[136.7252,35.29547],[136.6777,35.241],[136.68311,35.20033],[136.67191,35.1878],[136.6694,35.1336],[136.6461,35.1658],[136.6452,35.1446],[136.6161,35.14953],[136.60201,35.1778],[136.5482,35.22],[136.54939,35.23373],[136.53371,35.25687],[136.5154,35.2532],[136.5078,35.2362],[136.46631,35.23767],[136.44209,35.21707],[136.4317,35.22913],[136.4119,35.2184],[136.3781,35.24267],[136.3965,35.2574],[136.39079,35.2878],[136.4108,35.3138],[136.42061,35.3466],[136.4095,35.3554],[136.41341,35.37127],[136.44409,35.38947],[136.4115,35.4186],[136.42551,35.44773],[136.41969,35.46653],[136.4034,35.4694],[136.38719,35.48787],[136.4053,35.51353],[136.3718,35.55973],[136.3457,35.536],[136.33771,35.5494],[136.31779,35.54693],[136.3231,35.58653],[136.31529,35.6056],[136.3233,35.61626],[136.3154,35.62326],[136.2887,35.62033],[136.27589,35.65333],[136.2986,35.67767],[136.2916,35.6908],[136.32359,35.71687],[136.3219,35.76587],[136.3775,35.7952],[136.43311,35.77467],[136.4854,35.776],[136.50569,35.7504],[136.5233,35.78827],[136.57091,35.7776],[136.59959,35.7986],[136.6218,35.78687],[136.6449,35.80687],[136.66,35.78347],[136.6769,35.793],[136.71021,35.79287],[136.7233,35.8082],[136.74139,35.80133],[136.7645,35.81027],[136.78909,35.79947],[136.8026,35.84386],[136.82629,35.84653],[136.832,35.85807],[136.81911,35.88187],[136.8221,35.8962],[136.8116,35.91253],[136.78439,35.9244],[136.7915,35.94673],[136.7495,35.96127],[136.7507,35.9904],[136.72639,35.99593],[136.733,36.04933],[136.76379,36.06773],[136.754,36.0864],[136.7796,36.14227],[136.7657,36.16113],[136.7984,36.1728],[136.8515,36.2484],[136.8326,36.26607],[136.8145,36.26633],[136.7921,36.29913],[136.8315,36.30653],[136.842,36.33387],[136.8371,36.34747],[136.8651,36.3498],[136.87131,36.36753],[136.87491,36.34293],[136.9072,36.361],[136.9467,36.34613],[136.9713,36.31487],[136.95779,36.27907],[136.9751,36.27447],[137.0112,36.2932],[137.02029,36.31853],[137.0363,36.31767],[137.0519,36.3302],[137.0582,36.37213]]]]}},{"type":"Feature","properties":{"id":2},"geometry":{"type":"MultiPolygon","coordinates":[[[[140.9124,41.55253],[140.90981,41.5562],[140.912,41.556],[140.9146,41.55513],[140.9124,41.55253]]],[[[140.77859,41.2108],[140.7802,41.2532],[140.8065,41.31473],[140.7998,41.32307],[140.8192,41.34393],[140.8363,41.4158],[140.8658,41.4366],[140.909,41.49507],[140.89861,41.52347],[140.9128,41.547],[141.0032,41.4862],[141.06819,41.48247],[141.1131,41.4636],[141.1931,41.38773],[141.2659,41.35653],[141.3056,41.35147],[141.3718,41.37033],[141.46429,41.43013],[141.4637,41.4024],[141.45329,41.3968],[141.459,41.37914],[141.436,41.33653],[141.3904,41.16986],[141.3989,41.10107],[141.3858,41.0032],[141.3866,40.93073],[141.4158,40.7532],[141.4308,40.68833],[141.4733,40.58493],[141.4926,40.5652],[141.4877,40.55727],[141.5005,40.5574],[141.51041,40.5464],[141.5034,40.54087],[141.5349,40.52767],[141.5755,40.54327],[141.5921,40.51967],[141.6218,40.50607],[141.6351,40.48393],[141.68311,40.45087],[141.65469,40.42893],[141.58701,40.40747],[141.58189,40.37447],[141.5374,40.3478],[141.4809,40.37647],[141.44341,40.37627],[141.40829,40.35787],[141.3976,40.36767],[141.37711,40.33927],[141.35139,40.33154],[141.3351,40.34553],[141.33659,40.36067],[141.3174,40.37327],[141.2941,40.36393],[141.29269,40.35227],[141.278,40.34467],[141.26129,40.3486],[141.2146,40.3148],[141.1393,40.30107],[141.10091,40.28153],[141.1046,40.25667],[141.0771,40.25293],[141.0061,40.21847],[140.9805,40.22013],[140.94679,40.2578],[140.957,40.28467],[140.94431,40.2968],[140.9563,40.30387],[140.9687,40.3376],[140.9624,40.34767],[140.98221,40.3446],[140.995,40.35373],[140.9791,40.4162],[140.9854,40.42753],[140.8925,40.42373],[140.86129,40.44054],[140.8797,40.51147],[140.8223,40.49693],[140.8118,40.48867],[140.8042,40.4498],[140.7885,40.4576],[140.73621,40.4404],[140.7341,40.4166],[140.6998,40.42967],[140.64709,40.40387],[140.63341,40.4038],[140.62621,40.4242],[140.5899,40.43667],[140.55499,40.42207],[140.56779,40.39953],[140.5415,40.4032],[140.5249,40.41073],[140.5282,40.43173],[140.5106,40.42913],[140.4657,40.45593],[140.4406,40.45047],[140.4373,40.47927],[140.40401,40.4756],[140.3884,40.4876],[140.34821,40.468],[140.3354,40.43987],[140.30991,40.437],[140.299,40.44674],[140.2216,40.4318],[140.18581,40.4436],[140.10789,40.4364],[140.09979,40.45353],[140.0685,40.46933],[140.0368,40.46207],[140.02049,40.44833],[140.0197,40.42047],[139.9959,40.4352],[139.9364,40.42867],[139.9489,40.49273],[139.9417,40.54947],[139.9176,40.58653],[139.8718,40.58327],[139.8606,40.614],[139.9034,40.64653],[139.9285,40.643],[139.9369,40.67193],[139.9481,40.66987],[139.96339,40.68233],[139.9996,40.7452],[140.0522,40.76926],[140.1218,40.7426],[140.1947,40.78413],[140.23199,40.78453],[140.25101,40.802],[140.3022,40.9174],[140.3235,41.0458],[140.3194,41.09353],[140.286,41.12147],[140.2495,41.12427],[140.24899,41.1344],[140.27769,41.1398],[140.3006,41.131],[140.32001,41.1468],[140.3358,41.19173],[140.3295,41.22127],[140.3412,41.24287],[140.33949,41.26047],[140.3965,41.23507],[140.43069,41.198],[140.465,41.18273],[140.4968,41.18933],[140.52791,41.222],[140.5392,41.21847],[140.54961,41.22967],[140.603,41.21547],[140.631,41.19247],[140.6429,41.16986],[140.63521,41.0772],[140.6608,40.94893],[140.68671,40.86907],[140.73289,40.83167],[140.7953,40.83653],[140.85899,40.88773],[140.85561,40.9034],[140.87,40.91387],[140.8716,40.94573],[140.8383,40.95387],[140.8614,40.95753],[140.8605,40.97193],[140.8732,40.97967],[140.8645,40.985],[140.8802,41.00973],[140.948,40.99327],[140.9837,40.96087],[140.97459,40.934],[140.9985,40.93693],[141.0419,40.91547],[141.0643,40.91407],[141.1053,40.87287],[141.1452,40.87807],[141.19901,40.931],[141.2327,41.0032],[141.2486,41.11066],[141.2785,41.15507],[141.2468,41.2262],[141.18871,41.2798],[141.1582,41.2772],[141.13429,41.24073],[141.15739,41.2532],[141.1584,41.26273],[141.1553,41.24533],[141.0563,41.1834],[140.9817,41.1998],[140.9463,41.1746],[140.85229,41.16033],[140.8123,41.12853],[140.785,41.1318],[140.7652,41.1454],[140.7646,41.19353],[140.77859,41.2108]]],[[[140.8774,41.0118],[140.8718,41.0134],[140.8718,41.0138],[140.8718,41.0162],[140.8718,41.01773],[140.8723,41.01786],[140.8774,41.0118]]],[[[140.85561,40.9322],[140.8532,40.9328],[140.8555,40.93573],[140.8573,40.93427],[140.85561,40.9322]]],[[[139.49726,40.53429],[139.49766,40.53438],[139.49816,40.53411],[139.49794,40.53395],[139.49726,40.53429]]]]}},{"type":"Feature","properties":{"id":27},"geometry":{"type":"MultiPolygon","coordinates":[[[[135.3708,35.04533],[135.3802,35.03633],[135.3821,35.01014],[135.4099,35.01093],[135.423,35.00227],[135.4361,35.00827],[135.49139,34.98933],[135.481,34.94947],[135.49001,34.9418],[135.5132,34.94387],[135.54179,34.91533],[135.5807,34.9236],[135.58,34.937],[135.55679,34.93807],[135.5636,34.9536],[135.57831,34.95573],[135.5733,34.97167],[135.6129,34.97133],[135.6176,34.95753],[135.5999,34.928],[135.6239,34.93527],[135.64281,34.9298],[135.64861,34.9094],[135.6823,34.8878],[135.6955,34.8482],[135.70979,34.8466],[135.74471,34.80433],[135.72839,34.77787],[135.711,34.78127],[135.7095,34.7532],[135.6965,34.74367],[135.7038,34.72393],[135.6727,34.70167],[135.6778,34.67927],[135.6503,34.60873],[135.67529,34.60127],[135.6815,34.58493],[135.6505,34.54493],[135.67661,34.5246],[135.673,34.5032],[135.6842,34.4854],[135.6864,34.45087],[135.6647,34.424],[135.6799,34.40827],[135.65491,34.3848],[135.5795,34.3764],[135.50771,34.33653],[135.485,34.36274],[135.46609,34.34787],[135.4088,34.34187],[135.39709,34.33053],[135.3382,34.33513],[135.33,34.31667],[135.3035,34.31267],[135.29311,34.29933],[135.2822,34.3178],[135.2251,34.30087],[135.2076,34.30807],[135.2048,34.2888],[135.1844,34.2794],[135.15311,34.2742],[135.14799,34.28354],[135.11121,34.272],[135.0965,34.29587],[135.1058,34.30787],[135.09331,34.3146],[135.13029,34.326],[135.13969,34.3176],[135.15289,34.33113],[135.2182,34.34493],[135.2943,34.41507],[135.3188,34.42],[135.3174,34.43067],[135.3224,34.42433],[135.3246,34.43693],[135.3308,34.43274],[135.3517,34.45787],[135.3531,34.4508],[135.3609,34.46149],[135.35399,34.46299],[135.37218,34.47152],[135.36615,34.48066],[135.37598,34.47327],[135.37086,34.50265],[135.37862,34.51097],[135.36716,34.51711],[135.3783,34.53201],[135.37137,34.52254],[135.37975,34.51522],[135.3822,34.52551],[135.39014,34.5055],[135.43181,34.5322],[135.44566,34.55693],[135.41046,34.56075],[135.40204,34.59985],[135.41574,34.59375],[135.42087,34.56965],[135.42947,34.57072],[135.42615,34.58968],[135.45245,34.56487],[135.45767,34.57569],[135.45026,34.58366],[135.46638,34.58462],[135.4493,34.58696],[135.46243,34.58733],[135.4606,34.59483],[135.42554,34.59336],[135.42352,34.60502],[135.44536,34.5982],[135.42339,34.619],[135.43292,34.61306],[135.43129,34.6218],[135.44125,34.62611],[135.44716,34.61472],[135.45079,34.64531],[135.41936,34.6532],[135.42041,34.66016],[135.41432,34.65157],[135.4263,34.66785],[135.41748,34.66345],[135.41772,34.67348],[135.4082,34.6719],[135.42391,34.6932],[135.41382,34.68667],[135.40279,34.6932],[135.44701,34.71967],[135.4469,34.73327],[135.4599,34.7332],[135.44141,34.79093],[135.4234,34.80193],[135.4157,34.81947],[135.4239,34.83653],[135.4167,34.85207],[135.4299,34.85547],[135.4446,34.89847],[135.4306,34.89227],[135.4182,34.9088],[135.438,34.91986],[135.4651,34.91986],[135.4668,34.92873],[135.4417,34.93927],[135.4182,34.93387],[135.4108,34.9432],[135.3923,34.9414],[135.38271,34.9554],[135.36011,34.95447],[135.3456,34.96527],[135.35899,34.98233],[135.3542,35.02407],[135.3304,35.03453],[135.349,35.05087],[135.3708,35.04533]]],[[[135.40971,34.65903],[135.38791,34.66774],[135.40248,34.67329],[135.40971,34.65903]]],[[[135.39209,34.64225],[135.37894,34.64307],[135.37286,34.65196],[135.37944,34.66006],[135.4045,34.65371],[135.39209,34.64225]]],[[[135.42216,34.62192],[135.40738,34.62945],[135.41222,34.63714],[135.39861,34.63127],[135.39848,34.63822],[135.43935,34.64122],[135.44185,34.62832],[135.42216,34.62192]]],[[[135.41753,34.61084],[135.40266,34.61206],[135.39932,34.62072],[135.4184,34.61962],[135.41753,34.61084]]],[[[135.42625,34.54705],[135.44092,34.55412],[135.42107,34.52464],[135.39911,34.53644],[135.40929,34.55442],[135.42012,34.53797],[135.42625,34.54705]]],[[[135.39374,34.53138],[135.39977,34.51893],[135.38834,34.52396],[135.39374,34.53138]]],[[[135.33411,34.44573],[135.3279,34.45],[135.3378,34.4634],[135.3401,34.4664],[135.34691,34.45867],[135.3455,34.45447],[135.33411,34.44573]]],[[[135.2294,34.44598],[135.24137,34.45531],[135.25214,34.44682],[135.23311,34.43186],[135.25121,34.44407],[135.2646,34.43767],[135.22701,34.4132],[135.2184,34.42207],[135.2288,34.4309],[135.20128,34.42827],[135.2294,34.44598]]]]}},{"type":"Feature","properties":{"id":20},"geometry":{"type":"MultiPolygon","coordinates":[[[[138.5246,37.03053],[138.5394,37.02087],[138.5658,37.0214],[138.5864,36.9874],[138.58949,36.91407],[138.6205,36.9034],[138.62669,36.8822],[138.6909,36.8572],[138.68021,36.8222],[138.6956,36.80753],[138.6692,36.77633],[138.6879,36.76587],[138.69569,36.7386],[138.6218,36.7204],[138.6098,36.70647],[138.5955,36.71473],[138.5829,36.70147],[138.5434,36.70393],[138.51401,36.69033],[138.53439,36.6664],[138.52521,36.65147],[138.45799,36.63333],[138.4534,36.61327],[138.4274,36.59613],[138.4203,36.57707],[138.4285,36.5556],[138.4039,36.52093],[138.40089,36.43473],[138.45711,36.41987],[138.4603,36.4046],[138.48981,36.4016],[138.49359,36.41367],[138.5042,36.41493],[138.5334,36.40227],[138.5556,36.41813],[138.59219,36.42447],[138.6481,36.40827],[138.6571,36.36873],[138.6499,36.35193],[138.6535,36.30307],[138.6004,36.27847],[138.6031,36.24787],[138.6369,36.2044],[138.6228,36.197],[138.63699,36.17447],[138.6093,36.1614],[138.5921,36.16767],[138.58971,36.17854],[138.5773,36.16813],[138.59799,36.13807],[138.6346,36.1336],[138.6452,36.1198],[138.645,36.09887],[138.6306,36.09127],[138.6438,36.05067],[138.63139,36.02833],[138.6808,36.01073],[138.6886,35.9918],[138.71269,35.98527],[138.7123,35.96967],[138.73871,35.9384],[138.72881,35.90927],[138.6933,35.89947],[138.6761,35.86987],[138.6218,35.87033],[138.6066,35.8806],[138.61169,35.9094],[138.59061,35.9196],[138.5762,35.91153],[138.50931,35.922],[138.4901,35.8964],[138.45441,35.90033],[138.4447,35.91827],[138.4541,35.93906],[138.4485,35.94607],[138.3703,35.97147],[138.32491,35.9028],[138.28349,35.85947],[138.24831,35.88593],[138.2379,35.8822],[138.20511,35.8154],[138.1855,35.79487],[138.2356,35.75753],[138.1803,35.7128],[138.194,35.69493],[138.1946,35.6714],[138.2186,35.64447],[138.2043,35.63253],[138.2058,35.609],[138.1899,35.57867],[138.1628,35.58153],[138.1423,35.55547],[138.15941,35.54507],[138.13811,35.52187],[138.14619,35.51853],[138.14,35.49967],[138.16451,35.49387],[138.1602,35.47],[138.1552,35.45893],[138.1218,35.45633],[138.11931,35.44786],[138.1214,35.4286],[138.1387,35.4232],[138.1344,35.40913],[138.1521,35.39813],[138.14191,35.37067],[138.0983,35.35513],[138.0873,35.33793],[138.05659,35.34407],[138.0266,35.32073],[138.01871,35.30093],[137.9948,35.3022],[137.96719,35.28327],[137.9305,35.27567],[137.9191,35.2552],[137.8952,35.25787],[137.8718,35.2188],[137.8481,35.22153],[137.838,35.21247],[137.77699,35.2034],[137.7597,35.22147],[137.68221,35.23473],[137.65599,35.22807],[137.644,35.209],[137.57851,35.1984],[137.5768,35.22033],[137.5459,35.2532],[137.57021,35.28213],[137.55659,35.2952],[137.5569,35.31007],[137.604,35.33653],[137.5983,35.37807],[137.575,35.4],[137.6127,35.39173],[137.6348,35.40173],[137.59331,35.44667],[137.63139,35.46993],[137.6243,35.4998],[137.6317,35.50907],[137.60789,35.5332],[137.57449,35.5444],[137.5648,35.56586],[137.571,35.58347],[137.53751,35.5844],[137.5145,35.60713],[137.545,35.64993],[137.4982,35.68727],[137.45889,35.76133],[137.4402,35.75853],[137.4341,35.7706],[137.39839,35.7758],[137.39101,35.78007],[137.394,35.79707],[137.38091,35.80133],[137.3376,35.79813],[137.3255,35.81567],[137.3354,35.84393],[137.3623,35.84893],[137.36459,35.8782],[137.3802,35.89193],[137.4321,35.90513],[137.4581,35.88947],[137.4761,35.894],[137.5009,35.93607],[137.524,35.9436],[137.54311,35.98253],[137.5946,36.0134],[137.61369,36.0762],[137.5742,36.08727],[137.55099,36.1098],[137.56,36.1294],[137.5546,36.14027],[137.5947,36.17187],[137.59489,36.191],[137.5808,36.19533],[137.57381,36.22007],[137.5833,36.22093],[137.6528,36.30453],[137.64549,36.3414],[137.61819,36.36507],[137.5883,36.37153],[137.5873,36.38987],[137.605,36.40393],[137.608,36.4196],[137.63339,36.42573],[137.6553,36.46087],[137.65381,36.4908],[137.6667,36.49427],[137.6696,36.51033],[137.70531,36.51847],[137.70979,36.53607],[137.6846,36.53987],[137.68871,36.5628],[137.7244,36.58653],[137.7509,36.5896],[137.74429,36.6176],[137.76151,36.66513],[137.74989,36.7044],[137.758,36.7412],[137.7518,36.75267],[137.8311,36.80893],[137.8764,36.8672],[137.8618,36.89227],[137.8714,36.90227],[137.862,36.90854],[137.8688,36.91607],[137.89529,36.91053],[137.92149,36.91987],[137.9623,36.90213],[137.96919,36.91093],[138.0137,36.90387],[138.0157,36.89327],[138.0318,36.88987],[138.0313,36.8782],[138.01421,36.861],[138.0186,36.84173],[138.0033,36.82667],[138.0528,36.80013],[138.0694,36.80494],[138.08411,36.83207],[138.1152,36.85047],[138.16589,36.8448],[138.21359,36.87027],[138.2348,36.864],[138.2549,36.87],[138.2682,36.86013],[138.27141,36.84307],[138.28889,36.8474],[138.2984,36.91307],[138.31841,36.92513],[138.34309,36.92093],[138.3947,36.99733],[138.4563,37.0198],[138.5246,37.03053]]]]}},{"type":"Feature","properties":{"id":44},"geometry":{"type":"MultiPolygon","coordinates":[[[[131.6326,33.71653],[131.6423,33.73214],[131.66589,33.7398],[131.70061,33.7304],[131.6646,33.71687],[131.6326,33.71653]]],[[[131.5439,33.67673],[131.5596,33.68673],[131.5652,33.67467],[131.57471,33.67507],[131.5728,33.6858],[131.58459,33.69247],[131.6153,33.67493],[131.61861,33.68087],[131.6243,33.66987],[131.63521,33.68207],[131.6496,33.67233],[131.646,33.66373],[131.6644,33.6684],[131.6817,33.6396],[131.6913,33.6408],[131.70061,33.61293],[131.7294,33.58653],[131.7399,33.56113],[131.7442,33.54273],[131.7287,33.4956],[131.7326,33.48827],[131.7374,33.4952],[131.73801,33.46487],[131.7339,33.47033],[131.7249,33.46214],[131.70239,33.40714],[131.65961,33.40967],[131.6722,33.4172],[131.6563,33.4232],[131.62759,33.41987],[131.6339,33.41587],[131.6255,33.41013],[131.6487,33.38447],[131.64351,33.37567],[131.59621,33.37087],[131.5921,33.34727],[131.5508,33.34974],[131.5377,33.3678],[131.49879,33.36053],[131.49519,33.3296],[131.51109,33.2688],[131.58839,33.24553],[131.631,33.27187],[131.6272,33.26507],[131.65919,33.27347],[131.67149,33.26013],[131.66611,33.2746],[131.67529,33.27773],[131.6835,33.26633],[131.6799,33.279],[131.6907,33.2792],[131.69009,33.268],[131.70419,33.27447],[131.7146,33.2682],[131.71201,33.25973],[131.7179,33.26627],[131.7341,33.25593],[131.7296,33.2502],[131.7435,33.25286],[131.7579,33.24013],[131.75391,33.25233],[131.77231,33.24473],[131.778,33.25293],[131.77051,33.24107],[131.8555,33.25553],[131.8718,33.24887],[131.8665,33.25827],[131.9015,33.268],[131.88901,33.24413],[131.87131,33.23613],[131.8757,33.2232],[131.8602,33.2048],[131.868,33.20227],[131.83369,33.182],[131.8205,33.15533],[131.8268,33.1592],[131.82761,33.15013],[131.79781,33.127],[131.8297,33.12553],[131.84441,33.11493],[131.8685,33.13093],[131.88319,33.12193],[131.8996,33.13433],[131.9147,33.12487],[131.8947,33.10727],[131.8757,33.10593],[131.86861,33.09047],[131.8524,33.0888],[131.8658,33.08327],[131.86259,33.07533],[131.90981,33.08213],[131.91161,33.0664],[131.9276,33.06673],[131.9229,33.0726],[131.9341,33.08653],[131.92821,33.09153],[131.9406,33.09647],[131.9418,33.07027],[131.9648,33.0728],[131.97279,33.06187],[131.98779,33.06807],[131.987,33.0908],[132.00121,33.09627],[131.99471,33.08093],[132.015,33.0582],[131.97659,33.04653],[131.92889,33.05227],[131.92191,33.02673],[131.9007,33.01027],[131.9077,33.00013],[131.9023,32.99187],[131.8981,33.00587],[131.88901,32.99166],[131.896,32.98],[131.9256,32.97227],[131.923,32.964],[131.9368,32.9522],[131.9471,32.9592],[131.9584,32.94573],[131.9593,32.95993],[131.9669,32.9528],[131.97391,32.9636],[131.9724,32.94493],[131.98109,32.93927],[132.00259,32.95867],[131.996,32.93873],[132.0029,32.9322],[132.0331,32.9394],[132.0323,32.95373],[132.07159,32.9474],[132.08459,32.93274],[132.05411,32.93973],[132.0444,32.92673],[132.02721,32.9358],[132.00819,32.924],[132.0079,32.9058],[131.99341,32.92147],[131.9769,32.92273],[131.9863,32.88827],[131.9944,32.89893],[132.0148,32.89034],[131.9838,32.86253],[131.97211,32.86647],[131.97481,32.8574],[131.9601,32.8464],[131.9494,32.85527],[131.9559,32.84167],[131.94209,32.8356],[131.9567,32.83653],[131.96291,32.81867],[131.9631,32.83847],[131.98019,32.82467],[131.9857,32.83247],[131.9743,32.84413],[131.9841,32.8458],[132.0074,32.83653],[132.00771,32.82847],[131.97121,32.8036],[131.9711,32.79173],[131.95441,32.8074],[131.9361,32.78507],[131.91949,32.80033],[131.91949,32.78567],[131.90691,32.79373],[131.9021,32.7852],[131.8947,32.78827],[131.8989,32.80193],[131.8895,32.80467],[131.884,32.79073],[131.8954,32.76513],[131.8739,32.7906],[131.8678,32.7742],[131.87869,32.765],[131.8712,32.7522],[131.8851,32.74567],[131.8718,32.74033],[131.84711,32.73613],[131.8436,32.74673],[131.85789,32.82133],[131.8343,32.81953],[131.82381,32.82967],[131.793,32.82187],[131.78641,32.83347],[131.7674,32.83847],[131.7368,32.83287],[131.7287,32.7996],[131.70779,32.7716],[131.6682,32.76667],[131.5916,32.77514],[131.56641,32.75427],[131.513,32.7692],[131.508,32.784],[131.5168,32.80027],[131.4744,32.83713],[131.4375,32.82853],[131.42039,32.81173],[131.35899,32.80387],[131.3396,32.83313],[131.2724,32.87193],[131.2726,32.88153],[131.2632,32.87907],[131.24519,32.9586],[131.2628,32.9762],[131.2468,32.98227],[131.2468,32.9952],[131.2271,33.01093],[131.21449,33.055],[131.1736,33.0834],[131.1597,33.14087],[131.09889,33.1878],[131.0383,33.19433],[131.01331,33.1772],[130.99161,33.18327],[130.9776,33.14053],[131.0231,33.0874],[131.01041,33.072],[131.0166,33.06307],[131.0106,33.0426],[130.98801,33.0236],[130.9693,33.02373],[130.9491,33.05093],[130.91949,33.0526],[130.8979,33.0646],[130.88631,33.08653],[130.84489,33.09207],[130.83929,33.10107],[130.8605,33.1182],[130.88651,33.18673],[130.83571,33.2114],[130.8577,33.2298],[130.8253,33.2374],[130.82921,33.2576],[130.867,33.26747],[130.8517,33.2782],[130.8654,33.29293],[130.85631,33.327],[130.8345,33.34347],[130.8609,33.3628],[130.8638,33.37727],[130.8855,33.3798],[130.8945,33.4462],[130.9254,33.45747],[130.9254,33.47787],[130.97371,33.50547],[131.0294,33.5184],[131.1218,33.502],[131.1765,33.508],[131.1657,33.5284],[131.18719,33.5462],[131.1891,33.56194],[131.17191,33.58653],[131.18451,33.6162],[131.2084,33.61567],[131.2131,33.60527],[131.23019,33.60154],[131.24451,33.61107],[131.2657,33.5876],[131.2883,33.5784],[131.4301,33.5738],[131.4232,33.59174],[131.4614,33.61913],[131.46851,33.61213],[131.4796,33.64153],[131.50391,33.6564],[131.49809,33.66987],[131.5289,33.67347],[131.5218,33.68407],[131.5439,33.67673]]],[[[131.9455,33.27053],[131.93719,33.278],[131.9547,33.27887],[131.9455,33.27053]]],[[[131.74272,33.25709],[131.73842,33.26002],[131.73853,33.26009],[131.74282,33.25716],[131.74272,33.25709]]],[[[131.8936,33.23513],[131.892,33.23653],[131.88879,33.2364],[131.89261,33.23846],[131.8947,33.23833],[131.8936,33.23513]]],[[[131.8381,33.1756],[131.83501,33.17707],[131.8347,33.17787],[131.8371,33.17754],[131.8381,33.1756]]],[[[131.98041,33.16307],[131.9846,33.17087],[131.9904,33.16986],[131.98041,33.16307]]],[[[131.9734,33.15533],[131.9693,33.156],[131.97791,33.15953],[131.97839,33.16067],[131.98,33.157],[131.9734,33.15533]]],[[[131.8595,33.1392],[131.8564,33.14007],[131.85809,33.14313],[131.8623,33.14313],[131.8595,33.1392]]],[[[132.0033,33.0972],[132.01019,33.11127],[132.01469,33.10513],[132.0033,33.0972]]],[[[131.8918,33.10047],[131.8922,33.10433],[131.89261,33.10513],[131.895,33.10207],[131.8918,33.10047]]],[[[131.9241,32.98027],[131.90959,32.9876],[131.9227,32.99893],[131.9196,33.01287],[131.942,33.0156],[131.9256,32.99653],[131.9436,32.9962],[131.9241,32.98027]]],[[[131.9111,33.00733],[131.908,33.01113],[131.9111,33.01467],[131.9104,33.01173],[131.9111,33.00733]]],[[[132.0728,32.95307],[132.05969,32.96407],[132.07381,32.977],[132.0802,32.95993],[132.0728,32.95307]]],[[[131.9541,32.96473],[131.9532,32.97054],[131.95689,32.9694],[131.9541,32.96473]]],[[[132.0473,32.9142],[132.04469,32.91953],[132.04871,32.91627],[132.04919,32.9146],[132.0473,32.9142]]],[[[132.02209,32.8878],[132.0231,32.88893],[132.0246,32.88793],[132.02209,32.8878]]],[[[132.03079,32.87893],[132.02991,32.88093],[132.0345,32.88054],[132.0341,32.87954],[132.03079,32.87893]]],[[[131.9111,32.76927],[131.90919,32.77887],[131.92261,32.77507],[131.9111,32.76927]]],[[[131.92461,32.71494],[131.9203,32.72633],[131.9292,32.7246],[131.92461,32.71494]]]]}},{"type":"Feature","properties":{"id":24},"geometry":{"type":"MultiPolygon","coordinates":[[[[136.5275,35.25753],[136.54939,35.23373],[136.5482,35.22],[136.60201,35.1778],[136.6161,35.14953],[136.6452,35.1446],[136.6461,35.1658],[136.6694,35.1336],[136.696,35.1236],[136.7468,35.0824],[136.7531,35.05307],[136.77251,35.02433],[136.7646,35.02073],[136.7491,35.037],[136.6973,35.0204],[136.69969,35.0072],[136.67641,35.00853],[136.6514,34.99307],[136.6459,34.959],[136.63721,34.9574],[136.64459,34.95387],[136.63319,34.94987],[136.6409,34.9388],[136.66302,34.94554],[136.66663,34.93693],[136.64709,34.93493],[136.64619,34.90453],[136.62489,34.8688],[136.53371,34.7532],[136.5239,34.67927],[136.54111,34.683],[136.5421,34.67453],[136.5571,34.6714],[136.54781,34.66613],[136.54379,34.6222],[136.52791,34.61087],[136.5623,34.61467],[136.5648,34.60767],[136.6427,34.59087],[136.6649,34.55913],[136.7334,34.53793],[136.7769,34.5088],[136.80971,34.50813],[136.8157,34.48513],[136.8266,34.48727],[136.823,34.50373],[136.8309,34.50613],[136.8488,34.47173],[136.851,34.47967],[136.8773,34.47393],[136.8651,34.4598],[136.88451,34.44786],[136.8756,34.4286],[136.89079,34.4348],[136.883,34.43933],[136.8965,34.45346],[136.92329,34.445],[136.9193,34.42493],[136.9279,34.4134],[136.9099,34.39833],[136.91251,34.37587],[136.8985,34.37847],[136.89369,34.3896],[136.88699,34.38333],[136.88791,34.39207],[136.88071,34.38047],[136.8689,34.38853],[136.87579,34.37067],[136.8665,34.37467],[136.85721,34.36353],[136.8468,34.37187],[136.8333,34.3614],[136.81331,34.3676],[136.8253,34.3528],[136.8459,34.36967],[136.8511,34.35613],[136.8643,34.3636],[136.8654,34.34287],[136.8911,34.36526],[136.9082,34.36533],[136.8779,34.33653],[136.892,34.31313],[136.8844,34.2982],[136.8998,34.27613],[136.86951,34.273],[136.8718,34.26427],[136.8533,34.26187],[136.8474,34.24653],[136.76601,34.2604],[136.752,34.27253],[136.7843,34.2782],[136.7932,34.27133],[136.7926,34.27767],[136.8125,34.27233],[136.81171,34.26373],[136.8269,34.2722],[136.8351,34.25907],[136.8499,34.2734],[136.84799,34.26607],[136.8625,34.27013],[136.84531,34.2808],[136.8334,34.2706],[136.8338,34.2914],[136.86661,34.28653],[136.8483,34.29107],[136.8504,34.30073],[136.8421,34.2944],[136.8273,34.301],[136.84689,34.30387],[136.8399,34.30967],[136.84779,34.31327],[136.80479,34.30887],[136.80521,34.32767],[136.7923,34.30913],[136.8107,34.2972],[136.79201,34.28813],[136.77319,34.29727],[136.7818,34.30667],[136.77409,34.30547],[136.7773,34.31507],[136.7686,34.30927],[136.7616,34.31553],[136.76489,34.30433],[136.75281,34.2982],[136.7637,34.2922],[136.72369,34.30407],[136.68671,34.2846],[136.6992,34.3254],[136.70891,34.31726],[136.70399,34.32813],[136.71581,34.32347],[136.72701,34.3422],[136.71381,34.34633],[136.7059,34.33653],[136.7077,34.34867],[136.69299,34.3482],[136.6949,34.33653],[136.6823,34.3238],[136.6875,34.33653],[136.6781,34.33653],[136.6908,34.345],[136.672,34.339],[136.65981,34.34533],[136.67239,34.3246],[136.6595,34.32833],[136.6377,34.30827],[136.6769,34.31647],[136.6505,34.29233],[136.65939,34.2896],[136.6364,34.28513],[136.6356,34.27613],[136.6048,34.25827],[136.5863,34.25753],[136.58011,34.27447],[136.5899,34.27053],[136.57181,34.275],[136.58119,34.28567],[136.5809,34.27873],[136.595,34.28127],[136.5907,34.2946],[136.5609,34.2856],[136.5605,34.27547],[136.5481,34.28167],[136.5578,34.26773],[136.54829,34.25],[136.53751,34.2558],[136.54041,34.2774],[136.5267,34.25933],[136.5305,34.27307],[136.5237,34.2668],[136.5041,34.27767],[136.5175,34.23853],[136.50099,34.25847],[136.4906,34.25207],[136.5042,34.24373],[136.48441,34.23947],[136.5083,34.2296],[136.4816,34.21973],[136.4805,34.22833],[136.46339,34.2318],[136.4595,34.24433],[136.4729,34.24833],[136.4662,34.25673],[136.4561,34.2462],[136.4408,34.2478],[136.45419,34.2426],[136.4521,34.22807],[136.45959,34.2252],[136.4511,34.21967],[136.4305,34.2196],[136.3988,34.2028],[136.3927,34.21147],[136.3998,34.219],[136.3838,34.21646],[136.38631,34.20947],[136.36211,34.18873],[136.3573,34.19887],[136.3503,34.1946],[136.3486,34.20413],[136.3591,34.20727],[136.3533,34.2116],[136.3219,34.19593],[136.33679,34.197],[136.332,34.18027],[136.3035,34.18007],[136.2877,34.15647],[136.27831,34.1616],[136.2861,34.1482],[136.2767,34.13633],[136.2914,34.12713],[136.2854,34.117],[136.31531,34.11453],[136.2975,34.08653],[136.29109,34.09687],[136.26711,34.08147],[136.2659,34.0994],[136.27299,34.10207],[136.2594,34.09893],[136.259,34.0884],[136.24921,34.09467],[136.24969,34.10427],[136.2756,34.12187],[136.2684,34.1288],[136.2272,34.1],[136.23621,34.08653],[136.2019,34.07693],[136.2085,34.06287],[136.25169,34.0616],[136.2433,34.0596],[136.244,34.03873],[136.2821,34.0196],[136.2637,34.01113],[136.2428,34.0146],[136.2717,34.005],[136.2659,33.99347],[136.2574,33.99793],[136.2599,33.98887],[136.2715,33.98813],[136.2715,33.97313],[136.25301,33.96427],[136.2384,33.9694],[136.2352,33.97987],[136.2525,33.9842],[136.2108,33.9996],[136.2151,33.98393],[136.192,33.97173],[136.2014,33.9636],[136.22169,33.9738],[136.21609,33.9656],[136.2263,33.96433],[136.2309,33.9466],[136.2169,33.94727],[136.2135,33.9316],[136.2007,33.94447],[136.1803,33.9378],[136.198,33.93387],[136.1983,33.91987],[136.1797,33.9134],[136.1705,33.91253],[136.17039,33.92587],[136.14729,33.92833],[136.1516,33.91327],[136.13921,33.90933],[136.14799,33.8972],[136.1344,33.899],[136.1302,33.88487],[136.1178,33.8988],[136.0657,33.84047],[136.01131,33.72353],[135.98351,33.736],[135.97121,33.73227],[135.9762,33.72334],[135.9659,33.7238],[135.94121,33.73513],[135.937,33.75753],[135.9071,33.76673],[135.89,33.80187],[135.85631,33.818],[135.8602,33.8488],[135.8531,33.861],[135.8611,33.87613],[135.8604,33.86554],[135.8718,33.8588],[135.8812,33.87227],[135.89551,33.8688],[135.90131,33.88353],[135.8923,33.8936],[135.88791,33.88147],[135.8786,33.90847],[135.8942,33.906],[135.8933,33.91987],[135.9323,33.91673],[135.91769,33.9222],[135.9306,33.93313],[135.9278,33.94093],[135.9686,33.929],[135.97659,33.9664],[135.9991,33.9556],[136.011,33.9662],[135.9951,34.0002],[136.005,34.0032],[136.0186,34.03587],[136.04359,34.04047],[136.1033,34.02553],[136.09239,34.0478],[136.0927,34.0826],[136.11819,34.0822],[136.103,34.09547],[136.099,34.11873],[136.11411,34.15933],[136.10451,34.17287],[136.1086,34.18433],[136.09309,34.1956],[136.1165,34.21233],[136.1102,34.2292],[136.1311,34.25167],[136.0947,34.301],[136.1292,34.31593],[136.1017,34.33653],[136.08611,34.37827],[136.0687,34.39353],[136.09579,34.4352],[136.2059,34.44853],[136.229,34.49406],[136.21471,34.5032],[136.21629,34.52806],[136.1671,34.52],[136.17149,34.53413],[136.15559,34.55873],[136.13831,34.56073],[136.1142,34.54593],[136.1106,34.55593],[136.08411,34.55927],[136.0495,34.58007],[136.0463,34.6002],[136.07249,34.6366],[136.06461,34.65133],[136.0403,34.66333],[136.06351,34.65213],[136.08549,34.67627],[136.07469,34.6976],[136.0533,34.70514],[136.06999,34.71367],[136.06779,34.72273],[136.0285,34.7572],[136.03349,34.77887],[136.02029,34.7892],[136.0903,34.81393],[136.08569,34.83747],[136.1031,34.84047],[136.1266,34.8618],[136.1218,34.8728],[136.08521,34.87774],[136.08701,34.89047],[136.1106,34.90187],[136.1308,34.88307],[136.1794,34.88647],[136.1917,34.87247],[136.25031,34.8578],[136.3656,34.90493],[136.373,34.9418],[136.3952,34.95173],[136.41431,34.9796],[136.4241,35.029],[136.4182,35.0484],[136.44119,35.06513],[136.43559,35.08273],[136.4478,35.12354],[136.436,35.13013],[136.4543,35.1616],[136.40829,35.1872],[136.4149,35.21767],[136.4317,35.22913],[136.44209,35.21707],[136.46631,35.23767],[136.5078,35.2362],[136.5275,35.25753]]],[[[136.6657,34.97286],[136.65028,34.97727],[136.65277,34.99184],[136.67471,35.00237],[136.66133,34.99342],[136.67767,34.98703],[136.6657,34.97286]]],[[[136.9823,34.54073],[136.9762,34.54687],[136.9864,34.5502],[136.9823,34.54073]]],[[[136.9109,34.5404],[136.9072,34.54247],[136.9149,34.54393],[136.91479,34.54287],[136.9129,34.54047],[136.9109,34.5404]]],[[[136.8586,34.506],[136.84711,34.51007],[136.8788,34.52627],[136.8667,34.52794],[136.8998,34.53773],[136.90421,34.52027],[136.8586,34.506]]],[[[136.85269,34.5194],[136.85361,34.52013],[136.8567,34.5224],[136.8625,34.52027],[136.8571,34.5206],[136.85269,34.5194]]],[[[136.84039,34.51567],[136.8353,34.517],[136.8447,34.51993],[136.84689,34.52],[136.84039,34.51567]]],[[[136.836,34.50213],[136.8354,34.5032],[136.83521,34.50707],[136.83751,34.50687],[136.836,34.5032],[136.836,34.50213]]],[[[136.88631,34.4766],[136.8718,34.48547],[136.8757,34.49207],[136.9084,34.50293],[136.9062,34.48953],[136.88631,34.4766]]],[[[136.85651,34.48253],[136.85091,34.48753],[136.85831,34.4908],[136.8633,34.4892],[136.86459,34.4892],[136.86371,34.4862],[136.85651,34.48253]]],[[[136.8952,34.45587],[136.89661,34.46093],[136.89709,34.45833],[136.8952,34.45587]]],[[[136.8889,34.45066],[136.8882,34.45247],[136.8886,34.45313],[136.8904,34.45307],[136.8889,34.45066]]],[[[136.87311,34.3572],[136.8665,34.3638],[136.8756,34.3678],[136.87311,34.3572]]],[[[136.7139,34.33393],[136.7151,34.336],[136.718,34.341],[136.7139,34.33393]]],[[[136.815,34.3046],[136.8116,34.30853],[136.82451,34.30593],[136.815,34.3046]]],[[[136.8195,34.29927],[136.81801,34.3016],[136.81819,34.3024],[136.82111,34.29933],[136.8195,34.29927]]],[[[136.8127,34.29907],[136.8123,34.30053],[136.8138,34.30067],[136.8167,34.30133],[136.8127,34.29907]]],[[[136.68021,34.29507],[136.68021,34.29853],[136.6819,34.30013],[136.6832,34.2974],[136.68021,34.29507]]],[[[136.82339,34.296],[136.8203,34.29713],[136.825,34.29967],[136.82451,34.29793],[136.8257,34.29713],[136.82491,34.2962],[136.82339,34.296]]],[[[136.81551,34.29553],[136.8158,34.2966],[136.81689,34.29653],[136.81709,34.2958],[136.81551,34.29553]]],[[[136.8221,34.28807],[136.8226,34.295],[136.8316,34.28907],[136.8221,34.28807]]],[[[136.8119,34.287],[136.81599,34.2914],[136.8204,34.28907],[136.8119,34.287]]],[[[136.82539,34.28473],[136.82401,34.28493],[136.8237,34.28633],[136.8264,34.28587],[136.82539,34.28473]]],[[[136.8405,34.26713],[136.83751,34.26713],[136.8381,34.26767],[136.8376,34.2692],[136.8382,34.269],[136.8405,34.26713]]],[[[136.5482,34.2422],[136.5515,34.2476],[136.55521,34.24333],[136.5482,34.2422]]],[[[136.3791,34.1934],[136.37599,34.1956],[136.37759,34.1962],[136.3791,34.1934]]],[[[136.40285,34.19164],[136.40207,34.19237],[136.40372,34.19285],[136.40285,34.19164]]],[[[136.39914,34.19014],[136.3982,34.19044],[136.39947,34.1905],[136.39914,34.19014]]],[[[136.38091,34.18347],[136.37849,34.18347],[136.3792,34.1842],[136.38091,34.18413],[136.3815,34.1842],[136.38091,34.18347]]],[[[136.325,34.1644],[136.31709,34.17473],[136.319,34.17227],[136.325,34.1644]]],[[[136.3046,34.16967],[136.3036,34.16986],[136.30341,34.17087],[136.30479,34.16986],[136.3046,34.16967]]],[[[136.30099,34.1566],[136.29961,34.16153],[136.3036,34.16147],[136.30099,34.1566]]],[[[136.3658,34.14833],[136.36411,34.1484],[136.36191,34.15127],[136.3632,34.15233],[136.366,34.15147],[136.3658,34.14833]]],[[[136.2556,34.0692],[136.25369,34.07013],[136.25169,34.07253],[136.2552,34.071],[136.2556,34.0692]]],[[[136.2617,34.0576],[136.2562,34.06],[136.25839,34.06087],[136.2628,34.06007],[136.2617,34.0576]]]]}},{"type":"Feature","properties":{"id":34},"geometry":{"type":"MultiPolygon","coordinates":[[[[132.85899,35.0926],[132.89211,35.105],[132.9088,35.08653],[132.94991,35.07547],[132.9743,35.08347],[132.9902,35.1014],[133.033,35.06827],[133.0518,35.0704],[133.0603,35.0814],[133.1123,35.08567],[133.1424,35.0652],[133.1611,35.0736],[133.2283,35.0684],[133.23199,35.0776],[133.2506,35.07807],[133.26671,35.05187],[133.3212,35.00613],[133.3203,34.98673],[133.29669,34.9554],[133.3089,34.93707],[133.2944,34.9028],[133.33011,34.85593],[133.33231,34.8396],[133.37781,34.80513],[133.3613,34.7556],[133.3698,34.7466],[133.3576,34.73333],[133.3692,34.7228],[133.3826,34.67994],[133.4028,34.67193],[133.3829,34.62153],[133.3965,34.5954],[133.4214,34.5868],[133.4527,34.53506],[133.4445,34.4466],[133.41451,34.45933],[133.41431,34.4784],[133.40781,34.47847],[133.4068,34.4586],[133.43919,34.43647],[133.43069,34.42413],[133.40421,34.43553],[133.4072,34.42847],[133.3844,34.41927],[133.3829,34.3812],[133.34641,34.36547],[133.34641,34.37653],[133.3347,34.38067],[133.28529,34.38573],[133.28101,34.40113],[133.2439,34.3914],[133.2429,34.3998],[133.2589,34.39713],[133.2724,34.41347],[133.27,34.43153],[133.2567,34.44173],[133.25349,34.4234],[133.2415,34.43593],[133.2439,34.42347],[133.23351,34.41153],[133.1218,34.38273],[133.0843,34.39553],[133.0923,34.38866],[133.07201,34.34286],[133.0168,34.32913],[132.9502,34.3394],[132.9203,34.32573],[132.9127,34.33653],[132.90959,34.3272],[132.868,34.3118],[132.8734,34.30233],[132.84689,34.29227],[132.83411,34.3158],[132.7966,34.311],[132.7881,34.2782],[132.7536,34.28214],[132.7529,34.26053],[132.77209,34.2532],[132.7598,34.24087],[132.7021,34.2372],[132.68401,34.2108],[132.66029,34.21833],[132.6588,34.20687],[132.6412,34.202],[132.59579,34.23073],[132.56779,34.19847],[132.5377,34.19373],[132.5435,34.2088],[132.5312,34.22133],[132.5522,34.22873],[132.55659,34.242],[132.53889,34.2476],[132.53079,34.24133],[132.5238,34.24573],[132.528,34.2556],[132.5141,34.25687],[132.5181,34.28093],[132.49449,34.31353],[132.5036,34.33653],[132.4911,34.33653],[132.4968,34.34873],[132.5072,34.33913],[132.51599,34.34447],[132.50819,34.35247],[132.52859,34.35587],[132.51691,34.36513],[132.4696,34.35193],[132.45689,34.35173],[132.45799,34.36367],[132.4493,34.348],[132.3985,34.36507],[132.3761,34.36353],[132.37621,34.35227],[132.3737,34.36093],[132.36279,34.3496],[132.36371,34.36087],[132.3399,34.35333],[132.35049,34.35107],[132.3342,34.34433],[132.34689,34.3414],[132.326,34.34426],[132.3139,34.31893],[132.27499,34.28067],[132.23219,34.25733],[132.21989,34.23333],[132.2449,34.21067],[132.1958,34.20427],[132.20399,34.22867],[132.1703,34.22533],[132.1692,34.23373],[132.1447,34.2364],[132.1449,34.25813],[132.1335,34.2708],[132.1394,34.28473],[132.12469,34.29133],[132.12669,34.3326],[132.1071,34.32793],[132.095,34.35007],[132.0692,34.35627],[132.07671,34.3888],[132.0681,34.41513],[132.0802,34.44227],[132.0583,34.49287],[132.0359,34.5022],[132.0527,34.52987],[132.0838,34.53793],[132.12509,34.58253],[132.1299,34.598],[132.1169,34.6026],[132.11569,34.61267],[132.12959,34.63027],[132.12601,34.64133],[132.16119,34.68327],[132.1557,34.69293],[132.1299,34.69893],[132.13,34.708],[132.203,34.7488],[132.2215,34.75027],[132.22501,34.7702],[132.24181,34.78447],[132.241,34.80593],[132.2776,34.79873],[132.27969,34.78347],[132.298,34.77713],[132.3157,34.8014],[132.3356,34.79013],[132.3718,34.8012],[132.396,34.7794],[132.42279,34.79807],[132.4205,34.814],[132.4346,34.8206],[132.45399,34.8012],[132.5051,34.796],[132.5195,34.80373],[132.5374,34.79493],[132.5536,34.80813],[132.56731,34.8064],[132.6151,34.84327],[132.6601,34.83266],[132.6691,34.83294],[132.6792,34.85127],[132.6972,34.84293],[132.7099,34.84993],[132.69991,34.88206],[132.6333,34.90487],[132.6729,34.93193],[132.68449,34.95066],[132.7198,34.94814],[132.7468,34.95933],[132.74519,34.97707],[132.7679,34.98466],[132.76559,34.99653],[132.7872,35.0048],[132.8139,35.04073],[132.8362,35.04733],[132.827,35.0612],[132.85899,35.0926]]],[[[133.2114,34.35673],[133.1745,34.36653],[133.17191,34.39213],[133.21429,34.4094],[133.2355,34.40633],[133.2352,34.39007],[133.2182,34.3804],[133.2114,34.35673]]],[[[133.17081,34.37347],[133.1562,34.37453],[133.1523,34.38513],[133.16701,34.39007],[133.17081,34.37347]]],[[[133.3985,34.3776],[133.3875,34.38287],[133.3914,34.3878],[133.4032,34.3838],[133.3985,34.3776]]],[[[133.2702,34.3612],[133.25951,34.36626],[133.2596,34.3838],[133.2775,34.38067],[133.2702,34.3612]]],[[[133.24251,34.37113],[133.2403,34.37953],[133.2448,34.3754],[133.24251,34.37113]]],[[[133.30299,34.3428],[133.2894,34.35667],[133.30009,34.367],[133.317,34.3728],[133.32361,34.36013],[133.3407,34.3694],[133.336,34.35587],[133.30299,34.3428]]],[[[133.1355,34.3598],[133.1366,34.3666],[133.14461,34.36333],[133.1355,34.3598]]],[[[133.0988,34.35966],[133.1033,34.36613],[133.10561,34.3626],[133.0988,34.35966]]],[[[133.1122,34.3176],[133.0943,34.331],[133.1019,34.32566],[133.10381,34.35727],[133.11571,34.35993],[133.1256,34.33653],[133.1122,34.3176]]],[[[133.19211,34.27507],[133.1564,34.2984],[133.1339,34.3288],[133.149,34.3584],[133.17619,34.35527],[133.18069,34.333],[133.1958,34.33807],[133.20889,34.31927],[133.19391,34.29713],[133.20959,34.29753],[133.19211,34.27507]]],[[[133.1414,34.35153],[133.13971,34.3524],[133.13791,34.35753],[133.1412,34.3566],[133.14079,34.35506],[133.1414,34.35153]]],[[[133.2617,34.33233],[133.2623,34.34653],[133.28731,34.3568],[133.285,34.3394],[133.2617,34.33233]]],[[[133.4657,34.35413],[133.46541,34.35673],[133.46651,34.3564],[133.4675,34.3548],[133.4657,34.35413]]],[[[132.46271,34.3402],[132.45799,34.34353],[132.4593,34.35187],[132.4597,34.3512],[132.46091,34.3512],[132.4635,34.34407],[132.46271,34.3402]]],[[[133.44591,34.3358],[133.4304,34.33907],[133.4297,34.34767],[133.4539,34.33826],[133.44591,34.3358]]],[[[132.4808,34.33093],[132.47969,34.34687],[132.48489,34.34053],[132.4808,34.33093]]],[[[133.0775,34.3016],[133.0614,34.314],[133.07561,34.33387],[133.0864,34.31447],[133.0775,34.3016]]],[[[132.43269,34.29733],[132.4147,34.3024],[132.4418,34.32587],[132.44209,34.2974],[132.43269,34.29733]]],[[[132.94791,34.30927],[132.94209,34.317],[132.93581,34.3236],[132.9399,34.32353],[132.942,34.32373],[132.9471,34.31647],[132.94791,34.30927]]],[[[132.464,34.3108],[132.45959,34.3124],[132.4617,34.31713],[132.463,34.3164],[132.464,34.3108]]],[[[133.4612,34.31],[133.4576,34.31553],[133.4697,34.3142],[133.4612,34.31]]],[[[133.0825,34.25647],[133.0676,34.27287],[133.0834,34.30767],[133.13921,34.3152],[133.1483,34.2992],[133.14349,34.28607],[133.0825,34.25647]]],[[[132.99339,34.3028],[132.9877,34.3148],[132.9973,34.30907],[132.99339,34.3028]]],[[[132.2738,34.2314],[132.2632,34.25633],[132.2881,34.28627],[132.31841,34.29567],[132.3326,34.31033],[132.3465,34.28087],[132.2738,34.2314]]],[[[132.91631,34.28013],[132.9048,34.28913],[132.91411,34.2998],[132.9171,34.29053],[132.925,34.29673],[132.91631,34.28013]]],[[[132.42841,34.1284],[132.44409,34.15153],[132.4447,34.17787],[132.4566,34.1758],[132.43829,34.1954],[132.42751,34.17294],[132.4205,34.19647],[132.38499,34.22527],[132.3876,34.2394],[132.3718,34.2588],[132.4218,34.25647],[132.44009,34.2242],[132.4567,34.23027],[132.4725,34.20807],[132.47881,34.2312],[132.4682,34.24647],[132.4554,34.25647],[132.44189,34.24546],[132.4319,34.2532],[132.44501,34.2662],[132.4341,34.28533],[132.4731,34.2836],[132.4778,34.2962],[132.4973,34.26887],[132.4895,34.204],[132.4743,34.19553],[132.47121,34.18027],[132.487,34.16087],[132.48911,34.142],[132.42841,34.1284]]],[[[132.36279,34.2886],[132.3622,34.2892],[132.36011,34.2892],[132.3614,34.2918],[132.36279,34.2886]]],[[[132.8141,34.28713],[132.8132,34.28773],[132.81689,34.29107],[132.8176,34.2902],[132.8141,34.28713]]],[[[132.8847,34.27567],[132.88181,34.28587],[132.8853,34.28547],[132.8847,34.27567]]],[[[132.9377,34.2834],[132.9352,34.28567],[132.942,34.28773],[132.9438,34.28393],[132.9377,34.2834]]],[[[132.8791,34.2058],[132.8502,34.2126],[132.8374,34.2418],[132.88181,34.24807],[132.8862,34.2616],[132.8999,34.24733],[132.9257,34.28226],[132.9416,34.2772],[132.914,34.235],[132.9205,34.215],[132.8791,34.2058]]],[[[132.8026,34.26853],[132.7901,34.27493],[132.8082,34.2808],[132.8026,34.26853]]],[[[132.3644,34.274],[132.3718,34.27973],[132.375,34.27433],[132.3644,34.274]]],[[[132.9057,34.271],[132.90669,34.27767],[132.90829,34.27813],[132.9101,34.27727],[132.9102,34.2742],[132.9057,34.271]]],[[[132.8877,34.26913],[132.88631,34.27107],[132.88789,34.27107],[132.8895,34.27113],[132.89011,34.27093],[132.8877,34.26913]]],[[[132.8752,34.25513],[132.86349,34.26294],[132.86819,34.27107],[132.8752,34.25513]]],[[[132.77029,34.26433],[132.77319,34.26827],[132.7747,34.26827],[132.7744,34.2654],[132.7719,34.2646],[132.77029,34.26433]]],[[[132.78419,34.25607],[132.7811,34.25653],[132.78191,34.262],[132.78619,34.26013],[132.7863,34.25907],[132.7868,34.25633],[132.78419,34.25607]]],[[[132.77859,34.25753],[132.7728,34.26073],[132.7731,34.26073],[132.77609,34.25967],[132.77859,34.25753]]],[[[132.86121,34.2514],[132.85989,34.2532],[132.8611,34.25467],[132.8611,34.2532],[132.86121,34.2514]]],[[[132.86501,34.25318],[132.86443,34.25381],[132.86538,34.25368],[132.86501,34.25318]]],[[[132.35719,34.23613],[132.35381,34.23793],[132.3535,34.24187],[132.3558,34.2408],[132.35719,34.23613]]],[[[132.69411,34.21727],[132.69141,34.22093],[132.6945,34.22327],[132.7,34.2208],[132.70039,34.2188],[132.69411,34.21727]]],[[[132.7377,34.158],[132.7386,34.17287],[132.7211,34.16986],[132.713,34.1806],[132.68559,34.1826],[132.6859,34.19633],[132.7083,34.2044],[132.75861,34.19213],[132.754,34.1828],[132.7648,34.17853],[132.7377,34.158]]],[[[132.6626,34.16986],[132.6443,34.17093],[132.64799,34.18493],[132.6759,34.2032],[132.6826,34.1858],[132.6626,34.16986]]],[[[132.3177,34.1954],[132.31641,34.19867],[132.3185,34.20073],[132.3194,34.1988],[132.3177,34.1954]]],[[[132.5504,34.079],[132.5341,34.10273],[132.51201,34.091],[132.5016,34.1032],[132.49831,34.09146],[132.46001,34.08227],[132.4478,34.09353],[132.4549,34.11507],[132.5031,34.13313],[132.4955,34.16986],[132.52589,34.19973],[132.5365,34.19994],[132.53461,34.18747],[132.556,34.1796],[132.5569,34.1708],[132.5481,34.17686],[132.52069,34.1548],[132.5309,34.147],[132.54781,34.15133],[132.5477,34.14147],[132.55701,34.1506],[132.5374,34.12113],[132.5394,34.10707],[132.5751,34.12773],[132.5822,34.11307],[132.59129,34.11493],[132.5849,34.10653],[132.56979,34.1156],[132.56731,34.0976],[132.5504,34.079]]],[[[132.5106,34.192],[132.51311,34.19927],[132.5139,34.19827],[132.5137,34.19447],[132.5106,34.192]]],[[[132.30141,34.18447],[132.29221,34.18833],[132.2951,34.19913],[132.3183,34.19107],[132.30141,34.18447]]],[[[132.8092,34.18687],[132.8083,34.19287],[132.82069,34.19207],[132.8092,34.18687]]],[[[132.8197,34.15087],[132.7989,34.1582],[132.8109,34.18013],[132.8488,34.19613],[132.86681,34.18],[132.8197,34.15087]]],[[[132.8566,34.19113],[132.8548,34.19487],[132.8569,34.19473],[132.8588,34.1916],[132.8566,34.19113]]],[[[132.772,34.1608],[132.7702,34.17353],[132.78529,34.1886],[132.7962,34.16986],[132.772,34.1608]]],[[[132.39799,34.14653],[132.38361,34.15647],[132.3835,34.17713],[132.4113,34.16947],[132.41319,34.15073],[132.39799,34.14653]]],[[[132.57269,34.15574],[132.56979,34.1614],[132.5786,34.16],[132.57269,34.15574]]],[[[132.4299,34.1466],[132.43851,34.16067],[132.44209,34.15287],[132.4299,34.1466]]],[[[132.6692,34.151],[132.6685,34.15633],[132.6729,34.1594],[132.6692,34.151]]],[[[132.6514,34.15067],[132.6532,34.15607],[132.6584,34.15726],[132.6514,34.15067]]],[[[132.7597,34.1482],[132.7637,34.154],[132.77271,34.15307],[132.7597,34.1482]]],[[[132.3186,34.11887],[132.31821,34.11946],[132.31734,34.11988],[132.31529,34.12087],[132.3127,34.12207],[132.3168,34.12367],[132.3186,34.11887]]],[[[132.78619,34.11407],[132.7878,34.122],[132.7997,34.12107],[132.78619,34.11407]]],[[[132.5527,34.06807],[132.54041,34.0686],[132.5482,34.07933],[132.55859,34.07187],[132.5527,34.06807]]],[[[132.5302,34.04653],[132.51939,34.05307],[132.532,34.0738],[132.5383,34.06767],[132.5302,34.04653]]],[[[132.4646,34.05693],[132.4615,34.06053],[132.463,34.0594],[132.4653,34.06073],[132.4669,34.05746],[132.4646,34.05693]]],[[[132.48509,34.03527],[132.48621,34.04073],[132.4933,34.043],[132.48509,34.03527]]]]}},{"type":"Feature","properties":{"id":1},"geometry":{"type":"MultiPolygon","coordinates":[[[[148.3427,45.2912],[148.35471,45.30867],[148.4212,45.3306],[148.4259,45.3482],[148.45911,45.36147],[148.4594,45.37653],[148.47659,45.3802],[148.48151,45.38873],[148.4725,45.39987],[148.48759,45.41986],[148.5191,45.4454],[148.56,45.46087],[148.5775,45.48827],[148.63969,45.50827],[148.64101,45.52327],[148.6581,45.5396],[148.7226,45.54467],[148.754,45.55706],[148.8396,45.55213],[148.8954,45.51307],[148.88831,45.48433],[148.8311,45.45407],[148.8317,45.42773],[148.8553,45.41986],[148.8773,45.39286],[148.8428,45.35227],[148.84351,45.3396],[148.7813,45.32447],[148.74561,45.33793],[148.62939,45.3328],[148.50641,45.27913],[148.511,45.27373],[148.50121,45.27213],[148.5041,45.2632],[148.4944,45.25607],[148.47881,45.262],[148.45891,45.2502],[148.4388,45.25253],[148.40581,45.23127],[148.3046,45.21646],[148.2652,45.18467],[148.2468,45.1874],[148.1964,45.1496],[148.16859,45.14687],[148.0907,45.10653],[148.0558,45.06807],[147.9946,45.024],[147.98849,45.00653],[147.9411,44.9878],[147.90759,44.96133],[147.8972,44.96873],[147.8526,44.96567],[147.7852,44.94833],[147.7298,44.9804],[147.72769,45.0032],[147.6635,44.9976],[147.6259,44.9718],[147.6145,44.94993],[147.61389,44.94027],[147.65289,44.91987],[147.6181,44.89047],[147.5863,44.84247],[147.5524,44.817],[147.51559,44.81193],[147.48889,44.782],[147.4409,44.77293],[147.3875,44.7464],[147.37,44.7234],[147.3365,44.71547],[147.3024,44.66827],[147.2672,44.63873],[147.255,44.60167],[147.2058,44.56747],[147.14461,44.5592],[147.10609,44.56947],[147.08121,44.55973],[147.02969,44.51907],[146.9968,44.47247],[146.9937,44.45453],[146.9527,44.42653],[146.86501,44.44606],[146.86099,44.46667],[146.8723,44.49553],[146.89149,44.518],[146.9256,44.52613],[146.9547,44.5536],[146.9334,44.58653],[146.9342,44.6102],[146.94949,44.63433],[146.96519,44.59353],[146.9968,44.57867],[147.02591,44.59913],[147.03169,44.61607],[147.0334,44.6382],[147.00391,44.65553],[147.0092,44.66033],[147.0484,44.66093],[147.0789,44.638],[147.09509,44.63887],[147.1255,44.64947],[147.1817,44.6894],[147.1998,44.7532],[147.1933,44.7648],[147.1295,44.76947],[147.11661,44.77933],[147.10139,44.81293],[147.1109,44.82387],[147.1564,44.82527],[147.2009,44.79787],[147.23711,44.80693],[147.2468,44.81273],[147.26711,44.86813],[147.37621,44.90887],[147.476,44.9852],[147.51801,44.9986],[147.51309,45.0326],[147.53351,45.07107],[147.53239,45.09007],[147.50009,45.11227],[147.5703,45.107],[147.5867,45.08567],[147.6362,45.07647],[147.65738,45.0817],[147.69901,45.10527],[147.6938,45.14353],[147.70529,45.151],[147.70621,45.16867],[147.7292,45.17633],[147.73959,45.19553],[147.7673,45.19487],[147.7742,45.2078],[147.8206,45.2186],[147.8456,45.20847],[147.8718,45.22567],[147.8856,45.2582],[147.8687,45.26387],[147.8734,45.2962],[147.8591,45.31767],[147.8512,45.36493],[147.8734,45.39853],[147.90939,45.42933],[147.9252,45.43793],[147.9649,45.42193],[147.97749,45.36806],[148.006,45.3346],[147.9975,45.325],[148.00909,45.29227],[148.0407,45.26733],[148.1705,45.25953],[148.3427,45.2912]]],[[[141.5791,45.17687],[141.5696,45.19927],[141.57159,45.2354],[141.6123,45.27747],[141.62061,45.29653],[141.6122,45.31293],[141.65469,45.35027],[141.658,45.3682],[141.6366,45.40126],[141.64571,45.45066],[141.68359,45.42086],[141.6821,45.40427],[141.686,45.41093],[141.7072,45.39727],[141.7296,45.399],[141.7444,45.404],[141.7468,45.41467],[141.79601,45.40767],[141.8577,45.4348],[141.8792,45.46233],[141.87981,45.4956],[141.8931,45.51187],[141.94321,45.52246],[141.9603,45.5128],[141.97279,45.4814],[142.0239,45.44867],[142.0509,45.40333],[142.1696,45.34113],[142.38899,45.13753],[142.47569,45.06807],[142.5051,45.06107],[142.4998,45.0544],[142.50861,45.041],[142.5356,45.02893],[142.54449,44.988],[142.5853,44.96167],[142.57961,44.95607],[142.5907,44.94073],[142.58881,44.91987],[142.6355,44.88493],[142.66,44.84173],[142.6804,44.83113],[142.73129,44.76893],[142.7762,44.73214],[142.9292,44.62807],[142.9968,44.55787],[143.0453,44.53093],[143.0629,44.53287],[143.063,44.5216],[143.0925,44.5032],[143.22549,44.44027],[143.23981,44.41987],[143.34891,44.37153],[143.36641,44.35233],[143.35811,44.35407],[143.36729,44.33653],[143.4169,44.3088],[143.55971,44.25333],[143.78529,44.18113],[143.90041,44.154],[144.077,44.12467],[144.10179,44.1298],[144.12309,44.11673],[144.1899,44.10473],[144.2468,44.11307],[144.2578,44.08653],[144.2525,44.06253],[144.2618,44.05807],[144.2558,44.0406],[144.2888,44.02127],[144.282,44.01053],[144.29851,43.98427],[144.407,43.94513],[144.6218,43.91787],[144.7953,43.932],[144.8354,43.95233],[144.84981,43.9746],[144.90871,44.00407],[144.9366,44.04387],[144.944,44.03967],[144.9785,44.06907],[144.9933,44.0698],[145.0159,44.1004],[145.192,44.1956],[145.2309,44.2532],[145.2809,44.29013],[145.29311,44.31067],[145.30431,44.31126],[145.3331,44.34587],[145.34579,44.33933],[145.34979,44.2962],[145.36681,44.2592],[145.3492,44.24387],[145.3488,44.22453],[145.3306,44.1934],[145.2563,44.1256],[145.24159,44.09153],[145.2397,44.05873],[145.1447,43.96993],[145.0954,43.8926],[145.0997,43.86153],[145.0914,43.83653],[145.0623,43.80753],[145.06841,43.7532],[145.1465,43.64647],[145.34149,43.58653],[145.3504,43.5666],[145.3452,43.55867],[145.29089,43.552],[145.3018,43.55467],[145.2813,43.56273],[145.3279,43.56393],[145.3391,43.58113],[145.3212,43.57673],[145.3148,43.5858],[145.33189,43.5898],[145.3092,43.60013],[145.2451,43.59313],[145.2666,43.61013],[145.19675,43.62506],[145.19659,43.60047],[145.22079,43.58653],[145.2151,43.5778],[145.2468,43.522],[145.2753,43.40967],[145.30859,43.35973],[145.3893,43.2984],[145.3856,43.2924],[145.4081,43.29327],[145.4921,43.26693],[145.53239,43.31446],[145.55051,43.3172],[145.5509,43.3248],[145.5872,43.34107],[145.5833,43.3468],[145.6236,43.3638],[145.6507,43.3914],[145.72141,43.38393],[145.76289,43.39953],[145.7659,43.3916],[145.8174,43.38613],[145.80859,43.379],[145.813,43.37033],[145.73151,43.32953],[145.7209,43.33693],[145.6881,43.32733],[145.67911,43.3126],[145.6465,43.32233],[145.6218,43.3166],[145.5899,43.27833],[145.5703,43.2842],[145.54961,43.22787],[145.5576,43.22033],[145.52879,43.20473],[145.5303,43.18687],[145.50661,43.18433],[145.5242,43.1746],[145.5218,43.16613],[145.4968,43.15933],[145.5041,43.1736],[145.48689,43.18733],[145.4061,43.1862],[145.34309,43.17947],[145.319,43.16827],[145.28259,43.16987],[145.203,43.13667],[145.17149,43.151],[145.14661,43.14533],[145.1151,43.12326],[145.11031,43.1036],[145.11819,43.08133],[145.0887,43.0672],[145.08769,43.0468],[145.0318,43.02967],[145.02409,42.99973],[144.9744,42.9822],[144.92821,42.9908],[144.92419,42.98147],[144.9061,42.98987],[144.87669,42.9868],[144.8526,43.014],[144.83369,43.01447],[144.8358,43.03233],[144.8542,43.04967],[144.80009,43.05907],[144.7468,43.02453],[144.7227,42.98013],[144.7854,42.939],[144.7747,42.9336],[144.6761,42.93967],[144.6322,42.95147],[144.45151,42.94447],[144.3654,42.9718],[144.3718,42.98673],[144.3624,42.98793],[144.3596,42.99967],[144.2701,43.0032],[144.1689,42.98473],[144.049,42.9416],[143.9196,42.8748],[143.5977,42.64153],[143.4576,42.5032],[143.3891,42.4158],[143.32471,42.31013],[143.3412,42.3026],[143.32471,42.30887],[143.32581,42.28893],[143.3103,42.26147],[143.32111,42.20993],[143.33569,42.20267],[143.33611,42.1906],[143.3089,42.08107],[143.31241,42.0552],[143.2596,42.0032],[143.2428,41.953],[143.2502,41.92553],[143.16431,41.98314],[143.1364,42.0266],[143.01131,42.0814],[142.9649,42.1192],[142.81779,42.14153],[142.7621,42.17467],[142.6734,42.19187],[142.5856,42.24353],[142.4846,42.27133],[142.4465,42.30407],[142.3718,42.32493],[142.2778,42.3772],[142.1958,42.4474],[142.1535,42.4638],[142.0293,42.4846],[142.0097,42.50554],[141.8718,42.59027],[141.8181,42.6016],[141.81081,42.6112],[141.8015,42.60233],[141.79961,42.61307],[141.7468,42.62287],[141.6313,42.6286],[141.696,42.65807],[141.6308,42.63707],[141.6257,42.64487],[141.61771,42.62433],[141.4968,42.604],[141.3508,42.543],[141.20799,42.4554],[141.1593,42.44226],[141.125,42.41986],[141.0273,42.33653],[141.0016,42.302],[140.9483,42.31787],[140.931,42.33653],[140.9512,42.34807],[140.9816,42.3244],[140.9873,42.33293],[140.9808,42.34373],[141.0081,42.34827],[140.97701,42.3494],[140.9872,42.35527],[140.9175,42.3698],[140.9001,42.41986],[140.8718,42.46093],[140.8389,42.47073],[140.8019,42.4994],[140.78081,42.5],[140.7865,42.5186],[140.7722,42.5224],[140.7744,42.53693],[140.70959,42.58387],[140.6427,42.58653],[140.5836,42.5676],[140.5349,42.589],[140.46851,42.58653],[140.3718,42.50267],[140.3157,42.41986],[140.2765,42.3112],[140.2869,42.2532],[140.3405,42.22747],[140.39861,42.21646],[140.5459,42.1154],[140.5885,42.10933],[140.6597,42.1294],[140.6904,42.127],[140.70689,42.13906],[140.7603,42.11707],[140.7739,42.08653],[140.8019,42.07753],[140.80389,42.0574],[140.8208,42.03627],[140.9081,41.9846],[140.9588,41.918],[141.0118,41.89433],[141.0739,41.888],[141.14819,41.8554],[141.14709,41.8322],[141.1825,41.81847],[141.1864,41.80253],[141.1579,41.7858],[141.1125,41.78687],[141.0538,41.7272],[140.9678,41.71093],[140.89861,41.74847],[140.7747,41.77533],[140.7337,41.76727],[140.7191,41.7532],[140.7229,41.74587],[140.7019,41.7414],[140.6929,41.76367],[140.7023,41.7852],[140.71519,41.76733],[140.7271,41.78113],[140.71719,41.80673],[140.69,41.82047],[140.6411,41.81747],[140.6189,41.7982],[140.6021,41.7432],[140.5506,41.72153],[140.5269,41.701],[140.4807,41.70147],[140.44501,41.68547],[140.42931,41.58653],[140.4391,41.55467],[140.409,41.51727],[140.36459,41.516],[140.25931,41.48167],[140.21629,41.41133],[140.19949,41.3986],[140.14529,41.42907],[140.1198,41.43047],[140.0891,41.4184],[140.0285,41.4624],[140.01331,41.5084],[139.9861,41.55173],[139.9839,41.60647],[140.009,41.6916],[140.07249,41.77353],[140.07181,41.80567],[140.1046,41.80453],[140.1218,41.8218],[140.1265,41.85587],[140.11971,41.8668],[140.11121,41.86373],[140.13,41.8714],[140.13921,41.89507],[140.1275,41.9666],[140.1328,41.97587],[140.1198,42.00433],[140.1055,42.007],[140.0999,42.029],[140.0834,42.03707],[140.05679,42.0834],[140.026,42.11327],[139.9902,42.12893],[139.9227,42.13353],[139.8959,42.18407],[139.88181,42.1932],[139.8812,42.2076],[139.8642,42.21947],[139.81509,42.2218],[139.7751,42.26007],[139.78571,42.27413],[139.7668,42.3112],[139.7818,42.35387],[139.8002,42.36053],[139.82921,42.39353],[139.8524,42.463],[139.843,42.49947],[139.8468,42.5274],[139.82339,42.6138],[139.86909,42.66647],[139.897,42.67967],[139.9257,42.689],[140.04601,42.69473],[140.0649,42.707],[140.0743,42.7282],[140.142,42.7532],[140.18629,42.8278],[140.23489,42.79713],[140.2468,42.7688],[140.3055,42.77873],[140.30569,42.8288],[140.34399,42.8562],[140.3905,42.9232],[140.5224,42.99167],[140.52631,43.03213],[140.5067,43.03727],[140.49541,43.0642],[140.4646,43.08653],[140.43021,43.143],[140.3607,43.18067],[140.326,43.22173],[140.33659,43.2552],[140.32829,43.25946],[140.34081,43.26607],[140.3369,43.28267],[140.3454,43.28373],[140.36,43.31573],[140.3466,43.33447],[140.4248,43.32973],[140.4604,43.346],[140.4711,43.36553],[140.4628,43.3724],[140.4968,43.37347],[140.5144,43.3576],[140.52859,43.359],[140.58051,43.31133],[140.6069,43.29673],[140.6301,43.29833],[140.64549,43.28593],[140.6367,43.2764],[140.6411,43.267],[140.7184,43.25053],[140.7403,43.2344],[140.77701,43.2258],[140.77631,43.20407],[140.7921,43.1954],[140.84871,43.19927],[140.8616,43.2186],[140.8746,43.20633],[140.914,43.21167],[140.92709,43.22787],[141.01669,43.2396],[141.0209,43.22473],[141.002,43.20473],[141.0112,43.1924],[141.1617,43.14487],[141.2886,43.19813],[141.4239,43.32887],[141.4286,43.41987],[141.3586,43.51947],[141.3862,43.58653],[141.3835,43.6048],[141.3515,43.64487],[141.3299,43.72527],[141.38789,43.8072],[141.4574,43.83653],[141.4968,43.8388],[141.5215,43.85994],[141.5379,43.85267],[141.562,43.86013],[141.6255,43.91987],[141.6321,43.96013],[141.64771,43.9448],[141.63831,43.95407],[141.6628,44.0376],[141.64861,44.315],[141.6745,44.32733],[141.71021,44.39227],[141.7468,44.4328],[141.7572,44.45747],[141.7679,44.55473],[141.7874,44.58653],[141.7925,44.64367],[141.77831,44.7532],[141.7234,44.91987],[141.5791,45.17687]]],[[[141.03169,45.2746],[141.0163,45.285],[141.02541,45.291],[141.02361,45.31007],[141.0036,45.33033],[140.98351,45.38433],[140.9915,45.40726],[140.9836,45.41593],[140.994,45.42747],[140.9671,45.4394],[140.97729,45.44773],[140.9679,45.4646],[141.0094,45.43433],[141.03641,45.44167],[141.03349,45.46187],[141.0677,45.424],[141.0569,45.40753],[141.05989,45.35487],[141.05029,45.34207],[141.05721,45.31827],[141.04401,45.27527],[141.03169,45.2746]]],[[[141.1497,45.22547],[141.1989,45.2602],[141.2327,45.2472],[141.2278,45.23853],[141.23511,45.23473],[141.27361,45.2352],[141.3181,45.19847],[141.33051,45.152],[141.28101,45.10793],[141.2291,45.1004],[141.1418,45.1634],[141.14,45.1832],[141.12849,45.18633],[141.1405,45.18987],[141.1335,45.21347],[141.1497,45.22547]]],[[[146.9785,44.64947],[146.97569,44.65253],[146.97881,44.65413],[146.9817,44.6534],[146.979,44.6502],[146.9785,44.64947]]],[[[147.269,44.60653],[147.2662,44.6082],[147.2704,44.60807],[147.26871,44.60733],[147.269,44.60653]]],[[[145.74734,44.06465],[145.7437,44.1038],[145.832,44.1784],[145.88451,44.24627],[145.9442,44.27913],[145.9924,44.32473],[146.011,44.37147],[146.00729,44.38173],[146.0528,44.41987],[146.08031,44.47227],[146.129,44.50907],[146.1743,44.5158],[146.17039,44.51047],[146.226,44.48307],[146.25,44.44667],[146.27969,44.4434],[146.2809,44.43507],[146.33321,44.41887],[146.4968,44.42546],[146.57759,44.4558],[146.5537,44.4302],[146.53481,44.3804],[146.4908,44.35447],[146.45059,44.37833],[146.43449,44.37673],[146.3811,44.35273],[146.3678,44.31933],[146.34689,44.31807],[146.2995,44.2778],[146.1156,44.2652],[146.06931,44.23466],[146.04579,44.18393],[145.98911,44.1728],[145.9245,44.13727],[145.90379,44.11553],[145.9032,44.09573],[145.8815,44.08653],[145.86371,44.0532],[145.8654,44.03027],[145.87849,44.02133],[145.85561,44.02167],[145.8551,44.0306],[145.84219,44.03293],[145.81441,44.01727],[145.7908,43.97913],[145.793,43.959],[145.7811,43.9326],[145.7184,43.9124],[145.65379,43.90953],[145.60561,43.86893],[145.59331,43.87074],[145.5771,43.84547],[145.56931,43.7532],[145.5544,43.66987],[145.5448,43.65827],[145.53619,43.67587],[145.54649,43.73173],[145.4968,43.73373],[145.43491,43.71887],[145.41881,43.7532],[145.42419,43.7862],[145.39951,43.82913],[145.40691,43.84207],[145.4384,43.84993],[145.4841,43.90434],[145.5901,43.9532],[145.5977,43.97273],[145.6743,44.0116],[145.6758,44.02727],[145.7312,44.0454],[145.74734,44.06465]]],[[[141.4241,44.42887],[141.382,44.43393],[141.4259,44.4474],[141.4241,44.42887]]],[[[141.2948,44.4138],[141.2944,44.42187],[141.32739,44.44353],[141.33591,44.43193],[141.3208,44.417],[141.2948,44.4138]]],[[[146.64549,43.70273],[146.6413,43.70907],[146.65019,43.71453],[146.6218,43.73367],[146.6261,43.75747],[146.6077,43.7532],[146.61279,43.7354],[146.5946,43.7356],[146.59621,43.74747],[146.5864,43.74427],[146.60789,43.76973],[146.5863,43.80827],[146.69949,43.83187],[146.70891,43.82473],[146.7272,43.8324],[146.7487,43.81913],[146.7468,43.83033],[146.72231,43.83653],[146.7253,43.84727],[146.7738,43.87593],[146.8006,43.86],[146.78819,43.87847],[146.8058,43.872],[146.814,43.87847],[146.814,43.8702],[146.826,43.86893],[146.82581,43.89],[146.845,43.8898],[146.8511,43.8772],[146.9212,43.8386],[146.903,43.8286],[146.9073,43.81173],[146.8992,43.80667],[146.8821,43.815],[146.84061,43.80967],[146.8287,43.79613],[146.85139,43.78793],[146.8391,43.78307],[146.81151,43.79187],[146.808,43.7812],[146.7886,43.78087],[146.795,43.7722],[146.78841,43.7596],[146.77159,43.76687],[146.7607,43.7498],[146.75121,43.75747],[146.7468,43.74787],[146.7291,43.74693],[146.7269,43.73467],[146.6974,43.7466],[146.68179,43.7308],[146.6899,43.72293],[146.67619,43.7082],[146.64549,43.70273]]],[[[146.85229,43.78973],[146.8502,43.79307],[146.853,43.7928],[146.8549,43.7928],[146.85229,43.78973]]],[[[146.79089,43.74547],[146.79559,43.76127],[146.8073,43.75827],[146.79089,43.74547]]],[[[146.7144,43.73347],[146.7117,43.7338],[146.71201,43.73653],[146.7159,43.7362],[146.7144,43.73347]]],[[[146.6973,43.7214],[146.68539,43.73187],[146.7065,43.72987],[146.6973,43.7214]]],[[[146.3577,43.61873],[146.27029,43.62887],[146.29739,43.63107],[146.3158,43.6512],[146.32919,43.63993],[146.3508,43.64073],[146.3577,43.61873]]],[[[145.2406,43.5706],[145.2343,43.57233],[145.2511,43.5742],[145.2406,43.5706]]],[[[145.3244,43.5692],[145.3243,43.5698],[145.32961,43.57174],[145.3295,43.5706],[145.3288,43.5704],[145.3244,43.5692]]],[[[146.4048,43.56633],[146.4025,43.56667],[146.4014,43.57013],[146.40309,43.5712],[146.4048,43.56633]]],[[[145.3284,43.56667],[145.3176,43.5672],[145.3231,43.5688],[145.32809,43.56893],[145.3299,43.56893],[145.3284,43.56667]]],[[[146.11639,43.45873],[146.1067,43.49153],[146.0739,43.5218],[146.0607,43.5232],[146.13139,43.54893],[146.1738,43.5338],[146.20819,43.5342],[146.1804,43.50487],[146.1945,43.4894],[146.11639,43.45873]]],[[[145.89819,43.41693],[145.8997,43.426],[145.8887,43.42953],[145.896,43.4354],[145.8916,43.44813],[145.8606,43.45647],[145.8849,43.46273],[145.90041,43.44873],[145.9485,43.45593],[145.9332,43.43813],[145.9536,43.42533],[145.9086,43.42593],[145.89819,43.41693]]],[[[146.0437,43.40267],[146.0258,43.409],[146.0446,43.43107],[146.0569,43.4224],[146.05969,43.43407],[146.06999,43.4246],[146.0867,43.42793],[146.0838,43.44407],[146.0986,43.4496],[146.11009,43.43873],[146.0899,43.42873],[146.0876,43.41667],[146.063,43.4176],[146.0437,43.40267]]],[[[146.1638,43.4136],[146.155,43.41593],[146.1683,43.42413],[146.1638,43.4136]]],[[[146.1523,43.4078],[146.1498,43.40833],[146.1562,43.41333],[146.15869,43.41093],[146.1523,43.4078]]],[[[145.8909,43.38153],[145.8896,43.3822],[145.8885,43.38533],[145.8918,43.3848],[145.8936,43.3848],[145.8933,43.3832],[145.8909,43.38153]]],[[[145.9984,43.36213],[145.9848,43.36613],[145.98779,43.37373],[146.0219,43.37933],[145.9984,43.36213]]],[[[140.60291,43.30733],[140.6004,43.3076],[140.601,43.3088],[140.60359,43.30853],[140.60291,43.30733]]],[[[145.6698,43.2982],[145.67,43.2986],[145.67191,43.30033],[145.6743,43.29967],[145.6698,43.2982]]],[[[145.6086,43.225],[145.6028,43.22847],[145.6041,43.2292],[145.6078,43.2312],[145.60829,43.2312],[145.6144,43.22667],[145.6086,43.225]]],[[[141.2645,43.20247],[141.27299,43.208],[141.2879,43.22413],[141.28979,43.22927],[141.28819,43.22407],[141.2733,43.20787],[141.2645,43.20247]]],[[[145.5999,43.2058],[145.589,43.2076],[145.5963,43.22207],[145.6097,43.21187],[145.5999,43.2058]]],[[[145.1272,43.06833],[145.1205,43.08167],[145.1638,43.08453],[145.1736,43.0768],[145.1272,43.06833]]],[[[145.0976,43.04573],[145.0979,43.05287],[145.1169,43.05326],[145.0976,43.04573]]],[[[144.8658,42.94713],[144.8734,42.96493],[144.88049,42.9576],[144.8658,42.94713]]],[[[139.4503,42.05213],[139.4444,42.0642],[139.4221,42.0718],[139.4232,42.1364],[139.4059,42.16473],[139.407,42.18013],[139.439,42.21746],[139.53551,42.23393],[139.5591,42.2532],[139.5607,42.22887],[139.5173,42.177],[139.5197,42.139],[139.5036,42.0966],[139.4817,42.07307],[139.4521,42.0644],[139.4503,42.05213]]],[[[139.34081,41.49573],[139.33479,41.519],[139.34081,41.5258],[139.3741,41.524],[139.3838,41.50967],[139.34081,41.49573]]],[[[139.7997,41.35347],[139.7981,41.3628],[139.8161,41.3646],[139.7997,41.35347]]],[[[141.91887,45.52618],[141.91994,45.52608],[141.91906,45.5254],[141.91887,45.52618]]],[[[140.96206,45.50561],[140.962,45.50524],[140.96182,45.50528],[140.9619,45.50562],[140.96206,45.50561]]],[[[140.96107,45.50469],[140.96176,45.50492],[140.96138,45.50446],[140.96107,45.50469]]],[[[140.96687,45.48404],[140.96834,45.48373],[140.96755,45.48263],[140.96663,45.48304],[140.96687,45.48404]]],[[[140.96086,45.47443],[140.9622,45.47446],[140.96282,45.47374],[140.961,45.4734],[140.96086,45.47443]]],[[[140.96354,45.48064],[140.96793,45.47913],[140.96841,45.4747],[140.96354,45.48064]]],[[[143.25683,41.91574],[143.25771,41.91598],[143.25805,41.9152],[143.25749,41.9151],[143.25683,41.91574]]],[[[139.40181,42.17831],[139.4055,42.17734],[139.40716,42.17579],[139.40599,42.17408],[139.40478,42.17508],[139.40365,42.17575],[139.40181,42.17831]]]]}},{"type":"Feature","properties":{"id":28},"geometry":{"type":"MultiPolygon","coordinates":[[[[134.8671,35.65807],[134.8725,35.61967],[134.8542,35.58813],[134.91431,35.5448],[134.9265,35.51253],[134.9592,35.513],[134.9959,35.53533],[135.0352,35.53973],[135.04469,35.50853],[135.03281,35.49726],[135.0417,35.4934],[135.0358,35.47533],[135.0495,35.45107],[135.04829,35.4074],[135.0291,35.4096],[135.0192,35.39447],[134.9895,35.38627],[134.9586,35.40907],[134.93381,35.4074],[134.9185,35.36447],[134.9256,35.3112],[134.99879,35.29107],[135.00951,35.28367],[135.00999,35.2698],[135.0565,35.264],[135.0675,35.2372],[135.10899,35.26627],[135.15829,35.25993],[135.1662,35.2402],[135.15559,35.2262],[135.1967,35.20287],[135.1869,35.1718],[135.2067,35.16087],[135.2245,35.16393],[135.2327,35.1774],[135.2738,35.17707],[135.28979,35.16987],[135.2822,35.14493],[135.3405,35.14993],[135.34351,35.13573],[135.3894,35.1288],[135.3885,35.09713],[135.40311,35.0894],[135.3992,35.07613],[135.37621,35.06493],[135.3708,35.04533],[135.349,35.05087],[135.3304,35.03453],[135.3542,35.02407],[135.35899,34.98233],[135.3456,34.96527],[135.36011,34.95447],[135.38271,34.9554],[135.3923,34.9414],[135.4108,34.9432],[135.4182,34.93387],[135.4417,34.93927],[135.4671,34.9252],[135.4182,34.9088],[135.4306,34.89227],[135.4446,34.89847],[135.4299,34.85547],[135.4167,34.85207],[135.4239,34.83653],[135.4157,34.81947],[135.4234,34.80193],[135.44141,34.79093],[135.4599,34.7332],[135.4469,34.73327],[135.44701,34.71967],[135.41029,34.7006],[135.39215,34.68004],[135.37384,34.67859],[135.3927,34.68214],[135.40126,34.69918],[135.3774,34.69215],[135.37123,34.68077],[135.37376,34.6931],[135.3632,34.68834],[135.35394,34.69682],[135.36322,34.70629],[135.32251,34.72592],[135.32384,34.71798],[135.28189,34.71237],[135.28809,34.70401],[135.22795,34.7001],[135.23804,34.69325],[135.21899,34.69556],[135.20233,34.67868],[135.18997,34.68554],[135.1823,34.67731],[135.18855,34.67091],[135.17758,34.67009],[135.18703,34.66687],[135.17737,34.66378],[135.1833,34.64938],[135.0596,34.62547],[135.0183,34.64327],[134.9655,34.64647],[134.8477,34.72033],[134.82629,34.70633],[134.8091,34.71807],[134.81005,34.74228],[134.79729,34.73307],[134.7881,34.74707],[134.78529,34.74107],[134.75681,34.75173],[134.7654,34.75987],[134.7468,34.7682],[134.70081,34.77753],[134.6873,34.7712],[134.6851,34.7782],[134.6651,34.76793],[134.664,34.78427],[134.65001,34.77053],[134.6554,34.78847],[134.645,34.76733],[134.6315,34.77253],[134.64349,34.7834],[134.6221,34.78373],[134.6235,34.7694],[134.6111,34.76773],[134.6127,34.77794],[134.6049,34.7794],[134.59331,34.77067],[134.60271,34.76633],[134.58369,34.77094],[134.58591,34.76187],[134.57087,34.75811],[134.57044,34.77323],[134.5648,34.76052],[134.528,34.78273],[134.5031,34.76127],[134.5006,34.77453],[134.47391,34.7552],[134.46921,34.7842],[134.478,34.78587],[134.46581,34.80847],[134.45621,34.78027],[134.4633,34.76513],[134.4503,34.75367],[134.4552,34.76747],[134.4299,34.76407],[134.4258,34.7532],[134.4333,34.74807],[134.41051,34.7278],[134.3884,34.73433],[134.3847,34.72613],[134.35831,34.7512],[134.3632,34.74067],[134.33929,34.73893],[134.3213,34.7218],[134.314,34.74047],[134.31979,34.75913],[134.3338,34.7682],[134.3154,34.7808],[134.3165,34.8016],[134.2874,34.82773],[134.2632,34.82667],[134.2623,34.84526],[134.2531,34.85127],[134.2662,34.8748],[134.26289,34.88493],[134.2944,34.90754],[134.26691,34.936],[134.2543,34.93773],[134.27541,34.96287],[134.2702,34.98253],[134.2861,34.99593],[134.26581,35.00507],[134.26711,35.02153],[134.2829,35.038],[134.3161,35.04327],[134.3185,35.08287],[134.3486,35.09033],[134.3663,35.1454],[134.4082,35.14787],[134.41141,35.18613],[134.3824,35.19447],[134.3849,35.2236],[134.40221,35.241],[134.43401,35.22947],[134.4624,35.23667],[134.5146,35.27733],[134.51401,35.30706],[134.5022,35.3254],[134.51331,35.35393],[134.4722,35.378],[134.47951,35.42527],[134.4398,35.4428],[134.4299,35.5032],[134.41231,35.51533],[134.425,35.54187],[134.42081,35.56293],[134.4059,35.56847],[134.403,35.59347],[134.36951,35.6146],[134.4312,35.6202],[134.4389,35.63586],[134.4509,35.629],[134.5045,35.6614],[134.5369,35.66987],[134.55811,35.65107],[134.59781,35.65873],[134.6218,35.63927],[134.657,35.66553],[134.6656,35.6634],[134.6573,35.65813],[134.662,35.6484],[134.6739,35.66106],[134.6853,35.65607],[134.68719,35.66507],[134.7034,35.6532],[134.7095,35.66547],[134.75639,35.66173],[134.7639,35.67467],[134.769,35.6594],[134.79919,35.66987],[134.8376,35.65553],[134.84061,35.64273],[134.8521,35.65887],[134.8671,35.65807]]],[[[134.6705,35.66127],[134.6713,35.666],[134.6727,35.66493],[134.67261,35.66193],[134.6705,35.66127]]],[[[134.6976,34.75987],[134.6893,34.76007],[134.6922,34.76827],[134.7007,34.77073],[134.6976,34.75987]]],[[[135.32997,34.71023],[135.33022,34.72168],[135.34074,34.718],[135.32997,34.71023]]],[[[135.29405,34.70465],[135.29393,34.71825],[135.30328,34.71674],[135.30435,34.70604],[135.29405,34.70465]]],[[[135.3212,34.70482],[135.3062,34.71312],[135.32214,34.71638],[135.3212,34.70482]]],[[[135.34717,34.7029],[135.34325,34.71533],[135.35307,34.70729],[135.34717,34.7029]]],[[[134.853,34.694],[134.83971,34.6964],[134.8539,34.70807],[134.8476,34.71214],[134.86171,34.70733],[134.853,34.694]]],[[[134.8676,34.69933],[134.8837,34.692],[134.8774,34.68487],[134.85699,34.692],[134.8676,34.69933]]],[[[135.25479,34.67787],[135.25229,34.69323],[135.28815,34.69677],[135.27881,34.68957],[135.29057,34.68192],[135.25479,34.67787]]],[[[134.6394,34.68333],[134.6369,34.68547],[134.6358,34.68687],[134.6385,34.68673],[134.63991,34.6856],[134.6394,34.68333]]],[[[134.5419,34.6588],[134.50771,34.67714],[134.53481,34.68647],[134.5276,34.677],[134.5446,34.67994],[134.5419,34.6588]]],[[[135.21732,34.65016],[135.20226,34.6592],[135.20132,34.67353],[135.21996,34.6827],[135.22554,34.67784],[135.21774,34.67263],[135.23177,34.67341],[135.22092,34.66718],[135.23618,34.66493],[135.22804,34.65783],[135.23885,34.66114],[135.24503,34.6506],[135.21732,34.65016]]],[[[134.61031,34.67573],[134.60831,34.67707],[134.60721,34.6768],[134.6064,34.6786],[134.608,34.67853],[134.6089,34.67867],[134.61031,34.67573]]],[[[134.57271,34.65127],[134.56129,34.66807],[134.5735,34.67693],[134.59061,34.6632],[134.57271,34.65127]]],[[[134.4677,34.6408],[134.4583,34.64507],[134.4657,34.66573],[134.474,34.65807],[134.48421,34.6606],[134.4837,34.67127],[134.495,34.66887],[134.4897,34.65873],[134.50031,34.6454],[134.48351,34.6412],[134.4897,34.64907],[134.479,34.6492],[134.4677,34.6408]]],[[[134.5155,34.63586],[134.50121,34.64347],[134.5144,34.6594],[134.5155,34.63586]]],[[[134.43359,34.64767],[134.4395,34.65387],[134.43719,34.649],[134.43359,34.64767]]],[[[134.53101,34.64247],[134.52859,34.64333],[134.5323,34.64634],[134.53391,34.6432],[134.53101,34.64247]]],[[[134.5878,34.6376],[134.58411,34.6428],[134.5838,34.64473],[134.5876,34.63853],[134.5878,34.6376]]],[[[135.21225,34.62835],[135.21625,34.64137],[135.24113,34.63724],[135.21225,34.62835]]],[[[134.4968,34.62953],[134.4968,34.63333],[134.4993,34.63667],[134.4996,34.63094],[134.4968,34.62953]]],[[[134.78709,34.4272],[134.81801,34.46913],[134.83551,34.46687],[134.87981,34.52393],[134.9328,34.5486],[134.9826,34.60273],[135.0024,34.609],[135.02049,34.59073],[135.02541,34.57627],[134.99451,34.54547],[134.9791,34.5032],[134.8947,34.41813],[134.8952,34.34426],[134.9142,34.33653],[134.922,34.31027],[134.9545,34.27693],[134.9519,34.26707],[134.8414,34.22827],[134.7957,34.19933],[134.72931,34.18887],[134.73041,34.2066],[134.69971,34.22087],[134.7101,34.23933],[134.72101,34.24153],[134.72141,34.25487],[134.7014,34.2416],[134.6812,34.24833],[134.6577,34.24133],[134.67461,34.25713],[134.6543,34.29433],[134.68629,34.33047],[134.7065,34.32087],[134.7292,34.3296],[134.7482,34.37507],[134.78709,34.4272]]],[[[134.4758,34.59314],[134.48109,34.5994],[134.4809,34.59447],[134.4758,34.59314]]],[[[134.9566,34.27647],[134.9541,34.28527],[134.9469,34.298],[134.9566,34.27647]]],[[[134.8116,34.15647],[134.8241,34.178],[134.83031,34.16573],[134.8116,34.15647]]]]}},{"type":"Feature","properties":{"id":12},"geometry":{"type":"MultiPolygon","coordinates":[[[[139.7762,36.09087],[139.7868,36.10413],[139.80121,36.09193],[139.81061,36.066],[139.8718,36.01453],[139.8842,35.98886],[139.9341,35.9684],[139.93919,35.94027],[139.9931,35.91033],[140.017,35.9106],[140.0705,35.8784],[140.089,35.88407],[140.1218,35.8736],[140.1548,35.8426],[140.20641,35.8614],[140.24359,35.8554],[140.2812,35.87413],[140.3176,35.8644],[140.3665,35.9002],[140.4205,35.9064],[140.4585,35.92613],[140.50279,35.9058],[140.4872,35.92813],[140.51131,35.95867],[140.59889,35.9032],[140.63181,35.85887],[140.7061,35.83653],[140.7468,35.7818],[140.8204,35.7396],[140.8614,35.74467],[140.8709,35.71827],[140.86549,35.6934],[140.8308,35.71347],[140.737,35.6916],[140.7072,35.70206],[140.6554,35.6882],[140.5255,35.60253],[140.44991,35.52453],[140.4113,35.46153],[140.3916,35.377],[140.395,35.33653],[140.41479,35.30693],[140.40111,35.27487],[140.4059,35.24047],[140.3842,35.1872],[140.3718,35.1788],[140.35139,35.1814],[140.334,35.16493],[140.3262,35.14013],[140.31171,35.13427],[140.31261,35.14713],[140.2989,35.15093],[140.27721,35.13087],[140.24899,35.1344],[140.2336,35.11547],[140.2019,35.10973],[140.1925,35.1268],[140.1837,35.1186],[140.1218,35.11554],[140.1044,35.0984],[140.1019,35.0772],[140.07961,35.0682],[140.0842,35.06313],[140.0381,35.0514],[139.98151,35.01133],[139.961,34.96807],[139.9659,34.95413],[139.9561,34.9312],[139.9283,34.91007],[139.88789,34.89953],[139.8371,34.9032],[139.8244,34.91107],[139.8241,34.93274],[139.8116,34.94307],[139.7536,34.96687],[139.75391,34.97773],[139.81821,34.97767],[139.8248,34.99147],[139.84821,34.9852],[139.8582,35.0032],[139.8506,35.0248],[139.8107,35.0392],[139.83211,35.04393],[139.8212,35.072],[139.8423,35.08653],[139.83611,35.09967],[139.8244,35.1008],[139.8391,35.12927],[139.8286,35.15067],[139.8172,35.15453],[139.81689,35.17727],[139.8237,35.19667],[139.8665,35.21947],[139.8698,35.23487],[139.8419,35.29407],[139.7805,35.315],[139.81931,35.31633],[139.81641,35.32373],[139.8391,35.33367],[139.8231,35.34433],[139.8381,35.35893],[139.8472,35.34687],[139.8564,35.3514],[139.8392,35.36727],[139.8454,35.37467],[139.8969,35.35827],[139.88831,35.37],[139.90739,35.3704],[139.8976,35.37506],[139.9189,35.3884],[139.90671,35.3894],[139.8978,35.40913],[139.9052,35.432],[139.94859,35.4422],[139.9511,35.45593],[139.9621,35.45853],[139.965,35.45066],[139.95219,35.45287],[139.9547,35.44407],[139.9744,35.4484],[139.9657,35.46847],[139.98221,35.47467],[139.9904,35.452],[139.99831,35.45787],[139.989,35.4698],[139.9991,35.4658],[140.0065,35.47913],[140.0228,35.46746],[140.0112,35.484],[140.0218,35.4968],[140.036,35.49527],[140.0251,35.50147],[140.0461,35.51147],[140.0377,35.51627],[140.05009,35.53086],[140.06061,35.52987],[140.05389,35.535],[140.0614,35.54367],[140.0723,35.55],[140.09621,35.53533],[140.0883,35.55187],[140.1156,35.55053],[140.091,35.56447],[140.12711,35.56753],[140.0862,35.56933],[140.0817,35.58833],[140.1032,35.58653],[140.114,35.57233],[140.1106,35.58947],[140.11819,35.59566],[140.1077,35.592],[140.1059,35.60266],[140.089,35.59447],[140.10049,35.60447],[140.08299,35.61387],[140.08389,35.59673],[140.0137,35.65753],[139.9877,35.6546],[140.00301,35.6598],[139.98599,35.66386],[139.9922,35.6724],[139.9839,35.6772],[139.9848,35.69193],[139.98309,35.68167],[139.96001,35.6794],[139.95309,35.68833],[139.9532,35.67173],[139.9474,35.68],[139.9314,35.67453],[139.94749,35.66987],[139.9183,35.65547],[139.93961,35.64107],[139.9099,35.6244],[139.9053,35.63287],[139.89751,35.6294],[139.907,35.62313],[139.89771,35.61667],[139.89281,35.62553],[139.8726,35.62547],[139.88699,35.65387],[139.8858,35.6768],[139.9187,35.6978],[139.89709,35.72667],[139.8998,35.74373],[139.8808,35.76473],[139.8933,35.7782],[139.8885,35.8302],[139.89999,35.86533],[139.8873,35.89653],[139.82561,35.97293],[139.81421,35.99793],[139.8174,36.03254],[139.7907,36.0592],[139.7762,36.09087]]],[[[139.96381,35.67226],[139.96271,35.68073],[139.9778,35.67947],[139.97121,35.67733],[139.9792,35.66987],[139.96381,35.67226]]],[[[139.7681,35.31433],[139.7683,35.3158],[139.76891,35.3154],[139.7713,35.3162],[139.77679,35.3162],[139.7709,35.31507],[139.7681,35.31433]]],[[[139.7435,35.31127],[139.74049,35.31147],[139.7394,35.3118],[139.7435,35.31273],[139.7435,35.31127]]]]}},{"type":"Feature","properties":{"id":16},"geometry":{"type":"MultiPolygon","coordinates":[[[[137.6349,36.98033],[137.6675,36.95033],[137.711,36.9446],[137.7197,36.92633],[137.71359,36.89153],[137.7332,36.87007],[137.7299,36.82687],[137.74921,36.808],[137.74989,36.77947],[137.7621,36.7702],[137.7518,36.75267],[137.758,36.7412],[137.74989,36.7044],[137.76151,36.66513],[137.74429,36.6176],[137.7509,36.5896],[137.7244,36.58653],[137.68871,36.5628],[137.6846,36.53987],[137.70979,36.53607],[137.70531,36.51847],[137.6696,36.51033],[137.6667,36.49427],[137.65381,36.4908],[137.6553,36.46087],[137.63339,36.42573],[137.608,36.4196],[137.5925,36.39053],[137.53979,36.3926],[137.5052,36.4248],[137.47481,36.4254],[137.461,36.41247],[137.40579,36.42633],[137.3902,36.45967],[137.36259,36.45027],[137.3515,36.43386],[137.31349,36.42507],[137.30499,36.4356],[137.317,36.4596],[137.3085,36.46387],[137.2789,36.46513],[137.2567,36.45166],[137.2468,36.4618],[137.2065,36.42793],[137.1915,36.45533],[137.16071,36.45673],[137.0919,36.39687],[137.0946,36.38407],[137.0582,36.37213],[137.0519,36.3302],[137.0363,36.31767],[137.02029,36.31853],[137.0112,36.2932],[136.9751,36.27447],[136.95779,36.27907],[136.9713,36.31487],[136.9467,36.34613],[136.9072,36.361],[136.87491,36.34293],[136.87131,36.36753],[136.8651,36.3498],[136.8371,36.34747],[136.842,36.33387],[136.8315,36.30653],[136.7921,36.29913],[136.7841,36.3422],[136.8073,36.35847],[136.7953,36.39987],[136.77029,36.41453],[136.76891,36.42967],[136.7964,36.44447],[136.78799,36.45293],[136.80229,36.49033],[136.79469,36.50807],[136.81689,36.55207],[136.79179,36.569],[136.78419,36.623],[136.8235,36.66987],[136.821,36.68274],[136.81081,36.6852],[136.81509,36.69993],[136.78909,36.71847],[136.7961,36.72987],[136.81931,36.73073],[136.84731,36.7578],[136.8522,36.76973],[136.843,36.78193],[136.8537,36.79427],[136.8562,36.84007],[136.86681,36.85087],[136.86211,36.86053],[136.8813,36.8752],[136.8793,36.9068],[136.8954,36.92493],[136.9142,36.93053],[136.93069,36.9506],[136.9534,36.95627],[136.9725,36.9446],[136.98579,36.96673],[137.03729,36.96727],[137.05161,36.95953],[137.0266,36.939],[137.0321,36.9242],[136.9837,36.8728],[137.01649,36.8296],[137.0825,36.78513],[137.1133,36.7816],[137.1136,36.7748],[137.092,36.7706],[137.13049,36.7572],[137.1185,36.7692],[137.1218,36.77967],[137.1846,36.7572],[137.2309,36.76633],[137.317,36.75867],[137.3922,36.8066],[137.4187,36.8768],[137.4095,36.89667],[137.4351,36.93053],[137.4968,36.95613],[137.6349,36.98033]]]]}},{"type":"Feature","properties":{"id":13},"geometry":{"type":"MultiPolygon","coordinates":[[[[138.944,35.85467],[138.9463,35.86867],[138.9682,35.88213],[139.0015,35.8844],[139.0103,35.89713],[139.0239,35.8974],[139.06241,35.8734],[139.1384,35.86427],[139.1964,35.84013],[139.20911,35.8464],[139.22951,35.83733],[139.3015,35.83406],[139.3054,35.8226],[139.31599,35.823],[139.3257,35.795],[139.37019,35.7912],[139.3714,35.77827],[139.39191,35.76327],[139.49699,35.77867],[139.5416,35.8074],[139.54359,35.78167],[139.5161,35.76546],[139.54781,35.7738],[139.5479,35.75367],[139.5887,35.7786],[139.6218,35.76673],[139.6416,35.79807],[139.6917,35.80067],[139.73531,35.78967],[139.73781,35.78053],[139.7605,35.79787],[139.75081,35.80773],[139.7556,35.81273],[139.7677,35.81753],[139.7961,35.8056],[139.82111,35.81507],[139.82719,35.7936],[139.83881,35.8008],[139.8564,35.79093],[139.8718,35.79707],[139.87669,35.78086],[139.8938,35.78273],[139.8808,35.76473],[139.8998,35.74373],[139.89709,35.72667],[139.9187,35.6978],[139.8858,35.6768],[139.88699,35.65387],[139.87289,35.63853],[139.84109,35.64326],[139.84041,35.63387],[139.8214,35.632],[139.83369,35.63473],[139.83459,35.64407],[139.80649,35.64059],[139.7986,35.62186],[139.77879,35.63747],[139.79559,35.6498],[139.7767,35.6422],[139.78951,35.65693],[139.77271,35.646],[139.7673,35.65813],[139.7616,35.6526],[139.74409,35.5894],[139.7543,35.5616],[139.78551,35.57047],[139.8087,35.5384],[139.78979,35.52667],[139.75751,35.5442],[139.7018,35.5372],[139.7025,35.55387],[139.6783,35.5634],[139.6653,35.58893],[139.562,35.63253],[139.52541,35.64267],[139.5146,35.6248],[139.4951,35.61747],[139.4968,35.6048],[139.463,35.62493],[139.4493,35.6118],[139.4532,35.60493],[139.4653,35.60913],[139.5072,35.57573],[139.48959,35.56153],[139.48289,35.57127],[139.49001,35.58406],[139.47321,35.57627],[139.4702,35.56067],[139.48041,35.55767],[139.48669,35.53553],[139.47771,35.51213],[139.485,35.50386],[139.4678,35.5022],[139.45801,35.52806],[139.39861,35.5844],[139.3414,35.6048],[139.2822,35.613],[139.2648,35.60233],[139.2406,35.60627],[139.2204,35.62567],[139.2157,35.64606],[139.2009,35.65247],[139.1799,35.64553],[139.1617,35.66787],[139.131,35.6718],[139.10851,35.6896],[139.0661,35.6982],[139.0256,35.71933],[138.9837,35.76947],[138.9697,35.83133],[138.95329,35.83653],[138.944,35.85467]]],[[[139.8212,35.63413],[139.8261,35.64273],[139.83279,35.63827],[139.8212,35.63413]]],[[[139.8578,35.6358],[139.8503,35.63766],[139.8584,35.63813],[139.8578,35.6358]]],[[[139.867,35.6336],[139.8667,35.6338],[139.86101,35.636],[139.8622,35.6372],[139.86371,35.63713],[139.8676,35.6342],[139.867,35.6336]]],[[[139.76871,35.62646],[139.77701,35.63604],[139.78493,35.62637],[139.7926,35.60953],[139.78705,35.60209],[139.76871,35.62646]]],[[[139.75349,35.62407],[139.7592,35.6336],[139.7594,35.61933],[139.75349,35.62407]]],[[[139.83549,35.61246],[139.8266,35.6302],[139.83929,35.63127],[139.83549,35.61246]]],[[[139.79491,35.6138],[139.7852,35.62506],[139.7899,35.6276],[139.7966,35.61906],[139.7979,35.6178],[139.79491,35.6138]]],[[[139.7495,35.58887],[139.75751,35.617],[139.7764,35.59067],[139.7704,35.5812],[139.787,35.5804],[139.75591,35.5772],[139.7495,35.58887]]],[[[139.7915,35.59385],[139.81058,35.61315],[139.81915,35.60874],[139.7915,35.59385]]],[[[139.8132,35.58953],[139.8056,35.59946],[139.82021,35.60733],[139.8268,35.59693],[139.8132,35.58953]]],[[[139.80595,35.58558],[139.79349,35.59285],[139.8038,35.59846],[139.8118,35.58873],[139.80595,35.58558]]],[[[139.76559,35.56487],[139.7585,35.56847],[139.75771,35.57426],[139.7644,35.57467],[139.7737,35.57453],[139.76559,35.56487]]],[[[139.4388,34.6786],[139.3967,34.68327],[139.3595,34.70173],[139.3488,34.7646],[139.36031,34.7988],[139.4119,34.787],[139.43449,34.77033],[139.4496,34.71533],[139.4388,34.6786]]],[[[139.2753,34.51114],[139.26849,34.52707],[139.28081,34.5344],[139.29311,34.5242],[139.2753,34.51114]]],[[[139.2932,34.46967],[139.2903,34.4732],[139.2874,34.4774],[139.28909,34.4772],[139.29651,34.47334],[139.2989,34.47047],[139.2932,34.46967]]],[[[139.27251,34.32993],[139.24471,34.3476],[139.2426,34.36227],[139.2554,34.39987],[139.28059,34.41986],[139.2785,34.43093],[139.29021,34.4244],[139.291,34.40833],[139.27769,34.3888],[139.27251,34.32993]]],[[[139.22701,34.3672],[139.22749,34.3696],[139.2234,34.37507],[139.22661,34.37433],[139.2285,34.37313],[139.2287,34.36773],[139.22701,34.3672]]],[[[139.21069,34.33673],[139.20959,34.33713],[139.2097,34.33767],[139.2119,34.33754],[139.21069,34.33673]]],[[[139.21339,34.31627],[139.1949,34.32113],[139.2104,34.3364],[139.2265,34.32687],[139.21339,34.31627]]],[[[139.27831,34.32433],[139.2753,34.32533],[139.27701,34.32747],[139.28011,34.32547],[139.27831,34.32433]]],[[[139.129,34.18507],[139.12,34.19213],[139.1331,34.20353],[139.1284,34.222],[139.1369,34.24073],[139.1694,34.232],[139.1754,34.205],[139.16141,34.206],[139.146,34.188],[139.129,34.18507]]],[[[139.19211,34.20653],[139.18941,34.20787],[139.19141,34.20893],[139.19299,34.2082],[139.19211,34.20653]]],[[[139.07291,34.18307],[139.0735,34.18533],[139.076,34.18373],[139.0755,34.18367],[139.07291,34.18307]]],[[[139.50211,34.0454],[139.4826,34.0512],[139.4731,34.07653],[139.4939,34.10313],[139.49139,34.1172],[139.5388,34.12367],[139.5585,34.11127],[139.56241,34.06847],[139.5294,34.04633],[139.50211,34.0454]]],[[[139.6208,33.852],[139.5778,33.86247],[139.5773,33.88047],[139.5905,33.8968],[139.60561,33.90067],[139.6218,33.8876],[139.6321,33.8698],[139.6208,33.852]]],[[[139.8322,33.04607],[139.7865,33.06827],[139.7775,33.09953],[139.75481,33.1044],[139.7401,33.13053],[139.7468,33.15593],[139.77139,33.158],[139.8177,33.1196],[139.84641,33.1164],[139.85811,33.07846],[139.84041,33.07527],[139.8322,33.04607]]],[[[139.6994,33.11573],[139.686,33.11673],[139.6761,33.1356],[139.696,33.12847],[139.6994,33.11573]]],[[[139.7692,32.442],[139.75571,32.44853],[139.75771,32.47234],[139.7798,32.4576],[139.7692,32.442]]],[[[140.05172,31.43784],[140.05022,31.43964],[140.05102,31.4395],[140.05172,31.43784]]],[[[140.2986,30.47233],[140.2865,30.48267],[140.3045,30.49547],[140.31419,30.48553],[140.2986,30.47233]]],[[[140.34214,29.79279],[140.34141,29.79343],[140.34273,29.79373],[140.34214,29.79279]]],[[[142.10271,27.7152],[142.0985,27.71733],[142.0977,27.7178],[142.0974,27.71933],[142.1012,27.7174],[142.10271,27.7152]]],[[[142.1095,27.71533],[142.108,27.7156],[142.1071,27.71693],[142.1091,27.71693],[142.1096,27.716],[142.1095,27.71533]]],[[[142.1461,27.66987],[142.12511,27.68513],[142.1425,27.68713],[142.1461,27.66987]]],[[[142.1264,27.67733],[142.1241,27.67793],[142.1257,27.6802],[142.1266,27.6778],[142.1264,27.67733]]],[[[142.159,27.65447],[142.1582,27.6548],[142.1566,27.65867],[142.1568,27.66273],[142.15871,27.6622],[142.159,27.65447]]],[[[142.1857,27.619],[142.16969,27.63327],[142.1832,27.62927],[142.1857,27.619]]],[[[142.2128,27.48887],[142.205,27.4976],[142.2131,27.4976],[142.2128,27.48887]]],[[[142.2067,27.486],[142.2058,27.48687],[142.2067,27.48853],[142.2088,27.48693],[142.2067,27.486]]],[[[140.87669,27.24353],[140.8726,27.24467],[140.8746,27.24893],[140.8791,27.24633],[140.87669,27.24353]]],[[[142.1951,27.19193],[142.194,27.19487],[142.1976,27.19453],[142.19701,27.1932],[142.1951,27.19193]]],[[[142.1888,27.144],[142.1803,27.14613],[142.1884,27.18827],[142.2,27.18187],[142.20151,27.1652],[142.1888,27.144]]],[[[142.22,27.10813],[142.18759,27.12027],[142.1904,27.14267],[142.205,27.12767],[142.2184,27.13213],[142.23489,27.11327],[142.22,27.10813]]],[[[142.18201,27.12633],[142.1776,27.12713],[142.1783,27.1282],[142.1796,27.1282],[142.18201,27.12633]]],[[[142.1638,27.11213],[142.1633,27.1202],[142.1722,27.11573],[142.1638,27.11213]]],[[[142.2207,27.03527],[142.18471,27.042],[142.19411,27.061],[142.18291,27.074],[142.20399,27.0726],[142.20731,27.08473],[142.2009,27.09833],[142.1862,27.088],[142.1862,27.10427],[142.2179,27.09987],[142.2323,27.07733],[142.237,27.04853],[142.2224,27.05287],[142.2299,27.03553],[142.2207,27.03527]]],[[[142.2468,27.08947],[142.2455,27.09407],[142.2468,27.0932],[142.2468,27.08947]]],[[[142.1839,27.08533],[142.1826,27.08653],[142.18381,27.08653],[142.1839,27.08533]]],[[[142.17682,27.04316],[142.1775,27.04395],[142.17869,27.04391],[142.17682,27.04316]]],[[[142.17641,27.03067],[142.1732,27.03993],[142.1725,27.04273],[142.17329,27.04427],[142.1776,27.03393],[142.1763,27.03587],[142.17641,27.03067]]],[[[142.1218,26.71473],[142.1218,26.7156],[142.12219,26.71607],[142.1218,26.71473]]],[[[142.17891,26.60693],[142.1754,26.62347],[142.147,26.65053],[142.1245,26.7134],[142.1337,26.6988],[142.14259,26.69807],[142.1413,26.70733],[142.1637,26.70193],[142.1465,26.68533],[142.1676,26.6888],[142.1635,26.662],[142.18781,26.6586],[142.1721,26.64293],[142.17891,26.60693]]],[[[142.12871,26.59427],[142.1226,26.60273],[142.132,26.6094],[142.12871,26.59427]]],[[[142.1479,26.58107],[142.1561,26.58653],[142.1613,26.585],[142.1479,26.58107]]],[[[142.228,26.56273],[142.2301,26.57393],[142.2382,26.56933],[142.228,26.56273]]],[[[142.1563,26.54233],[142.1539,26.55347],[142.15601,26.56213],[142.1563,26.54233]]],[[[142.2019,26.552],[142.203,26.56093],[142.2178,26.56227],[142.2019,26.552]]],[[[141.2782,25.41773],[141.2728,25.43973],[141.2816,25.44773],[141.29311,25.4262],[141.2782,25.41773]]],[[[141.2862,24.74515],[141.29371,24.78022],[141.2869,24.78952],[141.32891,24.81169],[141.34751,24.78222],[141.34371,24.77535],[141.2862,24.74515]]],[[[153.9855,24.28088],[153.97056,24.28474],[153.9841,24.29768],[153.9855,24.28088]]],[[[141.4601,24.22516],[141.45527,24.24228],[141.4715,24.24183],[141.46939,24.22789],[141.4601,24.22516]]],[[[136.06983,20.42545],[136.06994,20.42508],[136.06956,20.42535],[136.06983,20.42545]]],[[[136.08121,20.42581],[136.0813,20.42542],[136.08092,20.42565],[136.08121,20.42581]]],[[[139.38315,34.04926],[139.38428,34.04943],[139.38506,34.04887],[139.38436,34.04778],[139.38347,34.0482],[139.38288,34.04895],[139.38315,34.04926]]],[[[138.83802,33.96314],[138.83813,33.96292],[138.83792,33.96303],[138.83802,33.96314]]],[[[138.83579,33.96325],[138.83587,33.9632],[138.83575,33.96315],[138.83579,33.96325]]],[[[139.2988,33.65234],[139.29957,33.65144],[139.29875,33.65086],[139.2988,33.65234]]],[[[142.15696,27.69292],[142.15738,27.69278],[142.1582,27.69163],[142.15789,27.69122],[142.15678,27.69252],[142.15696,27.69292]]],[[[142.11539,27.74153],[142.1157,27.74147],[142.11545,27.74139],[142.11539,27.74153]]],[[[142.11683,27.73729],[142.11705,27.73721],[142.11683,27.73711],[142.11683,27.73729]]],[[[142.2184,27.49623],[142.21927,27.49528],[142.21915,27.4928],[142.21817,27.49259],[142.21805,27.49406],[142.2184,27.49623]]],[[[141.28539,24.80725],[141.28745,24.80664],[141.2858,24.79717],[141.28416,24.79758],[141.28539,24.80725]]],[[[138.81534,33.94698],[138.81566,33.94685],[138.81584,33.94648],[138.81565,33.94636],[138.8153,33.94685],[138.81534,33.94698]]],[[[138.81651,33.94671],[138.81696,33.94647],[138.81651,33.9464],[138.81651,33.94671]]],[[[138.81737,33.94391],[138.81747,33.94391],[138.81758,33.94373],[138.81764,33.94342],[138.81747,33.94339],[138.81727,33.94351],[138.81737,33.94391]]],[[[138.81745,33.94327],[138.81757,33.94332],[138.81767,33.9433],[138.81771,33.94286],[138.81738,33.94288],[138.81745,33.94327]]],[[[139.91755,31.8869],[139.91772,31.88632],[139.91742,31.88652],[139.91755,31.8869]]],[[[142.11213,27.74502],[142.11249,27.74491],[142.11223,27.74473],[142.11213,27.74502]]],[[[136.07368,20.42314],[136.07407,20.42314],[136.07374,20.42278],[136.07368,20.42314]]]]}},{"type":"Feature","properties":{"id":11},"geometry":{"type":"MultiPolygon","coordinates":[[[[139.1293,36.2834],[139.16389,36.279],[139.2437,36.24453],[139.3037,36.24553],[139.3235,36.22973],[139.34711,36.2532],[139.3595,36.2532],[139.4572,36.1906],[139.5258,36.19133],[139.58791,36.2104],[139.62489,36.1866],[139.6281,36.1946],[139.6503,36.19693],[139.65001,36.21127],[139.6606,36.21467],[139.6861,36.20374],[139.69861,36.15207],[139.72681,36.1114],[139.7298,36.08793],[139.77031,36.0812],[139.7762,36.09087],[139.7907,36.0592],[139.8174,36.03254],[139.81421,35.99793],[139.82561,35.97293],[139.8873,35.89653],[139.89999,35.86533],[139.8885,35.8302],[139.8938,35.78273],[139.87669,35.78086],[139.8718,35.79707],[139.8564,35.79093],[139.83881,35.8008],[139.82719,35.7936],[139.82111,35.81507],[139.7961,35.8056],[139.7677,35.81753],[139.7505,35.80927],[139.7605,35.79787],[139.75349,35.78646],[139.73781,35.78053],[139.73531,35.78967],[139.6917,35.80067],[139.6571,35.80053],[139.6416,35.79807],[139.6218,35.76673],[139.5887,35.7786],[139.5479,35.75367],[139.54781,35.7738],[139.5161,35.76546],[139.54359,35.78167],[139.5416,35.8074],[139.49699,35.77867],[139.39191,35.76327],[139.3714,35.77827],[139.37019,35.7912],[139.3257,35.795],[139.31599,35.823],[139.3054,35.8226],[139.3015,35.83406],[139.22951,35.83733],[139.20911,35.8464],[139.1964,35.84013],[139.1384,35.86427],[139.06241,35.8734],[139.0239,35.8974],[139.0103,35.89713],[139.0015,35.8844],[138.9682,35.88213],[138.9463,35.86867],[138.944,35.85467],[138.9099,35.85193],[138.8929,35.83987],[138.8463,35.8672],[138.8136,35.86233],[138.793,35.87507],[138.79111,35.89133],[138.7782,35.90013],[138.72881,35.90927],[138.73871,35.9384],[138.7123,35.96967],[138.71269,35.98527],[138.7439,36.01107],[138.755,36.0346],[138.77541,36.0378],[138.7908,36.02946],[138.82851,36.03733],[138.8474,36.06713],[138.8661,36.07767],[138.9458,36.09627],[138.95779,36.10793],[138.9584,36.12427],[138.98599,36.116],[139.0043,36.13313],[139.0428,36.1296],[139.04311,36.14847],[139.0621,36.15307],[139.0632,36.19587],[139.1293,36.2834]]]]}},{"type":"Feature","properties":{"id":35},"geometry":{"type":"MultiPolygon","coordinates":[[[[131.1375,34.75847],[131.12979,34.79833],[131.1472,34.7894],[131.1449,34.7798],[131.1628,34.77833],[131.16029,34.76407],[131.1375,34.75847]]],[[[131.6899,34.681],[131.6837,34.66807],[131.6994,34.64853],[131.6942,34.621],[131.71809,34.61206],[131.726,34.57827],[131.7112,34.5628],[131.7021,34.5652],[131.7048,34.53167],[131.66721,34.50407],[131.6814,34.49207],[131.6825,34.47853],[131.6992,34.47427],[131.6976,34.43507],[131.73759,34.4288],[131.75529,34.44],[131.79311,34.4362],[131.78329,34.39953],[131.7637,34.3816],[131.77721,34.3536],[131.7762,34.33347],[131.83009,34.30254],[131.8333,34.31113],[131.8804,34.30867],[131.8873,34.32713],[131.89911,34.31907],[131.91901,34.33773],[131.95779,34.3064],[131.9747,34.342],[132.0116,34.36853],[132.0125,34.38267],[131.9895,34.4142],[131.9968,34.42787],[132.0135,34.43667],[132.02451,34.46233],[132.06599,34.46827],[132.0802,34.44227],[132.0681,34.41513],[132.07671,34.3888],[132.0692,34.35627],[132.095,34.35007],[132.1071,34.32793],[132.12669,34.3326],[132.12469,34.29133],[132.1394,34.28473],[132.1335,34.2708],[132.1449,34.25813],[132.1447,34.2364],[132.1692,34.23373],[132.1703,34.22533],[132.20399,34.22867],[132.1958,34.20427],[132.2449,34.21067],[132.2325,34.1958],[132.2307,34.18734],[132.2386,34.1874],[132.2301,34.18554],[132.2485,34.16986],[132.246,34.14813],[132.2328,34.12687],[132.2216,34.1308],[132.1998,34.12033],[132.2081,34.06227],[132.2198,34.0488],[132.2128,34.0032],[132.1841,33.96127],[132.1172,33.95113],[132.1299,33.88447],[132.1467,33.87513],[132.1572,33.84533],[132.14391,33.83347],[132.1169,33.8318],[132.1123,33.86],[132.11929,33.8754],[132.0769,33.89314],[132.07179,33.905],[132.0441,33.90913],[132.05771,33.92407],[132.0244,33.90187],[131.98151,33.92913],[131.96989,33.91673],[131.9622,33.92067],[131.9628,33.9438],[131.9355,33.94727],[131.9295,33.96173],[131.9238,33.9534],[131.91701,33.96774],[131.86279,33.9884],[131.8633,34.0066],[131.8318,34.01087],[131.8186,33.994],[131.7935,33.98727],[131.8205,33.97647],[131.8098,33.96767],[131.79559,33.977],[131.7612,33.97514],[131.75861,33.98293],[131.78439,33.9858],[131.782,33.994],[131.82671,34.0294],[131.8036,34.04287],[131.7821,34.03027],[131.7997,34.04913],[131.7921,34.05067],[131.79691,34.06007],[131.7424,34.04867],[131.7383,34.05466],[131.7574,34.0652],[131.7525,34.0706],[131.70891,34.06047],[131.6973,34.04727],[131.679,34.05453],[131.6768,34.0432],[131.6454,34.03787],[131.63499,34.04687],[131.6096,34.0212],[131.5952,34.04313],[131.5605,34.00753],[131.54849,34.00127],[131.5386,34.00753],[131.539,33.99733],[131.52209,34.0078],[131.5092,34.00347],[131.5128,34.01814],[131.4744,34.03767],[131.4657,34.02527],[131.47929,34.01173],[131.4613,34.00347],[131.44949,34.00953],[131.46021,33.9878],[131.44949,33.9954],[131.43651,33.9826],[131.4232,33.9892],[131.4312,34.00633],[131.4184,34.01547],[131.39529,33.98447],[131.3934,33.99754],[131.4162,34.0228],[131.395,34.02507],[131.40331,34.04247],[131.3842,34.04927],[131.3856,34.03233],[131.369,34.02833],[131.38181,34.02273],[131.3772,34.00787],[131.34731,33.98173],[131.35381,33.96547],[131.30569,33.94933],[131.26581,33.9228],[131.2486,33.9274],[131.2518,33.9368],[131.2318,33.92713],[131.2468,33.94233],[131.2384,33.95133],[131.2218,33.93367],[131.20911,33.94407],[131.1777,33.93147],[131.157,33.95307],[131.16879,33.9634],[131.1622,33.97047],[131.1738,33.97467],[131.1613,33.97353],[131.16901,33.996],[131.1568,33.98893],[131.14639,33.9944],[131.1497,34.0032],[131.1329,34.0032],[131.1347,33.99127],[131.0916,34.03733],[131.04669,34.04227],[131.0369,34.057],[131.01201,34.02727],[131.02029,34.02],[131.0126,34.0116],[131.00211,34.0174],[131.005,34.0032],[130.9913,33.98653],[130.9258,33.94665],[130.92261,33.91447],[130.90401,33.91373],[130.90941,33.92567],[130.89841,33.92167],[130.8927,33.93913],[130.8728,33.94873],[130.87781,33.9546],[130.8931,33.94333],[130.91071,33.95407],[130.9127,33.94114],[130.91701,33.94673],[130.9052,33.95387],[130.91611,33.97933],[130.9079,33.99247],[130.91411,34.0228],[130.90311,34.02507],[130.9111,34.05907],[130.89841,34.0692],[130.88721,34.0662],[130.8597,34.1098],[130.8654,34.1356],[130.8804,34.142],[130.89261,34.135],[130.90359,34.14693],[130.89639,34.15407],[130.92531,34.16986],[130.9294,34.2106],[130.9158,34.2164],[130.9209,34.23913],[130.86641,34.28727],[130.8967,34.31733],[130.8893,34.34347],[130.89999,34.36227],[130.92551,34.34167],[130.9998,34.37393],[131.034,34.37033],[131.03371,34.38333],[131.01289,34.4048],[130.97971,34.39987],[130.9584,34.4072],[130.9505,34.40493],[130.95461,34.3892],[130.9314,34.39273],[130.95781,34.41173],[130.9715,34.44193],[131.019,34.4112],[131.0466,34.4114],[131.07269,34.42387],[131.1109,34.40927],[131.1308,34.41773],[131.1368,34.39107],[131.1544,34.37253],[131.18739,34.38053],[131.1972,34.39727],[131.215,34.3708],[131.2243,34.3928],[131.24719,34.3816],[131.271,34.39],[131.30521,34.38287],[131.3226,34.39187],[131.3367,34.41833],[131.3577,34.41107],[131.41479,34.42607],[131.4104,34.43547],[131.42171,34.441],[131.3967,34.44773],[131.39639,34.46033],[131.41499,34.44873],[131.44431,34.4756],[131.4398,34.48247],[131.4613,34.4862],[131.46609,34.5014],[131.44949,34.5068],[131.45551,34.526],[131.46609,34.53853],[131.5033,34.53387],[131.51939,34.5564],[131.5369,34.56253],[131.55411,34.5806],[131.5563,34.61513],[131.6028,34.6242],[131.6021,34.6338],[131.589,34.6326],[131.60291,34.66187],[131.6339,34.66393],[131.6424,34.65627],[131.6377,34.64687],[131.6488,34.64087],[131.64531,34.65233],[131.6739,34.66433],[131.66699,34.67527],[131.6899,34.681]]],[[[131.47929,34.57253],[131.4767,34.57367],[131.4762,34.5746],[131.4791,34.57533],[131.47929,34.57253]]],[[[131.5139,34.5642],[131.5127,34.566],[131.5134,34.56673],[131.5159,34.56487],[131.5139,34.5642]]],[[[131.3855,34.5126],[131.3835,34.51873],[131.3835,34.52007],[131.3864,34.5232],[131.39079,34.52313],[131.3905,34.5146],[131.3855,34.5126]]],[[[131.27679,34.497],[131.27679,34.5182],[131.29221,34.51147],[131.27679,34.497]]],[[[131.4073,34.48973],[131.4017,34.5032],[131.41139,34.51293],[131.41791,34.49647],[131.4073,34.48973]]],[[[131.3448,34.4988],[131.33949,34.5032],[131.3434,34.5032],[131.3448,34.4988]]],[[[131.3763,34.48167],[131.37511,34.48387],[131.37621,34.48473],[131.3766,34.4854],[131.38,34.48787],[131.3804,34.4838],[131.3763,34.48167]]],[[[131.37691,34.46173],[131.37311,34.46467],[131.3754,34.4672],[131.3795,34.46413],[131.37691,34.46173]]],[[[131.1965,34.39827],[131.1729,34.40747],[131.1709,34.43127],[131.2184,34.42607],[131.25169,34.4382],[131.2606,34.4276],[131.2603,34.4176],[131.2468,34.42567],[131.22231,34.41673],[131.2265,34.42833],[131.20711,34.41193],[131.2142,34.4008],[131.1965,34.39827]]],[[[131.3192,34.4262],[131.3165,34.42713],[131.31731,34.43253],[131.319,34.43253],[131.321,34.4288],[131.3192,34.4262]]],[[[131.2681,34.41027],[131.2654,34.41473],[131.27071,34.41493],[131.2681,34.41027]]],[[[130.84641,34.341],[130.839,34.355],[130.8632,34.35893],[130.86571,34.37354],[130.87939,34.3648],[130.8775,34.35387],[130.85831,34.3532],[130.84641,34.341]]],[[[130.9653,34.35827],[130.9648,34.36113],[130.9735,34.36393],[130.9653,34.35827]]],[[[130.8972,34.17633],[130.89731,34.1792],[130.8998,34.18],[130.90111,34.17867],[130.8972,34.17633]]],[[[130.8974,34.17053],[130.89999,34.17653],[130.90511,34.17247],[130.9043,34.17113],[130.8974,34.17053]]],[[[132.3127,34.12207],[132.31734,34.11988],[132.3173,34.11972],[132.3127,34.12207]]],[[[130.79559,34.09246],[130.7769,34.1024],[130.7758,34.11527],[130.79831,34.1004],[130.79559,34.09246]]],[[[132.39771,34.054],[132.39101,34.05607],[132.39481,34.06],[132.3994,34.05793],[132.39771,34.054]]],[[[131.731,34.021],[131.73351,34.03793],[131.7511,34.0326],[131.76151,34.04733],[131.77921,34.0488],[131.731,34.021]]],[[[132.38361,34.02666],[132.37599,34.03607],[132.39191,34.0424],[132.38361,34.02666]]],[[[132.4234,34.03247],[132.4167,34.03407],[132.41769,34.037],[132.4203,34.0372],[132.4268,34.03447],[132.4234,34.03247]]],[[[131.71809,33.9794],[131.7187,33.9894],[131.6908,34.00787],[131.7032,34.00727],[131.70779,34.03467],[131.7141,34.032],[131.71001,34.00093],[131.73199,33.98253],[131.71809,33.9794]]],[[[132.4205,34.01126],[132.4061,34.01447],[132.4021,34.02687],[132.41411,34.03033],[132.4301,34.01513],[132.4205,34.01126]]],[[[131.5668,33.98667],[131.55521,33.99413],[131.5668,34.01153],[131.58279,34.02386],[131.60049,34.015],[131.5668,33.98667]]],[[[131.7952,34.01953],[131.79311,34.0214],[131.79601,34.02327],[131.7977,34.0238],[131.7952,34.01953]]],[[[132.26759,33.994],[132.2579,34.0032],[132.26289,34.00973],[132.26759,33.994]]],[[[132.43109,34.002],[132.43069,34.00973],[132.43381,34.0032],[132.43109,34.002]]],[[[131.01899,33.9979],[131.02178,34.0028],[131.02192,34.0027],[131.01899,33.9979]]],[[[132.33121,33.991],[132.3298,34.00347],[132.3343,33.99847],[132.33121,33.991]]],[[[131.02589,33.99467],[131.0246,33.99613],[131.0265,33.996],[131.0269,33.99613],[131.02589,33.99467]]],[[[132.35001,33.98613],[132.34869,33.98787],[132.3519,33.98987],[132.35339,33.989],[132.35001,33.98613]]],[[[131.82021,33.93067],[131.8058,33.939],[131.80679,33.9518],[131.8195,33.95833],[131.81979,33.9448],[131.8325,33.95567],[131.84511,33.95113],[131.8501,33.96113],[131.8427,33.97033],[131.8568,33.98973],[131.86771,33.9816],[131.8768,33.97047],[131.8577,33.96373],[131.86099,33.95094],[131.82021,33.93067]]],[[[131.73621,33.97873],[131.73199,33.98013],[131.7348,33.98167],[131.7373,33.98034],[131.73621,33.97873]]],[[[130.86,33.97007],[130.86371,33.98087],[130.86591,33.97607],[130.86,33.97007]]],[[[132.3508,33.9622],[132.34799,33.96893],[132.35001,33.97167],[132.3508,33.9622]]],[[[132.2068,33.85693],[132.2014,33.8802],[132.1765,33.894],[132.17281,33.92247],[132.18739,33.9346],[132.1855,33.95453],[132.2029,33.94873],[132.2135,33.96507],[132.2282,33.9594],[132.23219,33.96707],[132.2655,33.94833],[132.28419,33.95573],[132.3007,33.91987],[132.311,33.91473],[132.3187,33.92153],[132.3161,33.90653],[132.3289,33.90167],[132.3567,33.90993],[132.3526,33.91753],[132.3701,33.92827],[132.4024,33.92927],[132.4012,33.94073],[132.41519,33.952],[132.4368,33.95147],[132.4429,33.9422],[132.4702,33.95047],[132.4064,33.90993],[132.39571,33.9176],[132.3718,33.91113],[132.3613,33.89613],[132.3716,33.8624],[132.34599,33.8696],[132.3268,33.8576],[132.3363,33.8832],[132.2959,33.89667],[132.29089,33.89034],[132.2851,33.9016],[132.26801,33.89007],[132.2674,33.87693],[132.2784,33.8712],[132.2211,33.8744],[132.2068,33.85693]]],[[[132.4736,33.9538],[132.4585,33.9634],[132.47591,33.96327],[132.4736,33.9538]]],[[[132.35229,33.9394],[132.3367,33.95467],[132.3497,33.96027],[132.35229,33.9394]]],[[[132.48849,33.95293],[132.48579,33.95593],[132.4875,33.95773],[132.49049,33.9586],[132.491,33.957],[132.48849,33.95293]]],[[[131.6953,33.9354],[131.68871,33.9416],[131.6956,33.94967],[131.6953,33.9354]]],[[[132.1577,33.9378],[132.15359,33.94],[132.15579,33.94547],[132.1656,33.94753],[132.16719,33.94567],[132.1642,33.9412],[132.1577,33.9378]]],[[[131.93069,33.93593],[131.9277,33.93713],[131.9257,33.9424],[131.9272,33.9424],[131.93069,33.93593]]],[[[130.93001,33.93147],[130.9286,33.93187],[130.9287,33.93573],[130.9301,33.93313],[130.93001,33.93147]]],[[[132.46539,33.9148],[132.4534,33.92687],[132.4644,33.91807],[132.46539,33.9148]]],[[[132.3922,33.90067],[132.3909,33.9012],[132.39191,33.905],[132.3936,33.90434],[132.3922,33.90067]]],[[[132.0493,33.88673],[132.0416,33.8954],[132.05051,33.8958],[132.0493,33.88673]]],[[[132.06081,33.867],[132.0562,33.87627],[132.06461,33.88373],[132.069,33.86913],[132.06081,33.867]]],[[[132.02209,33.85227],[131.9969,33.86],[132.01469,33.85973],[132.0157,33.8712],[132.02209,33.85227]]],[[[132.3102,33.86253],[132.3082,33.86447],[132.313,33.8682],[132.3131,33.8666],[132.3127,33.863],[132.3102,33.86253]]],[[[132.36769,33.847],[132.3533,33.85434],[132.3718,33.85213],[132.36769,33.847]]],[[[132.0493,33.78467],[132.0274,33.79333],[132.0528,33.79827],[132.05969,33.819],[132.0771,33.8272],[132.0703,33.85807],[132.1172,33.8306],[132.086,33.82393],[132.0493,33.78467]]],[[[132.1834,33.84407],[132.1796,33.84533],[132.17889,33.84573],[132.1783,33.8492],[132.1844,33.8484],[132.1834,33.84407]]],[[[132.11839,33.8114],[132.11749,33.8122],[132.1192,33.81767],[132.1167,33.8188],[132.1185,33.8238],[132.1216,33.81607],[132.11839,33.8114]]],[[[132.25641,33.76647],[132.2343,33.78354],[132.21581,33.781],[132.1985,33.803],[132.1731,33.79507],[132.1725,33.80494],[132.2211,33.8152],[132.2563,33.78227],[132.2731,33.7818],[132.25641,33.76647]]],[[[132.252,33.8064],[132.2487,33.81367],[132.2543,33.81693],[132.2585,33.8166],[132.2552,33.80867],[132.252,33.8064]]],[[[132.3942,33.80167],[132.3912,33.8056],[132.3942,33.81033],[132.4006,33.81447],[132.39909,33.81213],[132.3989,33.80413],[132.3942,33.80167]]],[[[131.9635,33.7686],[131.9467,33.77987],[131.961,33.78247],[131.96649,33.798],[131.9926,33.78033],[131.9635,33.7686]]],[[[131.9384,33.78767],[131.9313,33.7886],[131.93021,33.7926],[131.9323,33.79493],[131.9379,33.7924],[131.9384,33.78767]]],[[[132.3927,33.77773],[132.3889,33.77907],[132.3873,33.78287],[132.3895,33.78247],[132.3927,33.77773]]],[[[132.0513,33.77213],[132.0466,33.77507],[132.049,33.77487],[132.0507,33.77773],[132.05231,33.77913],[132.0536,33.7766],[132.0513,33.77213]]],[[[132.1338,33.71313],[132.12759,33.72054],[132.1429,33.72927],[132.13901,33.74547],[132.15021,33.7638],[132.15199,33.72893],[132.1338,33.71313]]],[[[132.0229,33.7352],[132.0246,33.73687],[132.0305,33.74014],[132.02921,33.73647],[132.0229,33.7352]]]]}},{"type":"Feature","properties":{"id":7},"geometry":{"type":"MultiPolygon","coordinates":[[[[140.28011,37.97687],[140.3513,37.95047],[140.3567,37.95833],[140.3855,37.95307],[140.38699,37.96753],[140.40781,37.97346],[140.40959,37.96387],[140.4321,37.9544],[140.47501,37.947],[140.4696,37.91986],[140.4882,37.89993],[140.56241,37.9114],[140.5672,37.9228],[140.5921,37.90633],[140.6122,37.9156],[140.62511,37.90033],[140.6613,37.90067],[140.6904,37.88833],[140.68311,37.87433],[140.69189,37.85173],[140.6794,37.83653],[140.6864,37.81487],[140.728,37.78167],[140.7459,37.7884],[140.7995,37.77653],[140.76511,37.7964],[140.7751,37.80647],[140.8526,37.7958],[140.85851,37.81473],[140.85091,37.85133],[140.862,37.86273],[140.8567,37.89127],[140.89911,37.90387],[140.92,37.89273],[140.9312,37.89633],[140.94679,37.85367],[140.9559,37.85967],[140.94951,37.8554],[140.9597,37.8316],[140.9866,37.82407],[140.99051,37.7694],[141.00999,37.7448],[141.0162,37.67147],[141.02789,37.66707],[141.01849,37.66253],[141.0433,37.4812],[141.0349,37.42707],[141.03909,37.36387],[141.0258,37.32373],[141.03641,37.3192],[141.02769,37.32233],[141.0284,37.3148],[141.0368,37.31747],[141.0256,37.31373],[141.01289,37.2532],[141.0166,37.23],[141.0284,37.23767],[141.0125,37.22894],[141.0063,37.21253],[140.9994,37.11094],[140.9825,37.08653],[140.9731,37.03827],[140.9818,36.99487],[140.96719,36.97087],[140.9207,36.93433],[140.91071,36.94447],[140.89629,36.94333],[140.86913,36.93163],[140.8718,36.92267],[140.81779,36.90873],[140.80141,36.894],[140.7863,36.85633],[140.75861,36.87247],[140.7182,36.8724],[140.68111,36.8928],[140.61639,36.90353],[140.5934,36.92793],[140.59399,36.93893],[140.57629,36.9428],[140.5676,36.93687],[140.565,36.91293],[140.5807,36.9046],[140.5919,36.87307],[140.5394,36.8592],[140.5116,36.82233],[140.4879,36.8182],[140.4785,36.79767],[140.4637,36.7918],[140.43851,36.8216],[140.3773,36.838],[140.3631,36.88514],[140.3257,36.8928],[140.31801,36.91286],[140.2941,36.93187],[140.24319,36.94353],[140.2525,36.9628],[140.2408,37.00053],[140.25169,37.00907],[140.24921,37.02607],[140.20461,37.024],[140.19411,37.06413],[140.16029,37.0802],[140.1378,37.1064],[140.0228,37.1432],[139.9026,37.154],[139.83099,37.1324],[139.8163,37.1182],[139.82201,37.08547],[139.7758,37.09167],[139.7529,37.07107],[139.67349,37.05793],[139.6651,37.0406],[139.6268,37.0336],[139.6113,37.0138],[139.5831,37.0154],[139.57739,37.0032],[139.5356,36.98107],[139.49471,36.9682],[139.4848,36.97513],[139.4599,36.96973],[139.4285,36.925],[139.40981,36.9272],[139.3934,36.91093],[139.3718,36.91807],[139.3495,36.91314],[139.3414,36.92793],[139.3047,36.92593],[139.26649,36.94127],[139.2415,36.9302],[139.23109,36.9368],[139.2496,36.9558],[139.24741,36.981],[139.2551,36.98953],[139.24431,37.0146],[139.2601,37.04713],[139.2361,37.1162],[139.2534,37.1648],[139.22121,37.209],[139.19659,37.1942],[139.16479,37.238],[139.2119,37.286],[139.2242,37.31967],[139.2178,37.33427],[139.2336,37.34387],[139.2317,37.38773],[139.20979,37.3946],[139.1972,37.41093],[139.2083,37.41687],[139.21609,37.443],[139.34579,37.46046],[139.3623,37.47007],[139.3976,37.46007],[139.4062,37.466],[139.41431,37.50953],[139.4285,37.5144],[139.4568,37.51813],[139.4754,37.50313],[139.52119,37.5144],[139.5643,37.50227],[139.58521,37.51307],[139.59061,37.528],[139.5661,37.54607],[139.56511,37.5976],[139.5488,37.61133],[139.54941,37.6488],[139.6273,37.68853],[139.6243,37.7098],[139.6497,37.73013],[139.6579,37.75473],[139.7415,37.81793],[139.7114,37.85453],[139.68111,37.8472],[139.7075,37.8562],[139.7422,37.82073],[139.7836,37.83187],[139.8102,37.80347],[139.85851,37.827],[139.88589,37.80986],[139.9256,37.81393],[139.92841,37.82787],[139.93739,37.82847],[139.9585,37.81413],[139.9782,37.76646],[139.99271,37.75893],[140.0354,37.7676],[140.04939,37.77927],[140.0692,37.75813],[140.0869,37.7582],[140.0999,37.74053],[140.11751,37.7346],[140.16699,37.75733],[140.2373,37.74673],[140.2988,37.809],[140.2627,37.83553],[140.2701,37.8672],[140.26601,37.91307],[140.2811,37.9418],[140.2724,37.96887],[140.28011,37.97687]]]]}},{"type":"Feature","properties":{"id":17},"geometry":{"type":"MultiPolygon","coordinates":[[[[136.9138,37.84467],[136.9221,37.8552],[136.91859,37.84987],[136.9138,37.84467]]],[[[136.9019,37.60887],[136.897,37.61013],[136.8988,37.61273],[136.9019,37.60887]]],[[[136.87711,37.58673],[136.87469,37.5896],[136.87531,37.59027],[136.8757,37.5902],[136.87711,37.58673]]],[[[136.85541,37.5872],[136.8535,37.58887],[136.8548,37.58887],[136.85541,37.58773],[136.85541,37.5872]]],[[[137.08569,37.46627],[137.0936,37.47913],[137.1218,37.49133],[137.2077,37.50613],[137.27679,37.53347],[137.3275,37.5296],[137.3291,37.51953],[137.34489,37.51573],[137.351,37.5032],[137.33971,37.48673],[137.3605,37.4518],[137.34039,37.44114],[137.28979,37.4426],[137.25681,37.4318],[137.2374,37.38947],[137.2388,37.37353],[137.252,37.35307],[137.2672,37.35613],[137.2525,37.34067],[137.26759,37.33653],[137.2468,37.30747],[137.23151,37.31107],[137.23441,37.298],[137.15871,37.3],[137.15089,37.30687],[137.15289,37.29533],[137.1443,37.2992],[137.09889,37.27913],[137.09399,37.25713],[137.0667,37.2286],[137.0688,37.21807],[137.02541,37.20493],[137.03349,37.19573],[137.0105,37.18347],[136.9818,37.2054],[136.9576,37.2086],[136.95239,37.2204],[136.946,37.21633],[136.9639,37.2354],[136.9442,37.23227],[136.9433,37.22467],[136.9249,37.23347],[136.9319,37.22073],[136.91589,37.22747],[136.9064,37.21793],[136.9225,37.2148],[136.9261,37.1992],[136.9071,37.20347],[136.9117,37.1934],[136.8728,37.14467],[136.87939,37.1356],[136.88519,37.14373],[136.8996,37.13753],[136.8927,37.11134],[136.85899,37.10627],[136.87131,37.08653],[136.85851,37.07273],[136.8877,37.0686],[136.90581,37.07727],[136.911,37.0908],[136.9355,37.08653],[136.9436,37.0838],[136.93629,37.07927],[136.94,37.06807],[136.9623,37.06753],[136.95551,37.05733],[136.9709,37.04767],[137.0041,37.0574],[137.0136,37.09067],[137.02991,37.10713],[137.0574,37.10813],[137.0493,37.09893],[137.0466,37.03907],[137.0565,36.96807],[137.05161,36.95953],[137.03729,36.96727],[136.98579,36.96673],[136.9725,36.9446],[136.9534,36.95627],[136.93069,36.9506],[136.9142,36.93053],[136.8954,36.92493],[136.8793,36.9068],[136.8813,36.8752],[136.86211,36.86053],[136.86681,36.85087],[136.8562,36.84007],[136.8537,36.79427],[136.843,36.78193],[136.8522,36.76973],[136.84731,36.7578],[136.81931,36.73073],[136.7961,36.72987],[136.78909,36.71847],[136.81509,36.69993],[136.81081,36.6852],[136.821,36.68274],[136.8235,36.66987],[136.7858,36.62973],[136.7836,36.61473],[136.79179,36.569],[136.81689,36.55207],[136.79469,36.50807],[136.80229,36.49033],[136.78799,36.45293],[136.7964,36.44447],[136.7688,36.4234],[136.7953,36.39987],[136.8073,36.35847],[136.7841,36.3422],[136.7921,36.29913],[136.8145,36.26633],[136.8326,36.26607],[136.8515,36.2484],[136.7984,36.1728],[136.7657,36.16113],[136.77881,36.1336],[136.7542,36.08653],[136.6745,36.06767],[136.6582,36.06973],[136.6514,36.09127],[136.55161,36.155],[136.50681,36.14673],[136.4894,36.159],[136.4642,36.13833],[136.44009,36.1374],[136.40919,36.17187],[136.3595,36.16553],[136.34399,36.17294],[136.32899,36.20207],[136.3318,36.22933],[136.3002,36.2584],[136.2661,36.26567],[136.2578,36.28887],[136.2437,36.2956],[136.2993,36.35193],[136.3479,36.36707],[136.4158,36.41987],[136.57449,36.58653],[136.6691,36.70127],[136.7522,36.84927],[136.76669,36.90207],[136.7652,36.91987],[136.7487,36.93093],[136.7682,36.96387],[136.7674,37.0016],[136.74339,37.01227],[136.74609,37.03013],[136.7226,37.05573],[136.72701,37.13393],[136.7099,37.1492],[136.68449,37.13593],[136.6701,37.14907],[136.67999,37.2064],[136.70039,37.22313],[136.7,37.24227],[136.72121,37.25687],[136.73491,37.2862],[136.7249,37.29387],[136.7249,37.32753],[136.73779,37.348],[136.7511,37.34493],[136.756,37.36433],[136.8006,37.376],[136.8425,37.4004],[136.89709,37.40687],[136.9243,37.39533],[137.0291,37.433],[137.04579,37.45033],[137.08569,37.46627]]],[[[136.9464,37.09146],[136.938,37.11613],[136.90691,37.1334],[136.90131,37.152],[136.92619,37.14467],[136.92419,37.13087],[136.9408,37.1464],[136.97571,37.14027],[136.967,37.15513],[137.00681,37.13627],[137.02299,37.14407],[137.03549,37.168],[137.05389,37.14973],[137.0408,37.13973],[137.0498,37.1234],[137.04019,37.11747],[137.02249,37.11153],[136.9968,37.11973],[136.9758,37.09773],[136.96519,37.1048],[136.9464,37.09146]]],[[[136.8923,37.102],[136.89059,37.10307],[136.8904,37.10887],[136.89169,37.10893],[136.8924,37.10413],[136.8923,37.102]]]]}},{"type":"Feature","properties":{"id":18},"geometry":{"type":"MultiPolygon","coordinates":[[[[136.2437,36.2956],[136.2578,36.28887],[136.2661,36.26567],[136.3002,36.2584],[136.3318,36.22933],[136.33569,36.1846],[136.3595,36.16553],[136.40919,36.17187],[136.4317,36.14347],[136.4565,36.1364],[136.4894,36.159],[136.50681,36.14673],[136.55161,36.155],[136.6514,36.09127],[136.6637,36.0676],[136.754,36.0864],[136.76379,36.06773],[136.733,36.04933],[136.72639,35.99593],[136.7507,35.9904],[136.75349,35.95626],[136.7915,35.94673],[136.78439,35.9244],[136.8116,35.91253],[136.8221,35.8962],[136.8284,35.84893],[136.8026,35.84386],[136.78909,35.79947],[136.7645,35.81027],[136.74139,35.80133],[136.7233,35.8082],[136.71021,35.79287],[136.6769,35.793],[136.66,35.78347],[136.6449,35.80687],[136.6218,35.78687],[136.59959,35.7986],[136.57091,35.7776],[136.5233,35.78827],[136.50569,35.7504],[136.4854,35.776],[136.43311,35.77467],[136.3775,35.7952],[136.32829,35.77513],[136.31889,35.74913],[136.32359,35.71687],[136.2916,35.6908],[136.2986,35.67767],[136.28059,35.65866],[136.23199,35.6826],[136.21271,35.6822],[136.185,35.70373],[136.14999,35.6978],[136.1342,35.66987],[136.14771,35.66253],[136.1767,35.59613],[136.16679,35.58347],[136.1685,35.56547],[136.1133,35.58287],[136.1051,35.5288],[136.0831,35.5404],[136.0699,35.5266],[136.0491,35.5346],[136.02609,35.5296],[136.00591,35.4916],[135.98151,35.4868],[135.9398,35.5204],[135.9164,35.4696],[135.9131,35.4314],[135.8927,35.41986],[135.8904,35.4038],[135.8616,35.39507],[135.8528,35.41153],[135.81509,35.41313],[135.8071,35.38527],[135.7905,35.38667],[135.7684,35.35607],[135.71851,35.35527],[135.7007,35.34373],[135.64191,35.3668],[135.5285,35.37973],[135.5253,35.42067],[135.4958,35.42507],[135.4968,35.43773],[135.45911,35.46753],[135.4754,35.48907],[135.4743,35.507],[135.44901,35.52353],[135.4646,35.55093],[135.4865,35.558],[135.46851,35.52993],[135.4832,35.53387],[135.4801,35.52227],[135.4897,35.53027],[135.50121,35.5238],[135.50909,35.53467],[135.4955,35.54093],[135.49991,35.554],[135.5177,35.54987],[135.50819,35.5032],[135.53419,35.48893],[135.55139,35.49707],[135.57561,35.4932],[135.619,35.51987],[135.631,35.53753],[135.6609,35.5476],[135.6689,35.5252],[135.657,35.53127],[135.6282,35.52187],[135.64079,35.51973],[135.64191,35.50813],[135.6264,35.4892],[135.5807,35.48993],[135.6317,35.47853],[135.65269,35.47847],[135.6622,35.4938],[135.71809,35.48433],[135.7444,35.49953],[135.7506,35.5302],[135.7639,35.53613],[135.7363,35.53506],[135.71831,35.5202],[135.7169,35.54013],[135.6888,35.5496],[135.7132,35.569],[135.7486,35.56647],[135.7574,35.543],[135.771,35.5468],[135.7646,35.5568],[135.7926,35.54173],[135.7854,35.53647],[135.7979,35.52513],[135.81351,35.5294],[135.8123,35.537],[135.8336,35.53627],[135.8011,35.57133],[135.81039,35.57693],[135.83931,35.5632],[135.8557,35.59167],[135.85361,35.603],[135.83231,35.60307],[135.8268,35.61027],[135.83839,35.621],[135.82401,35.6242],[135.8233,35.6316],[135.8326,35.6302],[135.8152,35.63253],[135.8143,35.64233],[135.845,35.63573],[135.84309,35.62813],[135.8588,35.62326],[135.8658,35.6086],[135.8838,35.61753],[135.8929,35.61167],[135.90649,35.6248],[135.9088,35.61346],[135.9212,35.60953],[135.9375,35.61453],[135.94839,35.63287],[135.9621,35.62233],[135.9801,35.62987],[135.9859,35.6414],[135.96359,35.65627],[135.97571,35.696],[135.9709,35.7118],[135.96251,35.69987],[135.95551,35.703],[135.9539,35.72053],[136.01691,35.76387],[136.0374,35.73893],[136.0217,35.7488],[136.04291,35.70593],[136.0439,35.69207],[136.02499,35.6806],[136.04359,35.65873],[136.0737,35.66247],[136.0713,35.67947],[136.08569,35.68513],[136.07899,35.70473],[136.09731,35.72413],[136.0963,35.73573],[136.08611,35.73827],[136.1011,35.7532],[136.10001,35.77713],[136.0694,35.82487],[135.9944,35.88787],[135.9968,35.93553],[135.9575,35.9816],[135.9639,35.99767],[136.0108,36.03407],[136.0282,36.0958],[136.0468,36.10853],[136.05431,36.12827],[136.095,36.1568],[136.1124,36.20527],[136.1143,36.1928],[136.1293,36.19193],[136.1308,36.20527],[136.1187,36.20027],[136.1342,36.2232],[136.1246,36.25087],[136.17259,36.2532],[136.2437,36.2956]]],[[[136.11729,36.25034],[136.1178,36.2532],[136.1201,36.2538],[136.1207,36.2532],[136.1207,36.25147],[136.11729,36.25034]]],[[[135.8027,35.6304],[135.80341,35.63947],[135.80591,35.63927],[135.806,35.6356],[135.8062,35.6322],[135.8027,35.6304]]]]}},{"type":"Feature","properties":{"id":38},"geometry":{"type":"MultiPolygon","coordinates":[[[[132.95911,34.19107],[132.94231,34.20887],[132.9558,34.22387],[132.9648,34.2194],[132.9641,34.22733],[132.98779,34.22333],[132.9933,34.24393],[132.9863,34.24747],[132.99429,34.252],[132.9874,34.26294],[132.964,34.2634],[132.98979,34.27526],[132.98351,34.2906],[133.024,34.29547],[133.0444,34.2604],[133.05569,34.25813],[133.058,34.22013],[132.95911,34.19107]]],[[[133.20551,34.2386],[133.19861,34.26813],[133.2282,34.2922],[133.2363,34.27747],[133.2088,34.25867],[133.2186,34.24953],[133.20551,34.2386]]],[[[133.17329,34.28653],[133.1722,34.2868],[133.16969,34.29033],[133.16969,34.29093],[133.17329,34.28653]]],[[[133.1636,34.28513],[133.1611,34.287],[133.1615,34.28814],[133.1618,34.28973],[133.1638,34.2874],[133.1636,34.28513]]],[[[133.17841,34.25613],[133.16679,34.27253],[133.1696,34.2852],[133.18651,34.26873],[133.17841,34.25613]]],[[[133.13271,34.24093],[133.1326,34.26567],[133.1514,34.2806],[133.16521,34.25647],[133.13271,34.24093]]],[[[133.18069,34.22693],[133.18401,34.24973],[133.1972,34.25426],[133.18069,34.22693]]],[[[132.9491,34.24193],[132.9489,34.2496],[132.9567,34.24333],[132.9491,34.24193]]],[[[133.1521,34.23286],[133.15669,34.24513],[133.1716,34.24153],[133.1521,34.23286]]],[[[133.1102,34.191],[133.09579,34.20467],[133.0827,34.19313],[133.0705,34.20953],[133.05681,34.20827],[133.0665,34.21873],[133.0627,34.23413],[133.0771,34.22967],[133.1066,34.2414],[133.1066,34.22113],[133.133,34.21427],[133.1391,34.22133],[133.1367,34.21007],[133.1165,34.2048],[133.1259,34.19533],[133.1102,34.191]]],[[[133.2513,34.22933],[133.2565,34.23147],[133.26151,34.234],[133.2513,34.22933]]],[[[133.14861,34.2158],[133.1534,34.22827],[133.1559,34.22507],[133.14861,34.2158]]],[[[132.93311,34.19893],[132.9308,34.20033],[132.9335,34.20206],[132.936,34.20553],[132.9377,34.20187],[132.93311,34.19893]]],[[[132.93289,34.18287],[132.91721,34.18847],[132.923,34.20187],[132.93289,34.18287]]],[[[133.2688,34.1826],[133.2711,34.19927],[133.276,34.18513],[133.2688,34.1826]]],[[[132.8811,34.1748],[132.86191,34.19413],[132.89059,34.19226],[132.8811,34.1748]]],[[[133.07651,34.1938],[133.0739,34.19413],[133.0715,34.19587],[133.073,34.19567],[133.0743,34.19593],[133.07651,34.1938]]],[[[133.0343,34.10767],[133.01199,34.11047],[133.02251,34.12487],[133.0137,34.1274],[133.0228,34.15407],[133.0399,34.14967],[133.03459,34.16986],[133.02141,34.1768],[133.0289,34.1918],[133.0663,34.19173],[133.0825,34.1694],[133.1105,34.17853],[133.10071,34.1588],[133.0827,34.15393],[133.0343,34.10767]]],[[[133.0836,34.182],[133.0873,34.19407],[133.0937,34.19093],[133.0836,34.182]]],[[[132.8981,34.18547],[132.8979,34.19013],[132.90739,34.19213],[132.8981,34.18547]]],[[[132.93629,34.1876],[132.93671,34.1896],[132.94141,34.191],[132.9427,34.19087],[132.94141,34.18867],[132.9379,34.18767],[132.93629,34.1876]]],[[[133.3165,34.1702],[133.30771,34.18333],[133.3253,34.1804],[133.32739,34.17294],[133.3165,34.1702]]],[[[133.36281,34.16287],[133.3582,34.16986],[133.3588,34.17307],[133.3632,34.16986],[133.36479,34.1678],[133.36281,34.16287]]],[[[133.0076,34.14753],[132.989,34.15413],[132.9968,34.15887],[133.0076,34.14753]]],[[[132.53059,33.63747],[132.5809,33.65213],[132.661,33.7076],[132.6768,33.74407],[132.7,33.7614],[132.6929,33.78467],[132.6996,33.787],[132.6893,33.7882],[132.68269,33.80833],[132.6951,33.8098],[132.6869,33.83273],[132.70959,33.85407],[132.7059,33.86694],[132.718,33.86493],[132.698,33.87787],[132.7002,33.88547],[132.70891,33.9072],[132.73,33.89973],[132.7527,33.90933],[132.7737,33.98827],[132.7648,33.99813],[132.799,34.01],[132.8645,34.05954],[132.92101,34.06627],[132.9185,34.08653],[132.9306,34.09407],[132.9261,34.10767],[132.8909,34.11766],[132.92149,34.11633],[132.9408,34.142],[132.96851,34.10733],[132.97679,34.11653],[133.0062,34.06567],[133.0313,34.052],[133.0636,33.97367],[133.0923,33.94073],[133.1071,33.9478],[133.11861,33.94114],[133.11191,33.9306],[133.1183,33.92453],[133.1252,33.9414],[133.1331,33.92713],[133.1674,33.93813],[133.17081,33.92747],[133.1713,33.93967],[133.19521,33.9452],[133.2009,33.93627],[133.1991,33.94587],[133.2541,33.95633],[133.24789,33.97527],[133.255,33.9806],[133.26201,33.96313],[133.26939,33.97514],[133.2787,33.97393],[133.26961,33.9836],[133.3056,33.98287],[133.3196,33.99387],[133.34019,33.9798],[133.33661,33.99187],[133.356,33.97887],[133.4102,33.99067],[133.5127,33.97013],[133.54359,33.9866],[133.5513,33.99467],[133.5408,34.0032],[133.5551,34.00093],[133.5531,34.00993],[133.5596,34.00713],[133.567,34.02287],[133.5713,34.01786],[133.5979,34.0436],[133.6393,34.02587],[133.6658,34.02627],[133.6841,34.0072],[133.6745,33.98347],[133.6918,33.962],[133.692,33.9458],[133.67551,33.92633],[133.6891,33.91607],[133.6602,33.8816],[133.62759,33.87213],[133.5974,33.88027],[133.5826,33.8676],[133.5518,33.88207],[133.4968,33.82933],[133.41541,33.83967],[133.3914,33.82467],[133.35519,33.8342],[133.32581,33.81453],[133.2767,33.8308],[133.2569,33.79427],[133.2365,33.7828],[133.2205,33.78027],[133.19321,33.79367],[133.1821,33.76673],[133.1573,33.7502],[133.16051,33.7314],[133.1394,33.7154],[133.14439,33.70553],[133.1201,33.69107],[133.1161,33.66034],[133.0768,33.6534],[133.0676,33.61993],[133.07899,33.6086],[133.0553,33.595],[133.04601,33.5754],[133.0612,33.562],[133.063,33.54347],[133.03799,33.5266],[133.0148,33.4808],[132.9557,33.46627],[132.8474,33.47907],[132.81129,33.4656],[132.80769,33.4544],[132.825,33.4462],[132.83569,33.39953],[132.853,33.39807],[132.8606,33.36747],[132.88789,33.35793],[132.9015,33.3386],[132.8951,33.31213],[132.7933,33.27453],[132.7724,33.24167],[132.77499,33.2062],[132.74091,33.20066],[132.7278,33.16986],[132.6955,33.13833],[132.6869,33.13486],[132.6338,33.17827],[132.6349,33.18633],[132.6189,33.18087],[132.6142,33.16933],[132.63071,33.15007],[132.62891,33.13233],[132.666,33.09773],[132.6687,33.07167],[132.657,33.057],[132.6777,33.033],[132.6908,32.97387],[132.68089,32.96453],[132.68379,32.94947],[132.65179,32.93907],[132.6546,32.92487],[132.5977,32.9126],[132.5856,32.9346],[132.6015,32.9468],[132.5771,32.9382],[132.57269,32.946],[132.5481,32.94527],[132.5679,32.9294],[132.5139,32.94987],[132.5045,32.94113],[132.5265,32.93267],[132.4968,32.91734],[132.5265,32.9148],[132.4912,32.89807],[132.47209,32.90667],[132.4772,32.92093],[132.45979,32.938],[132.49001,32.9398],[132.5023,32.95573],[132.47009,32.9698],[132.4968,32.98747],[132.5045,32.97947],[132.49429,32.96393],[132.55341,32.9602],[132.5369,32.97353],[132.5116,32.9768],[132.49449,33.0178],[132.4848,33.01014],[132.48129,33.04913],[132.47,33.03947],[132.4704,33.0488],[132.4498,33.04833],[132.45129,33.035],[132.43851,33.05053],[132.4299,33.04533],[132.4285,33.05273],[132.4086,33.05587],[132.4113,33.03873],[132.4034,33.0346],[132.411,33.02727],[132.4008,33.02767],[132.395,33.01307],[132.3777,33.02267],[132.3947,33.02747],[132.4028,33.04393],[132.3967,33.0562],[132.414,33.0724],[132.4122,33.06313],[132.42439,33.06713],[132.43175,33.05308],[132.44611,33.06547],[132.4478,33.05587],[132.4781,33.06473],[132.4827,33.05613],[132.4881,33.06513],[132.47791,33.084],[132.47209,33.07033],[132.461,33.0758],[132.4698,33.0812],[132.46201,33.09307],[132.48019,33.0982],[132.47,33.099],[132.46651,33.1176],[132.44611,33.12407],[132.4682,33.12653],[132.46941,33.1148],[132.48309,33.1244],[132.4976,33.12033],[132.5013,33.1304],[132.4771,33.14133],[132.47411,33.1348],[132.4525,33.1422],[132.45171,33.13213],[132.4407,33.13767],[132.44299,33.14713],[132.4241,33.15587],[132.4319,33.15327],[132.431,33.16947],[132.4641,33.17113],[132.4212,33.20853],[132.4055,33.20507],[132.42,33.21413],[132.44611,33.20047],[132.4577,33.21073],[132.4599,33.182],[132.47009,33.17613],[132.481,33.18567],[132.47639,33.16986],[132.4847,33.16453],[132.49541,33.17133],[132.49229,33.18373],[132.50259,33.18027],[132.5005,33.16986],[132.5146,33.17067],[132.5076,33.19407],[132.4893,33.19587],[132.5041,33.19593],[132.4991,33.20353],[132.5112,33.21313],[132.5432,33.2134],[132.5407,33.22667],[132.55949,33.22213],[132.5508,33.22486],[132.558,33.22553],[132.5504,33.22673],[132.5529,33.2366],[132.53889,33.23507],[132.5199,33.24813],[132.539,33.2572],[132.5421,33.2706],[132.50909,33.25913],[132.48109,33.2744],[132.476,33.26847],[132.48309,33.26567],[132.46829,33.2552],[132.4821,33.28893],[132.50639,33.30534],[132.5258,33.30547],[132.5226,33.31493],[132.4977,33.31173],[132.4921,33.32547],[132.49001,33.316],[132.4669,33.3188],[132.4518,33.3088],[132.4312,33.3198],[132.4173,33.30333],[132.3923,33.3194],[132.37109,33.31807],[132.3756,33.33653],[132.3904,33.3388],[132.39149,33.3472],[132.4104,33.3434],[132.4082,33.35273],[132.4193,33.35647],[132.4061,33.3596],[132.41879,33.38253],[132.38319,33.36173],[132.3882,33.3718],[132.37801,33.3846],[132.3956,33.3988],[132.3924,33.41353],[132.3795,33.41607],[132.39661,33.4298],[132.40511,33.42367],[132.4149,33.44387],[132.38229,33.44193],[132.40691,33.44647],[132.4193,33.4624],[132.38651,33.4596],[132.3907,33.4688],[132.39951,33.4654],[132.39059,33.47654],[132.3736,33.46027],[132.353,33.488],[132.34129,33.4846],[132.3492,33.47247],[132.323,33.4726],[132.31641,33.45147],[132.299,33.47447],[132.2798,33.44693],[132.1832,33.41233],[132.15359,33.3904],[132.15221,33.3736],[132.10249,33.36187],[132.11971,33.38654],[132.0954,33.3872],[132.0119,33.3442],[132.1203,33.41987],[132.1329,33.403],[132.1375,33.42053],[132.1541,33.40693],[132.1644,33.41107],[132.1675,33.41987],[132.14729,33.43314],[132.15579,33.4396],[132.175,33.4274],[132.17351,33.4468],[132.1967,33.44367],[132.19839,33.4556],[132.2233,33.44453],[132.22501,33.45807],[132.24069,33.46533],[132.2594,33.44987],[132.265,33.46647],[132.2579,33.47353],[132.2767,33.47287],[132.41721,33.54433],[132.4774,33.6162],[132.53059,33.63747]]],[[[132.9736,34.12207],[132.9747,34.12646],[132.9803,34.12907],[132.9823,34.12907],[132.98329,34.12847],[132.98061,34.12393],[132.9736,34.12207]]],[[[133.15849,34.11807],[133.15421,34.1226],[133.15781,34.1248],[133.15941,34.12387],[133.15849,34.11807]]],[[[133.18069,34.1158],[133.1851,34.12333],[133.18629,34.12027],[133.18069,34.1158]]],[[[132.9911,34.11247],[132.9886,34.119],[132.99181,34.1224],[132.99361,34.122],[132.9958,34.11787],[132.9949,34.11327],[132.9911,34.11247]]],[[[133.1877,34.10353],[133.1787,34.1098],[133.18581,34.108],[133.1877,34.10353]]],[[[132.70219,34.06593],[132.7052,34.07193],[132.71111,34.06953],[132.70219,34.06593]]],[[[133.1122,34.0602],[133.1098,34.0604],[133.10941,34.06033],[133.10741,34.06187],[133.1122,34.0602]]],[[[133.1044,34.05673],[133.09779,34.057],[133.1011,34.05867],[133.1044,34.05673]]],[[[132.588,34.02467],[132.5858,34.02567],[132.5945,34.0314],[132.59351,34.02673],[132.588,34.02467]]],[[[133.09441,34.01893],[133.09019,34.02193],[133.09669,34.02487],[133.099,34.02253],[133.09441,34.01893]]],[[[132.6002,33.9428],[132.578,33.9692],[132.60899,33.9946],[132.6218,33.9926],[132.64439,34.01814],[132.6514,34.0142],[132.6402,34.0032],[132.64349,33.97907],[132.62939,33.97453],[132.6411,33.95647],[132.61481,33.957],[132.6002,33.9428]]],[[[133.36101,33.99027],[133.3501,33.99873],[133.3662,34.00747],[133.36101,33.99027]]],[[[132.5408,33.96127],[132.53419,33.9886],[132.5648,33.99387],[132.5408,33.96127]]],[[[132.4933,33.9648],[132.5032,33.989],[132.52271,33.98827],[132.4933,33.9648]]],[[[132.6871,33.96513],[132.689,33.9778],[132.69769,33.96587],[132.6871,33.96513]]],[[[132.76331,33.97234],[132.76129,33.974],[132.7643,33.9756],[132.76581,33.97407],[132.7646,33.97267],[132.76331,33.97234]]],[[[132.65671,33.9512],[132.6488,33.95974],[132.6601,33.97487],[132.67191,33.96927],[132.6741,33.95167],[132.65671,33.9512]]],[[[132.52879,33.926],[132.5154,33.93193],[132.5531,33.93693],[132.52879,33.926]]],[[[132.5602,33.9256],[132.5553,33.92807],[132.55569,33.92807],[132.5614,33.9266],[132.5602,33.9256]]],[[[132.6689,33.87053],[132.66161,33.87653],[132.6675,33.8974],[132.6524,33.8992],[132.6593,33.9106],[132.6761,33.91034],[132.68089,33.92173],[132.7007,33.92713],[132.6927,33.90474],[132.6731,33.90073],[132.6891,33.8764],[132.6689,33.87053]]],[[[132.64101,33.88614],[132.6371,33.8952],[132.6449,33.89113],[132.6451,33.88773],[132.64101,33.88614]]],[[[132.53059,33.84433],[132.51511,33.85254],[132.52899,33.85553],[132.53059,33.84433]]],[[[132.4744,33.7326],[132.48329,33.73813],[132.48801,33.7356],[132.4744,33.7326]]],[[[132.34731,33.4526],[132.34419,33.4574],[132.3513,33.45907],[132.34731,33.4526]]],[[[132.3654,33.43787],[132.3571,33.43874],[132.366,33.43987],[132.3654,33.43787]]],[[[132.34109,33.38073],[132.33479,33.39107],[132.34419,33.39593],[132.34109,33.38073]]],[[[132.3582,33.36913],[132.3438,33.3786],[132.3662,33.37693],[132.3582,33.36913]]],[[[132.5193,33.2176],[132.507,33.22967],[132.5164,33.2404],[132.53391,33.22627],[132.5193,33.2176]]],[[[132.364,33.22413],[132.36011,33.22573],[132.3622,33.23027],[132.364,33.22413]]],[[[132.36279,33.18793],[132.3403,33.20633],[132.36459,33.2076],[132.3746,33.22053],[132.3822,33.20927],[132.3606,33.20253],[132.36279,33.18793]]],[[[132.4771,33.2138],[132.48399,33.2168],[132.4874,33.215],[132.4771,33.2138]]],[[[132.4012,33.1848],[132.3885,33.19853],[132.3938,33.2058],[132.4175,33.19573],[132.4012,33.1848]]],[[[132.2686,33.18827],[132.2606,33.18907],[132.2597,33.19033],[132.2646,33.18907],[132.2668,33.1894],[132.26891,33.18907],[132.2686,33.18827]]],[[[132.2709,33.18567],[132.2695,33.18793],[132.27119,33.187],[132.2715,33.18667],[132.2709,33.18567]]],[[[132.36909,33.181],[132.368,33.18373],[132.366,33.18687],[132.3718,33.18587],[132.3741,33.183],[132.3718,33.18227],[132.36909,33.181]]],[[[132.28909,33.1628],[132.26601,33.16807],[132.26089,33.18347],[132.2765,33.17113],[132.29469,33.1794],[132.28909,33.1628]]],[[[132.39771,33.1804],[132.3999,33.183],[132.40331,33.18273],[132.4064,33.18293],[132.4019,33.1806],[132.39771,33.1804]]],[[[132.39529,33.16273],[132.39211,33.16347],[132.39571,33.1678],[132.397,33.1666],[132.3972,33.16627],[132.39529,33.16273]]],[[[132.3112,33.14813],[132.2868,33.15947],[132.3102,33.16373],[132.3047,33.153],[132.3112,33.14813]]],[[[132.32021,33.15107],[132.3371,33.161],[132.33009,33.15313],[132.32021,33.15107]]],[[[132.4254,33.1118],[132.4212,33.1122],[132.41791,33.11187],[132.4202,33.11353],[132.4254,33.1118]]],[[[132.4124,33.10207],[132.4151,33.11147],[132.4151,33.10347],[132.4124,33.10207]]],[[[132.3179,33.10173],[132.32739,33.109],[132.3364,33.10627],[132.3179,33.10173]]],[[[132.436,32.93987],[132.4478,32.94714],[132.4528,32.94254],[132.436,32.93987]]],[[[132.40269,32.93347],[132.4045,32.946],[132.4043,32.9394],[132.40269,32.93347]]],[[[132.42931,32.92907],[132.431,32.93153],[132.4315,32.92993],[132.4315,32.9296],[132.42931,32.92907]]],[[[132.5376,32.91147],[132.5368,32.91173],[132.53619,32.91227],[132.5367,32.9128],[132.5376,32.91147]]],[[[132.5632,32.91047],[132.55969,32.9108],[132.558,32.9108],[132.5569,32.91233],[132.5632,32.91047]]]]}},{"type":"Feature","properties":{"id":29},"geometry":{"type":"MultiPolygon","coordinates":[[[[135.71159,34.78127],[135.72839,34.77787],[135.7334,34.75467],[135.7551,34.72747],[135.8486,34.70593],[135.89,34.70867],[135.89819,34.73147],[135.9254,34.75753],[135.9254,34.74027],[135.94279,34.738],[135.955,34.74767],[135.9754,34.74093],[135.9859,34.71513],[136.00551,34.71693],[136.01399,34.70773],[136.0285,34.7062],[136.04269,34.73607],[136.05521,34.7384],[136.06999,34.71367],[136.0533,34.70514],[136.07469,34.6976],[136.08549,34.67627],[136.06351,34.65213],[136.0403,34.66333],[136.06461,34.65133],[136.07249,34.6366],[136.0463,34.6002],[136.0495,34.58007],[136.08411,34.55927],[136.1106,34.55593],[136.1142,34.54593],[136.13831,34.56073],[136.15559,34.55873],[136.17149,34.53413],[136.1671,34.52],[136.21629,34.52806],[136.21471,34.5032],[136.229,34.49406],[136.2059,34.44853],[136.09579,34.4352],[136.0687,34.39353],[136.08611,34.37827],[136.1017,34.33653],[136.1292,34.31593],[136.0947,34.301],[136.1311,34.25167],[136.1102,34.2292],[136.1165,34.21233],[136.09309,34.1956],[136.1086,34.18433],[136.10451,34.17287],[136.11411,34.15933],[136.099,34.11873],[136.103,34.09547],[136.11819,34.0822],[136.0927,34.0826],[136.09239,34.0478],[136.1033,34.02553],[136.04359,34.04047],[136.0186,34.03587],[135.9848,33.9922],[135.94121,33.9752],[135.9268,33.98107],[135.8934,33.94807],[135.9086,33.9184],[135.8933,33.91987],[135.8942,33.906],[135.8651,33.91987],[135.8607,33.887],[135.88229,33.87873],[135.8718,33.8588],[135.8479,33.8956],[135.8082,33.90647],[135.8013,33.89573],[135.75571,33.88507],[135.728,33.90113],[135.6866,33.90387],[135.66119,33.8978],[135.64751,33.8768],[135.6183,33.87187],[135.6218,33.89807],[135.59961,33.90807],[135.6093,33.91253],[135.61729,33.95427],[135.6362,33.95033],[135.6356,33.9908],[135.6218,34.0094],[135.5955,34.01153],[135.59891,34.03153],[135.58,34.05693],[135.5396,34.075],[135.54671,34.09993],[135.5766,34.115],[135.5905,34.149],[135.6218,34.1596],[135.6445,34.1884],[135.63429,34.20373],[135.64751,34.21867],[135.67551,34.22327],[135.70731,34.2082],[135.72971,34.22827],[135.715,34.26547],[135.6925,34.2778],[135.6824,34.27],[135.673,34.28067],[135.6507,34.3832],[135.6754,34.39953],[135.6799,34.40827],[135.6647,34.424],[135.6864,34.45087],[135.6842,34.4854],[135.673,34.5032],[135.67661,34.5246],[135.6505,34.54493],[135.6815,34.58493],[135.67529,34.60127],[135.6503,34.60873],[135.6778,34.67927],[135.6727,34.70167],[135.7038,34.72393],[135.6965,34.74367],[135.7095,34.7532],[135.71159,34.78127]]]]}},{"type":"Feature","properties":{"id":32},"geometry":{"type":"MultiPolygon","coordinates":[[[[133.248,36.161],[133.2446,36.17713],[133.24231,36.16747],[133.2298,36.16986],[133.24471,36.18967],[133.2238,36.1886],[133.2083,36.19873],[133.20731,36.20993],[133.1826,36.21213],[133.19189,36.24367],[133.1767,36.2532],[133.1873,36.28207],[133.18001,36.28814],[133.2039,36.2798],[133.2043,36.2916],[133.1916,36.29087],[133.19521,36.30147],[133.20981,36.3008],[133.20959,36.31093],[133.23151,36.31827],[133.22411,36.32827],[133.2468,36.33453],[133.26221,36.32827],[133.28169,36.34847],[133.29581,36.32933],[133.30881,36.3288],[133.3075,36.31894],[133.32069,36.32753],[133.3239,36.30913],[133.34171,36.31067],[133.3364,36.30647],[133.34419,36.298],[133.36281,36.29707],[133.356,36.29273],[133.36281,36.27873],[133.3853,36.26867],[133.3725,36.25167],[133.36971,36.2062],[133.3387,36.196],[133.3511,36.2124],[133.3443,36.22413],[133.3345,36.20293],[133.3062,36.1996],[133.33411,36.19733],[133.33971,36.16986],[133.2899,36.18],[133.2872,36.17107],[133.2795,36.1882],[133.2775,36.16986],[133.25861,36.16407],[133.25861,36.17266],[133.248,36.161]]],[[[133.1218,36.147],[133.1218,36.14853],[133.1243,36.1478],[133.1218,36.147]]],[[[132.99789,36.03887],[132.9464,36.06433],[132.953,36.07633],[132.9456,36.08],[132.9693,36.09473],[132.9626,36.09733],[132.9771,36.11447],[133.00529,36.10793],[133.0139,36.13773],[133.0544,36.1268],[133.06841,36.14286],[133.0912,36.13913],[133.06911,36.1134],[133.03911,36.10733],[133.0563,36.08327],[133.04311,36.06054],[133.0069,36.07433],[133.0051,36.091],[133.0126,36.09513],[133.0051,36.1058],[133.0031,36.0924],[132.9897,36.09273],[132.9922,36.0844],[132.98601,36.09353],[132.9792,36.08907],[132.99789,36.03887]]],[[[133.1698,36.13367],[133.1702,36.13427],[133.1741,36.14047],[133.1786,36.13787],[133.175,36.13507],[133.1698,36.13367]]],[[[133.0677,36.03513],[133.0791,36.06953],[133.06689,36.076],[133.0742,36.08],[133.0636,36.101],[133.0806,36.10247],[133.08141,36.11427],[133.0896,36.09627],[133.09779,36.11853],[133.13181,36.1114],[133.12691,36.10627],[133.1351,36.10247],[133.117,36.0844],[133.1519,36.07527],[133.1134,36.0786],[133.1176,36.06473],[133.0963,36.07233],[133.1076,36.06253],[133.0965,36.05767],[133.10271,36.05093],[133.088,36.05286],[133.0677,36.03513]]],[[[133.1656,36.10007],[133.15649,36.10407],[133.1629,36.11467],[133.1656,36.10007]]],[[[133.0587,35.99413],[133.05721,36.005],[133.04071,36.01333],[133.03751,36.00087],[133.00591,36.0036],[132.9993,36.0324],[133.0262,36.032],[133.0715,36.011],[133.0587,35.99413]]],[[[133.05031,35.9934],[133.0491,35.99833],[133.0526,36.0028],[133.05031,35.9934]]],[[[133.0771,35.9932],[133.07539,35.99987],[133.0771,35.99973],[133.0788,35.99493],[133.0771,35.9932]]],[[[133.03999,35.99493],[133.03711,35.99713],[133.03911,35.9966],[133.0405,35.99593],[133.03999,35.99493]]],[[[133.24409,35.54913],[133.2175,35.54613],[133.19791,35.5264],[133.2215,35.48146],[133.30209,35.43507],[133.3205,35.40693],[133.314,35.38673],[133.3239,35.37427],[133.2948,35.34653],[133.2919,35.31966],[133.30569,35.30267],[133.299,35.29153],[133.30991,35.26847],[133.2581,35.26153],[133.1528,35.21914],[133.1544,35.2032],[133.16859,35.209],[133.1819,35.20087],[133.1944,35.16987],[133.14931,35.14093],[133.13971,35.11827],[133.1396,35.07566],[133.09641,35.08493],[133.033,35.06827],[132.9902,35.1014],[132.9743,35.08347],[132.94991,35.07547],[132.9088,35.08653],[132.8972,35.10347],[132.8718,35.1018],[132.827,35.0612],[132.8362,35.04733],[132.8139,35.04073],[132.7872,35.0048],[132.76559,34.99653],[132.7679,34.98466],[132.74519,34.97707],[132.7468,34.95933],[132.7198,34.94814],[132.68449,34.95066],[132.6729,34.93193],[132.6333,34.90487],[132.69991,34.88206],[132.7099,34.84993],[132.6972,34.84293],[132.6792,34.85127],[132.6691,34.83294],[132.6601,34.83266],[132.6151,34.84327],[132.56731,34.8064],[132.5536,34.80813],[132.5374,34.79493],[132.5195,34.80373],[132.5051,34.796],[132.45399,34.8012],[132.4346,34.8206],[132.4205,34.814],[132.42279,34.79807],[132.396,34.7794],[132.3718,34.8012],[132.3356,34.79013],[132.3157,34.8014],[132.298,34.77713],[132.27969,34.78347],[132.2776,34.79873],[132.241,34.80593],[132.24181,34.78447],[132.22501,34.7702],[132.2215,34.75027],[132.203,34.7488],[132.13,34.708],[132.1299,34.69893],[132.1557,34.69293],[132.16119,34.68327],[132.12601,34.64133],[132.12959,34.63027],[132.11569,34.61267],[132.1169,34.6026],[132.1299,34.598],[132.12509,34.58253],[132.0838,34.53793],[132.0473,34.52153],[132.0359,34.5022],[132.0583,34.49287],[132.0679,34.46753],[132.02451,34.46233],[132.0135,34.43667],[131.9968,34.42787],[131.9895,34.4142],[132.0125,34.38267],[132.0116,34.36853],[131.9747,34.342],[131.95779,34.3064],[131.91901,34.33773],[131.89911,34.31907],[131.8873,34.32713],[131.8804,34.30867],[131.8333,34.31113],[131.8192,34.3026],[131.7762,34.33347],[131.77721,34.3536],[131.7654,34.36487],[131.7637,34.3816],[131.78329,34.39953],[131.79311,34.4362],[131.75529,34.44],[131.73759,34.4288],[131.6976,34.43507],[131.6992,34.47427],[131.6825,34.47853],[131.6685,34.5106],[131.7048,34.53167],[131.7021,34.5652],[131.7112,34.5628],[131.726,34.57827],[131.71809,34.61206],[131.6942,34.621],[131.6994,34.64853],[131.6837,34.66807],[131.6899,34.681],[131.7027,34.6724],[131.7468,34.67587],[131.8441,34.70873],[131.8701,34.7324],[131.86411,34.7548],[131.8895,34.75813],[131.8965,34.77573],[131.9137,34.77413],[131.9193,34.7862],[131.9299,34.78214],[131.94301,34.79107],[131.9543,34.81573],[131.98711,34.82707],[132.00551,34.84653],[132.0145,34.8598],[132.007,34.8682],[132.02049,34.87273],[132.0184,34.8642],[132.03571,34.8824],[132.05339,34.87173],[132.0601,34.89387],[132.0701,34.89233],[132.0647,34.9076],[132.0768,34.9066],[132.0731,34.91873],[132.1022,34.93327],[132.11189,34.953],[132.14371,34.96387],[132.2354,35.0346],[132.3085,35.0566],[132.3315,35.09747],[132.34489,35.0926],[132.33929,35.10187],[132.38589,35.12867],[132.3907,35.13733],[132.381,35.1468],[132.40199,35.1578],[132.403,35.16987],[132.42039,35.1828],[132.41679,35.19033],[132.44659,35.1976],[132.4865,35.22967],[132.52769,35.24313],[132.53841,35.25727],[132.62599,35.28727],[132.66431,35.33653],[132.6738,35.37493],[132.67149,35.40107],[132.6239,35.41787],[132.62869,35.4352],[132.6409,35.43207],[132.6414,35.44147],[132.67619,35.44747],[132.6861,35.4408],[132.68471,35.4514],[132.71001,35.4418],[132.7505,35.44747],[132.757,35.45633],[132.7269,35.47],[132.7998,35.4836],[132.81461,35.49813],[132.8644,35.51333],[132.9655,35.5148],[132.97459,35.52313],[132.9659,35.526],[132.9687,35.5438],[133.0265,35.53886],[133.03101,35.5578],[133.0441,35.55353],[133.0576,35.56347],[133.06059,35.57053],[133.04781,35.57846],[133.09579,35.57833],[133.0889,35.60366],[133.1115,35.5978],[133.1239,35.5766],[133.13741,35.58187],[133.12939,35.5772],[133.1512,35.55953],[133.1597,35.5716],[133.16499,35.5638],[133.1922,35.5632],[133.19189,35.58013],[133.19501,35.5676],[133.20959,35.56727],[133.21651,35.58153],[133.2339,35.5788],[133.2238,35.57127],[133.29091,35.578],[133.3251,35.56826],[133.24409,35.54913]]],[[[133.12511,35.5882],[133.1194,35.59106],[133.1272,35.596],[133.12511,35.5882]]],[[[133.2424,35.5792],[133.2346,35.57927],[133.2438,35.58173],[133.2424,35.5792]]],[[[133.0513,35.5648],[133.04851,35.56693],[133.049,35.56767],[133.0499,35.56673],[133.052,35.5686],[133.0513,35.5648]]],[[[132.3969,35.16987],[132.39549,35.16987],[132.396,35.17013],[132.3969,35.16987]]],[[[132.3976,35.16853],[132.3974,35.16987],[132.39799,35.16987],[132.3976,35.16853]]],[[[132.39999,35.16907],[132.3985,35.16987],[132.40111,35.16987],[132.39999,35.16907]]],[[[132.0448,34.902],[132.0444,34.9032],[132.05,34.90607],[132.05,34.90327],[132.0448,34.902]]],[[[132.06081,34.89793],[132.05789,34.90207],[132.06259,34.90147],[132.06081,34.89793]]],[[[131.84081,34.8338],[131.8291,34.8374],[131.8373,34.83653],[131.84081,34.8338]]],[[[131.86507,37.24428],[131.86675,37.24157],[131.86295,37.2408],[131.86507,37.24428]]],[[[131.87022,37.24214],[131.8709,37.24035],[131.87024,37.23881],[131.87022,37.24214]]],[[[131.86363,37.24779],[131.86453,37.24677],[131.86338,37.24733],[131.86363,37.24779]]]]}},{"type":"Feature","properties":{"id":3},"geometry":{"type":"MultiPolygon","coordinates":[[[[141.58189,40.37447],[141.58701,40.40747],[141.65469,40.42893],[141.68311,40.45087],[141.7718,40.3458],[141.77499,40.32347],[141.8167,40.27073],[141.83411,40.22053],[141.8074,40.21607],[141.8,40.1988],[141.8127,40.19027],[141.8067,40.19787],[141.79491,40.1906],[141.85269,40.16907],[141.8764,40.14447],[141.8718,40.13547],[141.84309,40.13094],[141.83121,40.11607],[141.8295,40.08653],[141.8515,40.05607],[141.8757,40.04953],[141.90829,40.00927],[141.9364,40.0092],[141.9548,39.98573],[141.96359,39.95353],[141.94099,39.93993],[141.9404,39.91986],[141.97211,39.88293],[141.97859,39.83107],[141.99071,39.82093],[141.98441,39.7898],[142.00461,39.77613],[141.98869,39.76013],[142.00391,39.7522],[141.97211,39.73053],[141.9868,39.72346],[141.9866,39.7106],[141.9686,39.69193],[141.985,39.68747],[141.9713,39.65194],[141.98329,39.6476],[141.9651,39.64013],[141.97009,39.62353],[141.94749,39.59146],[141.95889,39.58653],[142.01671,39.65573],[142.02679,39.65573],[142.0237,39.61527],[142.0345,39.61013],[142.02611,39.6054],[142.0341,39.59887],[142.0269,39.57933],[142.05681,39.57493],[142.0578,39.56113],[142.0692,39.56087],[142.0726,39.54867],[142.06621,39.53433],[142.0529,39.5334],[142.0618,39.5264],[142.0569,39.52213],[142.0338,39.52933],[142.0293,39.50913],[142.01089,39.50033],[142.0096,39.47647],[141.9743,39.482],[141.95419,39.468],[141.9791,39.43953],[141.98979,39.45087],[142.0043,39.44607],[142.00931,39.46473],[142.03711,39.4834],[142.0506,39.48493],[142.0607,39.47194],[142.0394,39.44567],[142.04401,39.42547],[142.0296,39.41613],[142.0098,39.42613],[142.01089,39.415],[141.9868,39.40913],[141.976,39.42747],[141.9393,39.387],[141.9471,39.37193],[141.9679,39.37513],[141.95821,39.35773],[141.9407,39.349],[141.9156,39.3568],[141.9157,39.346],[141.89931,39.33653],[141.91541,39.32453],[141.92371,39.33327],[141.9753,39.33807],[141.9976,39.3522],[141.97121,39.31373],[141.88789,39.30373],[141.9247,39.2862],[141.9292,39.26813],[141.8895,39.2742],[141.9034,39.25687],[141.8922,39.2466],[141.9129,39.2482],[141.9201,39.23846],[141.9285,39.24713],[141.97121,39.24907],[141.94479,39.2414],[141.9565,39.2228],[141.94879,39.21827],[141.9259,39.22253],[141.92751,39.2154],[141.9048,39.20587],[141.888,39.20913],[141.8907,39.198],[141.8692,39.2072],[141.86659,39.19267],[141.8909,39.18187],[141.9229,39.18493],[141.92171,39.1786],[141.8851,39.15546],[141.8521,39.15667],[141.83749,39.1462],[141.8718,39.13107],[141.87419,39.11607],[141.90019,39.11973],[141.9218,39.10513],[141.88181,39.08447],[141.8586,39.10427],[141.81151,39.11213],[141.80991,39.08907],[141.8242,39.08653],[141.82179,39.07727],[141.8755,39.06513],[141.8143,39.0574],[141.8531,39.02973],[141.802,39.0246],[141.7977,39.04327],[141.7834,39.0282],[141.76959,39.03493],[141.763,39.02007],[141.73351,39.02033],[141.72839,39.0286],[141.7374,39.0304],[141.73109,39.03393],[141.741,39.051],[141.7299,39.07113],[141.7231,39.0666],[141.7252,39.0412],[141.7099,39.02467],[141.7326,39.0184],[141.74471,38.9958],[141.742,38.98587],[141.71111,38.9964],[141.717,38.98186],[141.7099,38.98473],[141.6973,38.96933],[141.71741,38.96746],[141.72881,38.95293],[141.713,38.951],[141.7057,38.9392],[141.6893,38.94893],[141.68491,38.9688],[141.6694,38.97587],[141.6687,38.98967],[141.6817,38.99873],[141.66719,39.006],[141.62509,39.00107],[141.6322,38.971],[141.5681,38.99573],[141.491,38.99847],[141.4839,38.97847],[141.4938,38.9562],[141.4861,38.93513],[141.49159,38.91593],[141.4514,38.87667],[141.4525,38.86227],[141.46629,38.8572],[141.4502,38.83653],[141.45889,38.8148],[141.4297,38.81087],[141.43829,38.78333],[141.41071,38.76813],[141.41499,38.78573],[141.3945,38.79967],[141.38029,38.7964],[141.3531,38.8128],[141.3354,38.80727],[141.31039,38.82267],[141.3035,38.79327],[141.27361,38.79693],[141.255,38.76],[141.217,38.74953],[141.2047,38.77027],[141.1812,38.7848],[141.1694,38.7778],[141.13969,38.79],[141.1407,38.81393],[141.1244,38.81667],[141.1217,38.82647],[141.1059,38.8232],[141.1051,38.83767],[141.1218,38.8356],[141.1463,38.85593],[141.14011,38.87787],[141.108,38.878],[141.0939,38.88813],[141.04401,38.87727],[141.0208,38.8866],[140.9865,38.87553],[140.95801,38.90853],[140.92731,38.92153],[140.9158,38.9172],[140.9055,38.92887],[140.88139,38.92907],[140.8262,38.96353],[140.7739,38.95847],[140.7645,39.00013],[140.8103,39.0574],[140.8,39.06087],[140.8024,39.0778],[140.7529,39.08653],[140.76311,39.1086],[140.7561,39.11847],[140.7702,39.1244],[140.7496,39.13967],[140.77409,39.1678],[140.8085,39.18033],[140.7657,39.19773],[140.7632,39.21267],[140.7868,39.2268],[140.7888,39.238],[140.75169,39.26313],[140.7182,39.27293],[140.7179,39.29653],[140.6947,39.30013],[140.6991,39.32807],[140.70959,39.33033],[140.70419,39.343],[140.69031,39.34673],[140.6931,39.35847],[140.6769,39.3678],[140.6799,39.38153],[140.6541,39.39093],[140.6633,39.40487],[140.6586,39.41566],[140.68159,39.41987],[140.68311,39.45753],[140.7243,39.48067],[140.714,39.4984],[140.74091,39.5348],[140.7307,39.56613],[140.7542,39.5708],[140.7641,39.58773],[140.78,39.59047],[140.7827,39.6044],[140.7957,39.60333],[140.8219,39.6498],[140.82291,39.6882],[140.7749,39.73487],[140.8046,39.7458],[140.8054,39.7568],[140.84779,39.79607],[140.8213,39.816],[140.787,39.8238],[140.783,39.86573],[140.79939,39.88206],[140.8261,39.88667],[140.85269,39.86647],[140.8781,39.87473],[140.8665,39.91473],[140.855,39.92373],[140.8577,39.95307],[140.8483,39.95973],[140.85519,40.04387],[140.8447,40.07367],[140.8718,40.0912],[140.88,40.10747],[140.8674,40.13127],[140.88319,40.15894],[140.8696,40.15993],[140.8605,40.1738],[140.89261,40.19267],[140.89619,40.214],[140.94209,40.2282],[140.9442,40.24607],[140.95529,40.2482],[140.9805,40.22013],[141.02631,40.22213],[141.0771,40.25293],[141.1046,40.25667],[141.10091,40.28153],[141.1393,40.30107],[141.2146,40.3148],[141.26129,40.3486],[141.278,40.34467],[141.29269,40.35227],[141.2941,40.36393],[141.3174,40.37327],[141.33659,40.36067],[141.3351,40.34553],[141.35139,40.33154],[141.37711,40.33927],[141.3976,40.36767],[141.40829,40.35787],[141.44341,40.37627],[141.4809,40.37647],[141.5374,40.3478],[141.58189,40.37447]]],[[[141.9884,39.66893],[141.9861,39.66987],[141.9874,39.67193],[141.9899,39.66987],[141.9884,39.66893]]],[[[142.03799,39.41913],[142.03711,39.41987],[142.03951,39.41987],[142.03799,39.41913]]],[[[141.9968,39.3998],[141.9944,39.40073],[141.9968,39.4034],[142,39.40733],[141.9996,39.4036],[141.99991,39.40233],[141.9968,39.3998]]],[[[141.98579,39.30387],[141.9761,39.30767],[141.9884,39.30647],[141.98579,39.30387]]],[[[141.70959,38.9382],[141.70959,38.93953],[141.70911,38.94046],[141.711,38.94007],[141.7124,38.93887],[141.70959,38.9382]]]]}},{"type":"Feature","properties":{"id":31},"geometry":{"type":"MultiPolygon","coordinates":[[[[134.36951,35.6146],[134.403,35.59347],[134.4059,35.56847],[134.42081,35.56293],[134.425,35.54187],[134.41231,35.51533],[134.4299,35.5032],[134.4398,35.4428],[134.47951,35.42527],[134.4722,35.378],[134.51331,35.35393],[134.5022,35.3254],[134.51401,35.30706],[134.5146,35.27733],[134.4624,35.23667],[134.43401,35.22947],[134.39301,35.2526],[134.3208,35.2018],[134.2807,35.1966],[134.2605,35.2104],[134.21609,35.1896],[134.1937,35.18947],[134.1897,35.1762],[134.1718,35.16987],[134.1534,35.19487],[134.16251,35.22927],[134.1367,35.239],[134.1499,35.25853],[134.1387,35.279],[134.1149,35.28387],[134.0972,35.30587],[134.0696,35.2972],[134.0101,35.3076],[134,35.314],[134.0145,35.33367],[134.01421,35.3504],[133.93159,35.3338],[133.9249,35.30753],[133.8627,35.293],[133.8651,35.27313],[133.8441,35.24967],[133.8308,35.24893],[133.8176,35.25267],[133.7973,35.29413],[133.7451,35.31933],[133.6971,35.32653],[133.67821,35.3188],[133.64999,35.33587],[133.5957,35.34513],[133.5773,35.3154],[133.5592,35.2464],[133.5173,35.2406],[133.50529,35.2286],[133.5256,35.18293],[133.50101,35.19273],[133.4501,35.17233],[133.40781,35.1856],[133.3965,35.18093],[133.39259,35.16846],[133.4108,35.13533],[133.40289,35.11433],[133.3718,35.1128],[133.3546,35.10093],[133.3383,35.10667],[133.3208,35.0938],[133.2989,35.10353],[133.28801,35.096],[133.29041,35.07173],[133.2684,35.0578],[133.2468,35.07853],[133.23199,35.0776],[133.2283,35.0684],[133.136,35.06933],[133.14931,35.14093],[133.1944,35.16987],[133.1819,35.20087],[133.16859,35.209],[133.1544,35.2032],[133.1528,35.21914],[133.2581,35.26153],[133.30991,35.26847],[133.299,35.29153],[133.30569,35.30267],[133.2919,35.31966],[133.2948,35.34653],[133.3239,35.37427],[133.314,35.38673],[133.3205,35.40693],[133.30209,35.43507],[133.2215,35.48146],[133.19791,35.5264],[133.2175,35.54613],[133.2648,35.5516],[133.24409,35.5352],[133.25999,35.51987],[133.2509,35.5158],[133.26401,35.4982],[133.312,35.47026],[133.3932,35.45353],[133.4248,35.4602],[133.4456,35.494],[133.4968,35.51573],[133.567,35.53033],[133.58971,35.532],[133.6684,35.50693],[133.77161,35.50073],[133.9357,35.5128],[133.9592,35.52567],[133.99991,35.52526],[134.00729,35.53793],[134.0177,35.52106],[134.0777,35.5216],[134.2468,35.55193],[134.29201,35.5764],[134.29491,35.58993],[134.33411,35.59247],[134.33929,35.60773],[134.35789,35.60073],[134.369,35.6042],[134.36951,35.6146]]]]}},{"type":"Feature","properties":{"id":36},"geometry":{"type":"MultiPolygon","coordinates":[[[[134.5914,34.2144],[134.5928,34.24127],[134.6124,34.2504],[134.6151,34.232],[134.5914,34.2144]]],[[[134.6218,34.1858],[134.5876,34.207],[134.6218,34.21193],[134.616,34.23153],[134.64211,34.23947],[134.6218,34.1858]]],[[[134.4397,34.20787],[134.4733,34.20947],[134.5063,34.22573],[134.5717,34.22234],[134.5686,34.2362],[134.5835,34.23927],[134.5899,34.2378],[134.5829,34.20393],[134.6418,34.1802],[134.6037,34.11967],[134.6031,34.0852],[134.593,34.0648],[134.60629,34.062],[134.6031,34.052],[134.58569,34.05567],[134.59531,34.0494],[134.5853,34.03633],[134.6001,34.01867],[134.58839,34.01173],[134.61391,33.99673],[134.6049,33.9938],[134.6058,33.98267],[134.63251,33.99393],[134.6248,34.00587],[134.634,34.00973],[134.66771,33.9622],[134.6978,33.95007],[134.7058,33.92567],[134.6747,33.87967],[134.67461,33.8862],[134.65269,33.88234],[134.66051,33.87573],[134.6371,33.87287],[134.62851,33.85727],[134.6454,33.86593],[134.64281,33.84274],[134.6866,33.85233],[134.7193,33.8452],[134.6805,33.83014],[134.71921,33.83127],[134.74071,33.84193],[134.7495,33.83453],[134.6411,33.78853],[134.6412,33.78067],[134.6208,33.78667],[134.6019,33.76467],[134.5797,33.76994],[134.58099,33.76327],[134.5694,33.76173],[134.5665,33.73273],[134.55659,33.73433],[134.55701,33.745],[134.5433,33.7366],[134.54269,33.7198],[134.5166,33.70153],[134.438,33.663],[134.39551,33.65607],[134.3618,33.627],[134.38879,33.62327],[134.3679,33.60667],[134.3633,33.58887],[134.332,33.5844],[134.3622,33.58053],[134.31081,33.57634],[134.3064,33.56207],[134.31911,33.55567],[134.314,33.54573],[134.2822,33.56033],[134.2372,33.5526],[134.2197,33.56673],[134.1927,33.56153],[134.18471,33.5868],[134.1713,33.59613],[134.17419,33.60814],[134.15559,33.6116],[134.1492,33.62913],[134.1835,33.64887],[134.1711,33.65714],[134.1743,33.6836],[134.1218,33.69593],[134.0575,33.6908],[134.0696,33.71113],[134.06731,33.7262],[134.05611,33.75073],[134.05701,33.77953],[134.033,33.80887],[134.03239,33.82827],[133.9968,33.821],[133.98399,33.8408],[133.9604,33.83474],[133.9409,33.79913],[133.9131,33.79147],[133.8718,33.806],[133.83859,33.8446],[133.7468,33.8368],[133.73779,33.84947],[133.7009,33.8498],[133.664,33.8688],[133.66029,33.88353],[133.6774,33.8936],[133.6778,33.9096],[133.6891,33.91607],[133.67551,33.92633],[133.692,33.9458],[133.6918,33.962],[133.6745,33.98347],[133.68471,34.0032],[133.679,34.0124],[133.72031,34.022],[133.7283,34.0442],[133.7774,34.07813],[133.8157,34.07267],[133.82179,34.0922],[133.8329,34.09747],[133.8922,34.108],[133.90331,34.10067],[133.93851,34.11527],[133.9454,34.09193],[133.9718,34.07307],[133.9968,34.0738],[134.00931,34.08653],[134.0267,34.08653],[134.05031,34.11794],[134.0602,34.1114],[134.08011,34.12113],[134.1218,34.11867],[134.13789,34.1324],[134.1348,34.15133],[134.1456,34.16487],[134.1734,34.17673],[134.1956,34.1722],[134.2594,34.18333],[134.29111,34.17907],[134.29739,34.16853],[134.3139,34.17713],[134.34261,34.1724],[134.3493,34.18533],[134.4124,34.1568],[134.4334,34.16986],[134.4287,34.18307],[134.4397,34.20787]]],[[[134.6736,33.8596],[134.6711,33.8674],[134.6806,33.8682],[134.6736,33.8596]]],[[[134.6543,33.85434],[134.65359,33.86727],[134.6618,33.86613],[134.6543,33.85434]]],[[[134.7099,33.85287],[134.7086,33.85413],[134.7101,33.85767],[134.71049,33.85667],[134.7139,33.85673],[134.7099,33.85287]]],[[[134.80971,33.84034],[134.8071,33.8508],[134.8212,33.85607],[134.80971,33.84034]]],[[[134.7292,33.8474],[134.7325,33.85007],[134.7421,33.85173],[134.7292,33.8474]]],[[[134.79851,33.8424],[134.798,33.84427],[134.79761,33.8448],[134.7919,33.84587],[134.7957,33.8482],[134.80161,33.8436],[134.79851,33.8424]]],[[[134.8042,33.83927],[134.80321,33.83933],[134.8013,33.84193],[134.8037,33.84373],[134.8042,33.83927]]],[[[134.4968,33.63013],[134.4808,33.6366],[134.4847,33.64494],[134.50369,33.64073],[134.4968,33.63013]]],[[[134.4493,33.6374],[134.4446,33.6392],[134.44991,33.63887],[134.4493,33.6374]]],[[[134.4231,33.629],[134.4239,33.63567],[134.42599,33.63327],[134.4231,33.629]]],[[[134.32071,33.53973],[134.3172,33.54487],[134.3203,33.54514],[134.32071,33.53973]]]]}},{"type":"Feature","properties":{"id":46},"geometry":{"type":"MultiPolygon","coordinates":[[[[130.2142,32.25027],[130.2191,32.29167],[130.23421,32.2904],[130.22839,32.2978],[130.25529,32.30633],[130.26781,32.28027],[130.2343,32.26233],[130.2415,32.2532],[130.22549,32.262],[130.2142,32.25027]]],[[[130.16901,32.22573],[130.1581,32.2444],[130.1674,32.23927],[130.1716,32.2572],[130.188,32.268],[130.16901,32.22573]]],[[[130.1806,32.2618],[130.1787,32.26187],[130.17841,32.2652],[130.1806,32.2644],[130.1806,32.2618]]],[[[130.22701,32.2464],[130.224,32.25013],[130.22369,32.2532],[130.22701,32.2464]]],[[[130.1814,32.24014],[130.1803,32.24093],[130.185,32.24407],[130.18629,32.24413],[130.18291,32.24127],[130.1814,32.24014]]],[[[130.2038,32.20427],[130.20731,32.21167],[130.18781,32.2196],[130.1933,32.24393],[130.20979,32.22033],[130.2038,32.20427]]],[[[130.15781,32.0898],[130.1107,32.1258],[130.1149,32.15653],[130.0901,32.18],[130.0937,32.188],[130.10809,32.187],[130.0985,32.19427],[130.1218,32.20013],[130.104,32.20427],[130.11101,32.2068],[130.1062,32.2146],[130.13701,32.21353],[130.1562,32.19527],[130.14461,32.21674],[130.1546,32.2162],[130.1535,32.22807],[130.1626,32.21227],[130.17419,32.22913],[130.19031,32.198],[130.1996,32.19747],[130.18629,32.19053],[130.18449,32.16433],[130.2034,32.1696],[130.2086,32.1556],[130.17661,32.12793],[130.17101,32.13407],[130.1767,32.11773],[130.15781,32.0898]]],[[[130.1786,32.22527],[130.17931,32.22754],[130.18069,32.2276],[130.1812,32.22673],[130.1786,32.22527]]],[[[130.21561,32.22393],[130.2151,32.22493],[130.2188,32.22754],[130.2179,32.22547],[130.21561,32.22393]]],[[[130.59081,32.18587],[130.6098,32.18627],[130.6218,32.1558],[130.6507,32.15107],[130.6541,32.13547],[130.7197,32.1006],[130.7036,32.0784],[130.7025,32.0582],[130.7348,32.04793],[130.7774,32.01393],[130.7995,31.94933],[130.8658,31.933],[130.8974,31.8868],[130.91299,31.88567],[130.89349,31.87633],[130.8884,31.85147],[130.8746,31.84293],[130.8761,31.8154],[130.8835,31.8052],[130.9149,31.8044],[130.93111,31.7854],[130.9866,31.7792],[130.9894,31.7684],[130.97729,31.7532],[131.01421,31.74853],[131.01289,31.71153],[131.0271,31.69633],[131.0251,31.6662],[131.0531,31.63373],[131.07831,31.65967],[131.12759,31.62633],[131.1642,31.63907],[131.1877,31.62347],[131.1851,31.60927],[131.2038,31.57853],[131.18829,31.55733],[131.19859,31.51433],[131.1692,31.4998],[131.1595,31.4616],[131.144,31.4678],[131.1387,31.46107],[131.10899,31.476],[131.09399,31.45667],[131.0858,31.4618],[131.05569,31.44153],[131.01849,31.39133],[131.01711,31.35647],[131.1075,31.3308],[131.10359,31.3118],[131.073,31.29147],[131.0784,31.27233],[131.1218,31.28673],[131.131,31.2814],[131.1266,31.2752],[131.0659,31.22807],[131.0162,31.2278],[131.0022,31.18927],[130.9843,31.1798],[130.9944,31.16947],[130.9731,31.16687],[130.978,31.15253],[130.95981,31.1372],[130.8718,31.0948],[130.8127,31.0888],[130.7598,31.05493],[130.7468,31.06053],[130.7169,31.04513],[130.716,31.02653],[130.6826,31.02373],[130.6814,31.0032],[130.66859,31.00867],[130.6606,30.9942],[130.6555,31.00527],[130.6779,31.05287],[130.6734,31.0654],[130.65291,31.0694],[130.713,31.11453],[130.731,31.11747],[130.74699,31.1398],[130.7655,31.1796],[130.7529,31.21027],[130.78909,31.2532],[130.78951,31.30453],[130.8018,31.33653],[130.7567,31.42127],[130.7274,31.45187],[130.6976,31.46287],[130.69051,31.48813],[130.7059,31.53827],[130.6974,31.55527],[130.6797,31.5442],[130.67551,31.5528],[130.63609,31.54587],[130.5905,31.58653],[130.627,31.621],[130.67709,31.62913],[130.68401,31.6212],[130.69521,31.6248],[130.7157,31.60287],[130.70821,31.58233],[130.71899,31.56167],[130.7057,31.55687],[130.76421,31.56233],[130.78641,31.58653],[130.80009,31.63173],[130.8219,31.656],[130.7939,31.7018],[130.737,31.70673],[130.72881,31.72467],[130.7231,31.7178],[130.7164,31.72767],[130.68671,31.735],[130.6274,31.71307],[130.6089,31.68273],[130.618,31.65653],[130.5607,31.59567],[130.56979,31.5832],[130.55791,31.54627],[130.54671,31.549],[130.5376,31.52213],[130.5271,31.52327],[130.5361,31.51954],[130.5322,31.50687],[130.51759,31.5032],[130.5329,31.50093],[130.5303,31.484],[130.5136,31.49387],[130.51219,31.4776],[130.53169,31.4698],[130.5312,31.46227],[130.5117,31.4634],[130.52451,31.41367],[130.5381,31.3906],[130.5484,31.3962],[130.5571,31.3856],[130.547,31.37953],[130.54111,31.3856],[130.5704,31.3138],[130.6218,31.27553],[130.6667,31.26673],[130.64861,31.24167],[130.65491,31.21773],[130.6301,31.21147],[130.6272,31.20327],[130.6353,31.2098],[130.6449,31.2022],[130.6393,31.19127],[130.5938,31.17853],[130.5871,31.16987],[130.5955,31.16213],[130.5862,31.15587],[130.55431,31.17807],[130.5197,31.16513],[130.50571,31.17753],[130.5143,31.19727],[130.50751,31.21307],[130.4623,31.24987],[130.3531,31.25007],[130.31509,31.25693],[130.3071,31.26647],[130.29359,31.25947],[130.2908,31.26893],[130.2769,31.2466],[130.2368,31.25887],[130.2142,31.24907],[130.2182,31.2668],[130.2281,31.2678],[130.21381,31.27353],[130.2287,31.28047],[130.21291,31.28973],[130.2009,31.282],[130.19901,31.29693],[130.2195,31.29873],[130.22321,31.3104],[130.20871,31.32193],[130.2052,31.31407],[130.173,31.32347],[130.2054,31.33653],[130.20891,31.34687],[130.1994,31.35807],[130.1893,31.35447],[130.1884,31.3676],[130.1638,31.374],[130.13051,31.41133],[130.10561,31.41187],[130.1133,31.4232],[130.1353,31.41287],[130.1577,31.43973],[130.1692,31.41987],[130.17999,31.4228],[130.1875,31.41],[130.19211,31.4288],[130.19099,31.4098],[130.2247,31.3986],[130.27161,31.42593],[130.3121,31.49047],[130.3317,31.5552],[130.3307,31.61667],[130.3147,31.65827],[130.2977,31.6618],[130.2738,31.70593],[130.25281,31.7092],[130.26241,31.71453],[130.2518,31.73093],[130.21249,31.75527],[130.1855,31.74867],[130.1842,31.7696],[130.166,31.7938],[130.2231,31.91147],[130.2,31.98607],[130.17281,31.99153],[130.18201,31.99567],[130.17931,32.01567],[130.192,32.01573],[130.1882,32.03053],[130.2027,32.04073],[130.2058,32.05787],[130.1924,32.08387],[130.1805,32.07953],[130.1832,32.0716],[130.1716,32.07767],[130.17461,32.10453],[130.2231,32.12793],[130.2626,32.1188],[130.26559,32.12847],[130.2845,32.10867],[130.30811,32.108],[130.35139,32.1358],[130.3622,32.15113],[130.36,32.1678],[130.4035,32.11967],[130.45329,32.1134],[130.47481,32.12213],[130.476,32.13887],[130.5386,32.137],[130.5414,32.14927],[130.58141,32.1546],[130.5954,32.1768],[130.59081,32.18587]]],[[[130.1566,32.0858],[130.15601,32.08653],[130.15559,32.08733],[130.157,32.08653],[130.1566,32.0858]]],[[[130.1608,32.0322],[130.1617,32.03733],[130.1619,32.03667],[130.162,32.036],[130.1608,32.0322]]],[[[130.16451,32.02113],[130.1637,32.02887],[130.1705,32.02247],[130.16451,32.02113]]],[[[129.87129,31.8006],[129.8718,31.82067],[129.85649,31.82147],[129.8651,31.83287],[129.84489,31.8298],[129.84109,31.84953],[129.8643,31.85893],[129.8468,31.85533],[129.8419,31.86967],[129.8349,31.83787],[129.8203,31.84373],[129.81689,31.86127],[129.8345,31.88207],[129.8606,31.8786],[129.90939,31.8428],[129.9183,31.85133],[129.90739,31.86987],[129.931,31.86493],[129.923,31.8624],[129.93069,31.84993],[129.9191,31.84033],[129.9305,31.83653],[129.92661,31.82133],[129.90331,31.8248],[129.8994,31.81393],[129.87129,31.8006]]],[[[129.93069,31.86633],[129.93649,31.87027],[129.9379,31.87],[129.9393,31.86847],[129.93069,31.86633]]],[[[129.9584,31.86447],[129.9577,31.86687],[129.9599,31.86673],[129.96269,31.86573],[129.9584,31.86447]]],[[[129.97639,31.8606],[129.9736,31.86247],[129.9753,31.8622],[129.9769,31.86233],[129.97729,31.8614],[129.97639,31.8606]]],[[[129.8405,31.8204],[129.8387,31.82167],[129.83549,31.8252],[129.8387,31.8268],[129.8441,31.82907],[129.8418,31.82333],[129.8405,31.8204]]],[[[129.8277,31.77467],[129.81619,31.77873],[129.8103,31.799],[129.8381,31.81893],[129.8371,31.8032],[129.8448,31.8012],[129.82491,31.78973],[129.8277,31.77467]]],[[[129.71291,31.6216],[129.7057,31.63667],[129.6884,31.6216],[129.66499,31.63427],[129.6571,31.65853],[129.6812,31.66327],[129.69189,31.69107],[129.6875,31.70293],[129.6998,31.70607],[129.6963,31.71547],[129.70641,31.72307],[129.77361,31.7404],[129.7744,31.75807],[129.7881,31.76933],[129.78101,31.79073],[129.7988,31.78547],[129.7924,31.7772],[129.7999,31.76167],[129.7776,31.74433],[129.76869,31.71347],[129.758,31.70973],[129.7509,31.7178],[129.7377,31.7044],[129.7424,31.68687],[129.7242,31.66987],[129.73711,31.6552],[129.71179,31.6336],[129.71291,31.6216]]],[[[130.7132,31.69893],[130.711,31.70113],[130.71341,31.70107],[130.7139,31.69953],[130.7132,31.69893]]],[[[130.7209,31.61427],[130.7205,31.61573],[130.7226,31.6208],[130.7243,31.6204],[130.7209,31.61427]]],[[[131.11771,31.42527],[131.1144,31.42827],[131.1136,31.43027],[131.11591,31.43353],[131.11771,31.42527]]],[[[131.02451,31.36287],[131.021,31.37627],[131.0316,31.37747],[131.03481,31.3642],[131.02451,31.36287]]],[[[130.16161,31.35033],[130.1575,31.35453],[130.1664,31.36067],[130.16161,31.35033]]],[[[130.67529,31.2722],[130.6712,31.2764],[130.6759,31.28013],[130.6808,31.27747],[130.6808,31.27707],[130.67529,31.2722]]],[[[129.4753,31.19513],[129.47031,31.20173],[129.4711,31.2112],[129.4753,31.19513]]],[[[129.4341,31.17553],[129.4501,31.19933],[129.4474,31.17687],[129.4341,31.17553]]],[[[130.6721,30.99573],[130.67039,30.99613],[130.67171,30.99793],[130.67281,30.997],[130.6721,30.99573]]],[[[129.46761,30.8594],[129.46071,30.85947],[129.46449,30.86247],[129.466,30.8622],[129.4671,30.86113],[129.46761,30.8594]]],[[[129.9299,30.8118],[129.9113,30.81867],[129.90379,30.83853],[129.93759,30.8506],[129.96249,30.8352],[129.9523,30.81887],[129.9299,30.8118]]],[[[129.4274,30.84053],[129.42731,30.84433],[129.4328,30.84827],[129.43379,30.84787],[129.43311,30.8456],[129.4274,30.84053]]],[[[130.9483,30.6352],[130.9397,30.66987],[130.97881,30.7256],[130.9922,30.72507],[130.9903,30.74107],[131.0071,30.7646],[131.0022,30.78367],[131.0314,30.82287],[131.0439,30.824],[131.05521,30.83907],[131.0815,30.78367],[131.071,30.7636],[131.0775,30.69687],[131.0551,30.66987],[131.05411,30.60567],[131.03169,30.58653],[131.03391,30.56633],[131.0275,30.55507],[131.00011,30.54847],[130.9619,30.47973],[130.96809,30.4632],[130.9577,30.4594],[130.97839,30.43553],[130.96761,30.41827],[130.98019,30.3978],[130.96651,30.3942],[130.9669,30.37247],[130.9379,30.37527],[130.87131,30.3444],[130.8568,30.3694],[130.86501,30.40067],[130.8492,30.46754],[130.8718,30.46587],[130.92889,30.54393],[130.9502,30.58653],[130.9483,30.6352]]],[[[130.442,30.80033],[130.3959,30.81],[130.42551,30.81933],[130.4445,30.81013],[130.442,30.80033]]],[[[130.2773,30.77227],[130.261,30.78147],[130.2673,30.7928],[130.30161,30.80793],[130.3197,30.7954],[130.313,30.78073],[130.2758,30.78033],[130.2773,30.77227]]],[[[130.33861,30.8024],[130.33749,30.80253],[130.33949,30.80427],[130.34129,30.80413],[130.33861,30.8024]]],[[[130.8508,30.72533],[130.8362,30.72693],[130.8409,30.75013],[130.8558,30.76487],[130.8663,30.74153],[130.8508,30.72533]]],[[[130.2095,30.42147],[130.1909,30.4432],[130.1945,30.4604],[130.1689,30.4568],[130.1441,30.4902],[130.16721,30.48947],[130.1647,30.48207],[130.1794,30.48387],[130.1895,30.47207],[130.1989,30.48207],[130.2632,30.44793],[130.2603,30.43287],[130.23351,30.43467],[130.22861,30.42307],[130.2095,30.42147]]],[[[130.52161,30.22627],[130.4355,30.24027],[130.4207,30.2656],[130.41299,30.26507],[130.41211,30.29587],[130.3916,30.3202],[130.3759,30.37247],[130.3795,30.39293],[130.4164,30.3954],[130.4626,30.4358],[130.4631,30.45653],[130.49541,30.4554],[130.4968,30.46907],[130.4993,30.45227],[130.54179,30.4464],[130.59731,30.4102],[130.657,30.3894],[130.66971,30.37247],[130.6497,30.29547],[130.5817,30.23867],[130.52161,30.22627]]],[[[130.9688,30.41987],[130.96831,30.41987],[130.9682,30.4206],[130.9688,30.41987]]],[[[129.9308,29.949],[129.899,29.9754],[129.91499,30.0068],[129.9455,29.9604],[129.9308,29.949]]],[[[129.5425,29.8926],[129.5312,29.89633],[129.5304,29.9146],[129.552,29.9034],[129.5526,29.89467],[129.5425,29.8926]]],[[[129.61909,29.8766],[129.6162,29.8806],[129.6174,29.88473],[129.6203,29.8846],[129.6203,29.8812],[129.61909,29.8766]]],[[[129.8718,29.81607],[129.83659,29.84967],[129.83411,29.86353],[129.8494,29.8826],[129.8909,29.86967],[129.894,29.84473],[129.91679,29.81947],[129.8718,29.81607]]],[[[129.53529,29.67587],[129.5242,29.68587],[129.533,29.69627],[129.53529,29.67587]]],[[[129.7059,29.6022],[129.6913,29.61507],[129.68449,29.65367],[129.7412,29.66987],[129.7373,29.6372],[129.7059,29.6022]]],[[[129.60361,29.44453],[129.5835,29.46193],[129.593,29.47633],[129.60809,29.47174],[129.6188,29.45107],[129.60361,29.44453]]],[[[129.34261,29.2244],[129.3425,29.2298],[129.34621,29.2298],[129.3475,29.227],[129.34261,29.2244]]],[[[129.326,29.21793],[129.32021,29.21973],[129.31799,29.22353],[129.32361,29.2276],[129.3277,29.22753],[129.33031,29.22553],[129.326,29.21793]]],[[[129.2197,29.12673],[129.187,29.15487],[129.2189,29.15747],[129.2197,29.12673]]],[[[129.0004,28.8272],[128.9966,28.83247],[128.99699,28.83467],[129.0004,28.8272]]],[[[128.9949,28.79153],[128.972,28.80047],[128.9968,28.80587],[128.9949,28.79153]]],[[[129.64529,28.4334],[129.6546,28.42393],[129.6474,28.46767],[129.6651,28.43833],[129.6731,28.461],[129.6469,28.50287],[129.65601,28.49947],[129.6879,28.5298],[129.6942,28.49047],[129.7034,28.4764],[129.71741,28.4746],[129.7211,28.45807],[129.70799,28.42067],[129.7077,28.42847],[129.69409,28.41407],[129.66769,28.40773],[129.66409,28.39773],[129.6302,28.40633],[129.6132,28.39987],[129.56059,28.33247],[129.5331,28.3272],[129.5426,28.31013],[129.48109,28.28833],[129.4617,28.29607],[129.45461,28.29287],[129.45799,28.26487],[129.44209,28.2464],[129.4063,28.24913],[129.4449,28.22887],[129.4545,28.23213],[129.47459,28.20907],[129.4606,28.211],[129.4501,28.19493],[129.4025,28.19053],[129.4003,28.15347],[129.34889,28.17367],[129.33611,28.16813],[129.36391,28.14987],[129.3766,28.1094],[129.36571,28.1118],[129.3578,28.12553],[129.3669,28.12813],[129.35741,28.13547],[129.3475,28.1302],[129.3396,28.13773],[129.3318,28.1292],[129.2946,28.14833],[129.29581,28.1606],[129.28391,28.16447],[129.29649,28.16813],[129.2912,28.18187],[129.2814,28.17813],[129.289,28.18887],[129.2809,28.19707],[129.2728,28.1814],[129.2623,28.18247],[129.27229,28.20687],[129.2916,28.22267],[129.2639,28.21467],[129.2748,28.23207],[129.2616,28.2254],[129.25301,28.23267],[129.2471,28.21413],[129.2558,28.20467],[129.2468,28.20307],[129.2395,28.21727],[129.2162,28.22873],[129.21069,28.2186],[129.19501,28.2266],[129.18311,28.22133],[129.16859,28.24187],[129.15111,28.23627],[129.1337,28.25373],[129.1637,28.25467],[129.1799,28.26967],[129.2079,28.25193],[129.2124,28.26947],[129.2243,28.2726],[129.2468,28.26273],[129.2468,28.25247],[129.25391,28.2648],[129.27251,28.2608],[129.2742,28.27247],[129.2917,28.27407],[129.2923,28.28427],[129.26469,28.28933],[129.2637,28.27393],[129.2487,28.27453],[129.20981,28.3062],[129.2338,28.30767],[129.2843,28.3318],[129.3027,28.32933],[129.3118,28.33493],[129.30971,28.34913],[129.32449,28.34927],[129.3373,28.36713],[129.36571,28.35407],[129.3862,28.37287],[129.39819,28.35553],[129.40981,28.36353],[129.39391,28.3854],[129.44901,28.38147],[129.4615,28.4126],[129.47549,28.39967],[129.4881,28.41187],[129.4968,28.37993],[129.507,28.3998],[129.5217,28.39907],[129.51089,28.40714],[129.51711,28.4402],[129.54311,28.46194],[129.56059,28.44853],[129.57829,28.46713],[129.62109,28.477],[129.589,28.41353],[129.60001,28.41433],[129.60181,28.4304],[129.6153,28.43187],[129.6194,28.45],[129.62891,28.4356],[129.61839,28.4278],[129.6218,28.41593],[129.6369,28.4156],[129.64529,28.4334]]],[[[129.9445,28.27387],[129.91541,28.29507],[129.91879,28.3196],[129.9496,28.32587],[130.0083,28.3746],[130.0294,28.3714],[130.0332,28.35647],[130.01671,28.33653],[130.0005,28.33653],[130.00439,28.32953],[129.9767,28.2872],[129.9445,28.27387]]],[[[129.20731,28.28214],[129.1778,28.2964],[129.18311,28.30607],[129.2124,28.29613],[129.22079,28.28387],[129.20731,28.28214]]],[[[129.3174,28.06147],[129.32111,28.0952],[129.2906,28.08987],[129.28391,28.0624],[129.26151,28.07753],[129.26511,28.08653],[129.2518,28.1104],[129.21581,28.0758],[129.2092,28.08467],[129.22301,28.0974],[129.21181,28.126],[129.2188,28.13907],[129.194,28.14507],[129.1745,28.1868],[129.2077,28.20027],[129.2177,28.19027],[129.2375,28.19347],[129.23849,28.1848],[129.2301,28.19087],[129.202,28.18073],[129.2133,28.17387],[129.21111,28.1632],[129.22141,28.16653],[129.21941,28.15813],[129.2372,28.15053],[129.25279,28.15713],[129.25459,28.1738],[129.2585,28.15713],[129.261,28.17007],[129.2684,28.16713],[129.2738,28.151],[129.2438,28.14813],[129.26021,28.144],[129.2426,28.1384],[129.24431,28.1216],[129.27409,28.1412],[129.2594,28.1164],[129.2722,28.12353],[129.2726,28.11247],[129.286,28.12447],[129.2939,28.10687],[129.3013,28.121],[129.3199,28.1004],[129.3239,28.11273],[129.3439,28.11513],[129.35291,28.1026],[129.3382,28.0754],[129.3174,28.06147]]],[[[129.1693,28.19107],[129.1642,28.19213],[129.1657,28.1954],[129.1685,28.1976],[129.1718,28.19593],[129.1693,28.19107]]],[[[129.14909,28.127],[129.14641,28.127],[129.14751,28.13113],[129.14841,28.13167],[129.14909,28.127]]],[[[129.1731,28.10907],[129.16231,28.11553],[129.1676,28.12013],[129.1731,28.10907]]],[[[129.1481,28.01333],[129.1479,28.04907],[129.1705,28.06793],[129.177,28.049],[129.16451,28.0426],[129.16451,28.02213],[129.1481,28.01333]]],[[[129.2569,28.00507],[129.2325,28.02327],[129.2119,28.02193],[129.2049,28.0398],[129.2126,28.0542],[129.23531,28.03047],[129.2502,28.03953],[129.2543,28.02947],[129.267,28.03487],[129.26691,28.0144],[129.2569,28.00507]]],[[[129.27699,28.01913],[129.2708,28.02213],[129.2775,28.02233],[129.27699,28.01913]]],[[[129.25371,28.00073],[129.2525,28.00087],[129.2545,28.00307],[129.25481,28.00293],[129.2556,28.0008],[129.25371,28.00073]]],[[[128.90199,27.75253],[128.9059,27.76347],[128.88719,27.79193],[128.8905,27.81853],[128.8781,27.8256],[128.8923,27.859],[128.8887,27.88107],[128.9037,27.89327],[128.9707,27.89153],[128.9747,27.872],[128.9558,27.86293],[128.9702,27.85207],[128.96761,27.81773],[129.035,27.77127],[129.0309,27.7474],[129.01981,27.74113],[129.0201,27.7174],[129.0024,27.7042],[128.98601,27.6696],[128.9364,27.66073],[128.92169,27.66987],[128.9156,27.69533],[128.8811,27.72013],[128.90199,27.75253]]],[[[128.57629,27.40053],[128.5923,27.39653],[128.6293,27.40753],[128.6895,27.43953],[128.7123,27.4344],[128.6765,27.41347],[128.60631,27.34487],[128.5563,27.3288],[128.52299,27.361],[128.5218,27.38693],[128.5323,27.40447],[128.5553,27.39533],[128.57629,27.40053]]],[[[128.4426,27.0186],[128.39909,27.03487],[128.39619,27.05007],[128.4122,27.04787],[128.4182,27.06393],[128.43871,27.06507],[128.4534,27.0486],[128.4557,27.02733],[128.4426,27.0186]]],[[[129.73959,31.30931],[129.74042,31.3081],[129.73953,31.30851],[129.73959,31.30931]]],[[[129.41768,31.17276],[129.41892,31.17242],[129.41827,31.17092],[129.41768,31.17276]]],[[[129.42334,31.13653],[129.42357,31.13577],[129.42229,31.13546],[129.42334,31.13653]]],[[[129.73927,31.30691],[129.74016,31.30638],[129.73924,31.30659],[129.73927,31.30691]]],[[[129.41653,31.17253],[129.41704,31.17237],[129.41709,31.17158],[129.41661,31.17141],[129.41614,31.17152],[129.41619,31.17208],[129.41653,31.17253]]],[[[129.4251,30.83172],[129.42428,30.82876],[129.42256,30.82988],[129.4251,30.83172]]],[[[129.42698,30.83761],[129.42573,30.83895],[129.42953,30.83893],[129.42698,30.83761]]]]}},{"type":"Feature","properties":{"id":15},"geometry":{"type":"MultiPolygon","coordinates":[[[[139.5482,38.5534],[139.5988,38.5234],[139.6218,38.52567],[139.63789,38.51187],[139.72189,38.4966],[139.7245,38.4848],[139.71249,38.47967],[139.7179,38.4246],[139.7061,38.39187],[139.7225,38.39427],[139.7326,38.37187],[139.7531,38.35973],[139.7912,38.3492],[139.817,38.35587],[139.84891,38.343],[139.8988,38.29247],[139.9001,38.27607],[139.8765,38.26107],[139.8605,38.23167],[139.7867,38.19287],[139.71271,38.2066],[139.6992,38.20267],[139.6826,38.16987],[139.6933,38.11547],[139.6723,38.07707],[139.69141,38.0746],[139.69279,38.0572],[139.6555,38.03433],[139.6537,37.99647],[139.6396,37.98453],[139.6425,37.94633],[139.62489,37.91867],[139.62939,37.894],[139.65739,37.86367],[139.68111,37.8472],[139.7114,37.85453],[139.7415,37.81793],[139.6579,37.75473],[139.6497,37.73013],[139.6243,37.7098],[139.6273,37.68853],[139.54941,37.6488],[139.5488,37.61133],[139.56511,37.5976],[139.5661,37.54607],[139.59061,37.528],[139.58521,37.51307],[139.5643,37.50227],[139.52119,37.5144],[139.4754,37.50313],[139.4568,37.51813],[139.4285,37.5144],[139.41431,37.50953],[139.4062,37.466],[139.3976,37.46007],[139.3623,37.47007],[139.2813,37.45033],[139.2231,37.449],[139.1972,37.41093],[139.20979,37.3946],[139.2317,37.38773],[139.2336,37.34387],[139.2178,37.33427],[139.2242,37.31967],[139.2119,37.286],[139.16479,37.238],[139.19659,37.1942],[139.22121,37.209],[139.2534,37.1648],[139.2361,37.1162],[139.2601,37.04713],[139.24431,37.0146],[139.2551,36.98953],[139.241,36.94147],[139.23199,36.9406],[139.2373,36.94713],[139.2283,36.96133],[139.2052,36.95627],[139.1803,36.96467],[139.17191,37.00027],[139.1319,37.02673],[139.1218,37.04767],[139.097,37.0588],[139.09019,37.0196],[139.047,36.98747],[138.96649,36.97887],[138.979,36.89107],[138.9397,36.89513],[138.923,36.88347],[138.9162,36.851],[138.92841,36.8326],[138.88181,36.8258],[138.8549,36.81193],[138.8215,36.81707],[138.8313,36.79373],[138.82089,36.76407],[138.80119,36.76193],[138.7894,36.745],[138.7263,36.7638],[138.70261,36.73687],[138.6879,36.76587],[138.6692,36.77633],[138.6956,36.80753],[138.68021,36.8222],[138.6909,36.8572],[138.62669,36.8822],[138.6205,36.9034],[138.58949,36.91407],[138.5864,36.9874],[138.5658,37.0214],[138.5137,37.02973],[138.3947,36.99733],[138.34309,36.92093],[138.31841,36.92513],[138.2984,36.91307],[138.28889,36.8474],[138.27141,36.84307],[138.2682,36.86013],[138.2549,36.87],[138.2348,36.864],[138.21359,36.87027],[138.16589,36.8448],[138.1152,36.85047],[138.08411,36.83207],[138.0694,36.80494],[138.0528,36.80013],[138.0033,36.82667],[138.0186,36.84173],[138.01421,36.861],[138.0313,36.8782],[138.0318,36.88987],[138.0157,36.89327],[138.0137,36.90387],[137.96919,36.91093],[137.9623,36.90213],[137.92149,36.91987],[137.89529,36.91053],[137.8688,36.91607],[137.862,36.90854],[137.8714,36.90227],[137.8618,36.89227],[137.8764,36.8672],[137.8311,36.80893],[137.7625,36.7664],[137.74989,36.77947],[137.74921,36.808],[137.7299,36.82687],[137.7332,36.87007],[137.71359,36.89153],[137.7197,36.92633],[137.711,36.9446],[137.6675,36.95033],[137.6349,36.98033],[137.909,37.06],[137.9968,37.1134],[138.05099,37.13027],[138.1017,37.1744],[138.149,37.16213],[138.21631,37.16987],[138.2468,37.18153],[138.255,37.20753],[138.2495,37.18247],[138.3477,37.2494],[138.43629,37.32413],[138.554,37.37827],[138.59959,37.441],[138.6172,37.48367],[138.681,37.543],[138.7122,37.55807],[138.7468,37.604],[138.77609,37.66987],[138.7878,37.72587],[138.8165,37.7884],[138.84019,37.8142],[138.8718,37.841],[139.0719,37.94613],[139.0696,37.95233],[139.2305,37.9946],[139.3138,38.04947],[139.3718,38.106],[139.4274,38.17727],[139.43089,38.19114],[139.4238,38.18813],[139.45039,38.23893],[139.44099,38.24567],[139.4574,38.39647],[139.5181,38.5048],[139.5464,38.53727],[139.5482,38.5534]]],[[[139.2224,38.43694],[139.2151,38.43993],[139.2247,38.46533],[139.2558,38.4914],[139.26511,38.48873],[139.2468,38.45253],[139.2224,38.43694]]],[[[138.4848,38.33267],[138.4827,38.33287],[138.4808,38.33373],[138.4832,38.33653],[138.48441,38.33653],[138.4848,38.33267]]],[[[138.2449,37.80267],[138.21719,37.8104],[138.20599,37.82807],[138.2722,37.85193],[138.2887,37.8842],[138.27899,37.90647],[138.2849,37.91986],[138.34309,37.96447],[138.32539,37.994],[138.30139,38.007],[138.2744,38.0032],[138.2549,37.965],[138.22859,37.97953],[138.2338,38.00933],[138.2215,38.0222],[138.2395,38.03027],[138.23311,38.061],[138.24699,38.07594],[138.24229,38.08747],[138.2897,38.13407],[138.3251,38.19873],[138.37199,38.22013],[138.40131,38.2544],[138.42731,38.25433],[138.439,38.26553],[138.44299,38.292],[138.4623,38.31273],[138.45891,38.3214],[138.5146,38.33247],[138.5206,38.3224],[138.4928,38.204],[138.4505,38.14753],[138.4355,38.11647],[138.43491,38.08653],[138.4821,38.0624],[138.56239,38.08807],[138.5735,38.06347],[138.5464,38.00834],[138.5043,37.9464],[138.5002,37.92073],[138.48669,37.91787],[138.47031,37.89706],[138.4299,37.88113],[138.3549,37.8298],[138.3056,37.82706],[138.2449,37.80267]]],[[[138.2397,38.08373],[138.23981,38.08653],[138.23981,38.08667],[138.2408,38.08653],[138.2397,38.08373]]],[[[139.24989,38.49579],[139.24972,38.49462],[139.24955,38.49511],[139.24989,38.49579]]]]}},{"type":"Feature","properties":{"id":39},"geometry":{"type":"MultiPolygon","coordinates":[[[[133.5826,33.8676],[133.5974,33.88027],[133.62759,33.87213],[133.64551,33.883],[133.6602,33.8816],[133.6768,33.8586],[133.73779,33.84947],[133.7468,33.8368],[133.83859,33.8446],[133.8718,33.806],[133.9131,33.79147],[133.9409,33.79913],[133.9604,33.83474],[133.98399,33.8408],[133.9968,33.821],[134.03239,33.82827],[134.033,33.80887],[134.05701,33.77953],[134.05611,33.75073],[134.06731,33.7262],[134.0696,33.71113],[134.0575,33.6908],[134.1218,33.69593],[134.1743,33.6836],[134.1711,33.65714],[134.1835,33.64887],[134.1492,33.62913],[134.15559,33.6116],[134.17419,33.60814],[134.1713,33.59613],[134.18471,33.5868],[134.1927,33.56153],[134.2197,33.56673],[134.2372,33.5526],[134.2733,33.56047],[134.306,33.55273],[134.2413,33.46313],[134.2084,33.39473],[134.21291,33.38353],[134.17661,33.24347],[134.1492,33.28607],[134.13831,33.2958],[134.1086,33.29587],[134.1021,33.327],[134.05341,33.36767],[134.0387,33.37047],[134.03059,33.4122],[133.9592,33.4422],[133.9343,33.4866],[133.8196,33.51513],[133.7686,33.51553],[133.75459,33.51987],[133.7556,33.53167],[133.729,33.53807],[133.60091,33.5192],[133.56441,33.5008],[133.57111,33.53627],[133.56039,33.55253],[133.5601,33.53907],[133.55141,33.53707],[133.56059,33.5302],[133.5459,33.51787],[133.5585,33.49833],[133.57741,33.50087],[133.5739,33.49567],[133.45731,33.4458],[133.4467,33.45153],[133.4317,33.43694],[133.4247,33.44887],[133.3981,33.44487],[133.4054,33.43233],[133.3692,33.43033],[133.34981,33.41573],[133.3633,33.4156],[133.3591,33.4078],[133.36571,33.40707],[133.3718,33.425],[133.38411,33.4112],[133.3835,33.42027],[133.3923,33.41693],[133.39619,33.4246],[133.4026,33.41447],[133.41589,33.43893],[133.43159,33.42667],[133.44211,33.43913],[133.46159,33.43087],[133.4572,33.41987],[133.42911,33.4152],[133.42731,33.40767],[133.41161,33.41067],[133.40579,33.39734],[133.38991,33.40574],[133.3756,33.3998],[133.37711,33.39267],[133.3718,33.40153],[133.34261,33.39853],[133.3295,33.38727],[133.3304,33.3626],[133.3181,33.355],[133.31129,33.36567],[133.3223,33.36447],[133.32381,33.37753],[133.29961,33.3744],[133.28911,33.382],[133.30389,33.39053],[133.2886,33.40533],[133.2939,33.38833],[133.2773,33.38513],[133.28081,33.37687],[133.2583,33.36507],[133.26331,33.34033],[133.2309,33.32353],[133.2603,33.31013],[133.2379,33.29587],[133.2446,33.293],[133.2419,33.2758],[133.2583,33.27993],[133.2628,33.2576],[133.2468,33.2482],[133.2558,33.22607],[133.2384,33.21627],[133.2399,33.19693],[133.2157,33.1926],[133.2097,33.1828],[133.2238,33.16986],[133.2139,33.16473],[133.2224,33.15313],[133.20779,33.14907],[133.2048,33.16573],[133.19141,33.16713],[133.17,33.1502],[133.14101,33.09713],[133.10429,33.07247],[133.0937,33.02333],[133.0724,33.03627],[133.0396,33.03786],[133.01111,33.01506],[132.9921,32.95167],[132.9994,32.94373],[132.9953,32.92393],[133.00821,32.91173],[133.0087,32.88193],[132.9931,32.86233],[132.957,32.85813],[132.95399,32.86453],[132.94859,32.85647],[132.95911,32.82953],[132.95219,32.81273],[132.9644,32.79913],[133.0011,32.78727],[133.01671,32.76167],[133.01981,32.7238],[133.00259,32.72173],[132.9861,32.73327],[132.96631,32.72913],[132.9706,32.7468],[132.9525,32.7642],[132.9691,32.77727],[132.9557,32.77867],[132.9454,32.76493],[132.93961,32.77367],[132.94701,32.77974],[132.9357,32.78653],[132.9196,32.77807],[132.9113,32.7872],[132.8804,32.78973],[132.8784,32.7696],[132.8688,32.7658],[132.8708,32.7854],[132.8613,32.79027],[132.80229,32.74713],[132.77029,32.76167],[132.75639,32.7532],[132.71089,32.79833],[132.6835,32.79453],[132.69679,32.78453],[132.6546,32.78074],[132.65021,32.76613],[132.62801,32.76373],[132.6389,32.76827],[132.6335,32.78313],[132.6438,32.78687],[132.6261,32.79573],[132.6557,32.80093],[132.64,32.80847],[132.644,32.82],[132.65781,32.82533],[132.6613,32.84053],[132.67281,32.8412],[132.65601,32.8528],[132.6954,32.88647],[132.7056,32.8882],[132.7057,32.8756],[132.72079,32.88047],[132.70399,32.89453],[132.7202,32.89707],[132.71049,32.89987],[132.71541,32.9104],[132.7075,32.92587],[132.69901,32.91753],[132.6956,32.9282],[132.6862,32.91987],[132.6546,32.92487],[132.65179,32.93907],[132.6779,32.9432],[132.6908,32.97387],[132.6754,33.03967],[132.657,33.057],[132.6687,33.07167],[132.6627,33.10893],[132.62891,33.13233],[132.63071,33.15007],[132.6142,33.16933],[132.6189,33.18087],[132.6349,33.18633],[132.6338,33.17827],[132.6869,33.13486],[132.6955,33.13833],[132.7278,33.16986],[132.74091,33.20066],[132.77499,33.2062],[132.7724,33.24167],[132.7933,33.27453],[132.8546,33.2922],[132.8998,33.32067],[132.895,33.34874],[132.8606,33.36747],[132.853,33.39807],[132.83569,33.39953],[132.8335,33.41987],[132.8244,33.4236],[132.825,33.4462],[132.8063,33.46047],[132.8474,33.47907],[132.9557,33.46627],[133.0148,33.4808],[133.03799,33.5266],[133.063,33.54347],[133.0612,33.562],[133.04601,33.5754],[133.0553,33.595],[133.07899,33.6086],[133.0676,33.61993],[133.0768,33.6534],[133.1161,33.66034],[133.1201,33.69107],[133.14439,33.70553],[133.1394,33.7154],[133.16051,33.7314],[133.1573,33.7502],[133.1821,33.76673],[133.19321,33.79367],[133.2205,33.78027],[133.2365,33.7828],[133.2569,33.79427],[133.2767,33.8308],[133.32581,33.81453],[133.35519,33.8342],[133.3914,33.82467],[133.41541,33.83967],[133.4968,33.82933],[133.53909,33.8774],[133.5567,33.88207],[133.5826,33.8676]]],[[[134.2968,33.5374],[134.2968,33.53993],[134.2998,33.53907],[134.2986,33.53747],[134.2968,33.5374]]],[[[134.3121,33.53713],[134.30971,33.53787],[134.3083,33.53927],[134.3125,33.53873],[134.3121,33.53713]]],[[[133.302,33.3574],[133.29761,33.36053],[133.3026,33.3616],[133.302,33.3574]]],[[[133.3105,33.35593],[133.3045,33.35713],[133.3049,33.35793],[133.3096,33.3576],[133.3105,33.35593]]],[[[133.3219,33.3474],[133.31891,33.35213],[133.3212,33.35067],[133.3231,33.35007],[133.3219,33.3474]]],[[[132.70461,32.91987],[132.70309,32.91987],[132.7021,32.9222],[132.70461,32.91987]]],[[[132.6637,32.91706],[132.6626,32.91987],[132.66161,32.92053],[132.66389,32.91987],[132.66541,32.91793],[132.6637,32.91706]]],[[[132.6568,32.91426],[132.6524,32.9146],[132.6562,32.91833],[132.6568,32.91426]]],[[[132.6956,32.91007],[132.687,32.91827],[132.7028,32.91747],[132.6956,32.91007]]],[[[132.4816,32.79633],[132.4857,32.80674],[132.4987,32.80507],[132.4816,32.79633]]],[[[132.6179,32.7658],[132.6218,32.7718],[132.6282,32.76753],[132.6179,32.7658]]],[[[132.5426,32.70227],[132.5499,32.71413],[132.53439,32.73093],[132.5462,32.73853],[132.5441,32.7546],[132.5708,32.7356],[132.5714,32.717],[132.5426,32.70227]]],[[[132.60201,32.7446],[132.5976,32.74547],[132.60049,32.74807],[132.6031,32.74627],[132.60201,32.7446]]],[[[132.483,32.7342],[132.4872,32.74014],[132.4897,32.73647],[132.483,32.7342]]]]}},{"type":"Feature","properties":{"id":45},"geometry":{"type":"MultiPolygon","coordinates":[[[[131.50771,32.774],[131.56641,32.75427],[131.5916,32.77514],[131.6682,32.76667],[131.70779,32.7716],[131.7287,32.7996],[131.7368,32.83287],[131.7674,32.83847],[131.78641,32.83347],[131.793,32.82187],[131.82381,32.82967],[131.8343,32.81953],[131.85789,32.82133],[131.8439,32.77507],[131.84711,32.73613],[131.8851,32.74567],[131.8739,32.73333],[131.8588,32.73313],[131.8643,32.7162],[131.8493,32.71913],[131.8504,32.69333],[131.83861,32.6916],[131.8259,32.70627],[131.817,32.70373],[131.8152,32.68767],[131.79291,32.67773],[131.7901,32.66293],[131.77811,32.67413],[131.7627,32.65854],[131.7692,32.65107],[131.76331,32.64187],[131.7502,32.64553],[131.75681,32.63553],[131.77139,32.64233],[131.7724,32.63393],[131.7536,32.60167],[131.7081,32.58653],[131.69319,32.56773],[131.6828,32.5444],[131.6848,32.50847],[131.6916,32.5146],[131.69949,32.50587],[131.6982,32.51553],[131.71339,32.51967],[131.70979,32.5022],[131.72771,32.4926],[131.69411,32.46927],[131.6769,32.47334],[131.6783,32.4834],[131.65829,32.4826],[131.6496,32.45733],[131.6559,32.447],[131.6414,32.4388],[131.6503,32.4346],[131.6633,32.449],[131.66141,32.4362],[131.67059,32.43713],[131.67351,32.45387],[131.6776,32.43007],[131.6541,32.42707],[131.6879,32.4226],[131.642,32.407],[131.63051,32.3816],[131.63499,32.37153],[131.6218,32.36013],[131.6274,32.34293],[131.61079,32.33847],[131.5831,32.28693],[131.4632,31.9138],[131.4816,31.91987],[131.46179,31.90673],[131.4537,31.81813],[131.4874,31.78553],[131.468,31.7532],[131.46741,31.72087],[131.4575,31.70927],[131.45551,31.6956],[131.4678,31.6864],[131.44949,31.6798],[131.46851,31.64513],[131.4585,31.64673],[131.4561,31.62427],[131.42351,31.60887],[131.4106,31.5924],[131.41139,31.56987],[131.4001,31.58153],[131.3903,31.56347],[131.3956,31.55753],[131.3811,31.5552],[131.3844,31.51047],[131.3718,31.51747],[131.37221,31.5068],[131.3851,31.49993],[131.388,31.48467],[131.36169,31.46987],[131.3707,31.43073],[131.3318,31.3952],[131.33321,31.38187],[131.3488,31.3718],[131.33659,31.36073],[131.3176,31.36847],[131.30859,31.39033],[131.255,31.3802],[131.2359,31.40434],[131.2411,31.42673],[131.2278,31.424],[131.20351,31.45353],[131.17461,31.45],[131.16029,31.45967],[131.1692,31.4998],[131.19859,31.51433],[131.18829,31.55733],[131.2038,31.57853],[131.1851,31.60927],[131.1877,31.62347],[131.1642,31.63907],[131.1496,31.6298],[131.1149,31.62987],[131.07831,31.65967],[131.0531,31.63373],[131.0251,31.6662],[131.0271,31.69633],[131.01289,31.71153],[131.01421,31.74853],[130.97729,31.7532],[130.9894,31.7684],[130.9866,31.7792],[130.93111,31.7854],[130.9149,31.8044],[130.8835,31.8052],[130.8761,31.8154],[130.8746,31.84293],[130.8884,31.85147],[130.89349,31.87633],[130.91299,31.88567],[130.8974,31.8868],[130.8658,31.933],[130.7995,31.94933],[130.7774,32.01393],[130.7348,32.04793],[130.703,32.05747],[130.7036,32.0784],[130.7343,32.10873],[130.7417,32.09827],[130.82021,32.09487],[130.83861,32.10667],[130.85651,32.09953],[130.9044,32.13313],[130.9328,32.1162],[130.9724,32.12113],[130.9722,32.13367],[131.0127,32.1738],[131.0583,32.15533],[131.0963,32.1528],[131.10811,32.15993],[131.0997,32.2014],[131.0827,32.20713],[131.06821,32.22513],[131.0708,32.23673],[131.0415,32.2502],[131.05209,32.266],[131.05029,32.28627],[131.0779,32.28127],[131.1105,32.32847],[131.0934,32.35013],[131.0735,32.35747],[131.0782,32.37333],[131.0665,32.4074],[131.04221,32.40907],[131.019,32.43947],[131.0062,32.49253],[131.0098,32.51547],[131.0249,32.52087],[131.0186,32.54907],[131.039,32.55653],[131.05029,32.58653],[131.1073,32.58307],[131.11931,32.60574],[131.1162,32.64273],[131.1429,32.67607],[131.1747,32.67253],[131.1788,32.71113],[131.23419,32.7442],[131.2444,32.77133],[131.23441,32.78113],[131.26489,32.8262],[131.3396,32.83313],[131.3483,32.81053],[131.36549,32.8034],[131.42039,32.81173],[131.4375,32.82853],[131.4744,32.83713],[131.5168,32.80027],[131.50771,32.774]]],[[[131.84441,32.68093],[131.84401,32.68613],[131.8445,32.68233],[131.84441,32.68093]]],[[[131.82451,32.65553],[131.80769,32.66987],[131.83479,32.66987],[131.82451,32.65553]]],[[[131.8217,32.6536],[131.82069,32.654],[131.821,32.65474],[131.8224,32.65453],[131.8217,32.6536]]],[[[131.7027,32.47293],[131.7028,32.47487],[131.70419,32.4748],[131.7036,32.47374],[131.7034,32.47347],[131.7027,32.47293]]],[[[131.6655,32.46433],[131.6657,32.4656],[131.6665,32.4696],[131.6684,32.47013],[131.6692,32.46707],[131.66949,32.4644],[131.6655,32.46433]]],[[[131.7294,32.46313],[131.7296,32.46587],[131.7303,32.466],[131.7319,32.4644],[131.7294,32.46313]]],[[[131.4725,31.737],[131.4691,31.73873],[131.47121,31.74027],[131.4726,31.73967],[131.4725,31.737]]],[[[131.41721,31.5118],[131.4025,31.52987],[131.40849,31.5414],[131.41721,31.5118]]],[[[131.38811,31.50093],[131.3886,31.5032],[131.3893,31.5032],[131.38811,31.50093]]],[[[131.3898,31.47327],[131.38651,31.4774],[131.38831,31.4794],[131.3898,31.47933],[131.39149,31.474],[131.3898,31.47327]]],[[[131.3772,31.4488],[131.3718,31.4506],[131.3718,31.45207],[131.37199,31.45193],[131.3719,31.4526],[131.3774,31.4564],[131.3772,31.4488]]]]}},{"type":"Feature","properties":{"id":14},"geometry":{"type":"MultiPolygon","coordinates":[[[[139.131,35.6718],[139.1617,35.66787],[139.1799,35.64553],[139.2009,35.65247],[139.2157,35.64606],[139.2204,35.62567],[139.2529,35.60187],[139.2822,35.613],[139.3414,35.6048],[139.39861,35.5844],[139.45801,35.52806],[139.4678,35.5022],[139.485,35.50386],[139.47771,35.51213],[139.48669,35.53553],[139.48041,35.55767],[139.4702,35.56067],[139.47321,35.57627],[139.49001,35.58406],[139.48289,35.57127],[139.48959,35.56153],[139.5072,35.57573],[139.4653,35.60913],[139.4532,35.60493],[139.4493,35.6118],[139.463,35.62493],[139.4968,35.6048],[139.4951,35.61747],[139.5146,35.6248],[139.52541,35.64267],[139.6192,35.61346],[139.6653,35.58893],[139.6783,35.5634],[139.7025,35.55387],[139.7018,35.5372],[139.75751,35.5442],[139.78979,35.52667],[139.79424,35.51178],[139.77631,35.50953],[139.752,35.53307],[139.76491,35.5116],[139.7518,35.50947],[139.7514,35.52367],[139.73801,35.51467],[139.7493,35.50846],[139.7339,35.50047],[139.7375,35.51393],[139.72501,35.51693],[139.7318,35.49953],[139.72031,35.49427],[139.7142,35.5032],[139.72279,35.50827],[139.71161,35.5032],[139.71811,35.49353],[139.6963,35.48387],[139.68851,35.4952],[139.6929,35.48247],[139.6819,35.4732],[139.6684,35.4678],[139.67081,35.478],[139.64481,35.4758],[139.63216,35.46595],[139.63885,35.4629],[139.63271,35.452],[139.66591,35.44933],[139.66029,35.4412],[139.6743,35.4496],[139.66901,35.43924],[139.6813,35.44113],[139.67551,35.43147],[139.6907,35.4392],[139.66971,35.40273],[139.6526,35.4128],[139.63181,35.41053],[139.64549,35.40287],[139.6221,35.396],[139.63551,35.3922],[139.632,35.38227],[139.6534,35.38727],[139.64549,35.3778],[139.65651,35.37267],[139.657,35.3416],[139.6225,35.332],[139.634,35.32193],[139.6339,35.331],[139.6608,35.32813],[139.6436,35.30773],[139.6371,35.31167],[139.634,35.29507],[139.6425,35.29913],[139.6606,35.28313],[139.66141,35.2998],[139.6718,35.30093],[139.6805,35.2902],[139.6721,35.2866],[139.69099,35.26727],[139.7325,35.2656],[139.7466,35.2532],[139.7272,35.23953],[139.71761,35.24713],[139.72951,35.2292],[139.71381,35.22153],[139.72501,35.21187],[139.6852,35.20654],[139.65651,35.185],[139.66431,35.1584],[139.681,35.15154],[139.67799,35.13933],[139.6671,35.1464],[139.65761,35.13787],[139.6109,35.141],[139.61551,35.15033],[139.60699,35.15434],[139.6196,35.15533],[139.6107,35.16293],[139.6268,35.1628],[139.61659,35.16987],[139.61591,35.18987],[139.59979,35.1948],[139.6091,35.21027],[139.623,35.20747],[139.6275,35.21547],[139.605,35.22293],[139.5923,35.24633],[139.5764,35.2532],[139.5676,35.26687],[139.56931,35.29367],[139.55211,35.29447],[139.53551,35.3088],[139.5253,35.30167],[139.4886,35.30787],[139.47771,35.29753],[139.4765,35.31153],[139.438,35.31887],[139.33009,35.31213],[139.2468,35.29153],[139.14771,35.24067],[139.1373,35.1788],[139.1452,35.16867],[139.14191,35.15273],[139.161,35.141],[139.1326,35.15026],[139.1024,35.14074],[139.0287,35.1506],[139.02611,35.17553],[138.98759,35.2012],[138.976,35.2356],[138.9752,35.26173],[139.00481,35.28967],[139.01869,35.3298],[138.9994,35.3818],[139.00171,35.3988],[138.9162,35.40053],[138.9174,35.41],[138.9294,35.42086],[138.92799,35.4368],[138.9543,35.45993],[139.0266,35.4808],[139.0461,35.50973],[139.08521,35.51207],[139.1088,35.53226],[139.11189,35.5498],[139.1291,35.56373],[139.1216,35.58653],[139.13429,35.61626],[139.1239,35.62387],[139.12711,35.6398],[139.1178,35.65313],[139.131,35.6718]]],[[[139.74561,35.48493],[139.7363,35.4944],[139.7785,35.5044],[139.74561,35.48493]]],[[[139.7146,35.48587],[139.7345,35.49473],[139.74188,35.47701],[139.71271,35.46407],[139.7002,35.4786],[139.7146,35.48587]]],[[[139.653,35.46347],[139.64182,35.47186],[139.65041,35.4744],[139.653,35.46347]]],[[[139.6956,35.4496],[139.6727,35.4652],[139.6925,35.472],[139.6949,35.46367],[139.6848,35.45887],[139.6978,35.46187],[139.7027,35.45513],[139.6956,35.4496]]],[[[139.64494,35.45096],[139.63577,35.45536],[139.64243,35.45704],[139.64494,35.45096]]],[[[139.67471,35.39967],[139.68011,35.40998],[139.69217,35.41],[139.67471,35.39967]]],[[[139.69141,35.40088],[139.69131,35.40093],[139.69511,35.40749],[139.69141,35.40088]]],[[[139.64349,35.33434],[139.6459,35.33867],[139.646,35.33653],[139.64349,35.33434]]],[[[139.6501,35.2942],[139.64391,35.30007],[139.65199,35.3074],[139.6501,35.2942]]],[[[139.6295,35.12867],[139.6105,35.1326],[139.6169,35.13567],[139.6295,35.12867]]]]}}]}